time_ms,soma_mv,path100_mv,path200_mv,path300_mv,path400_mv,contact_mv
0.005,-80.0049717799,-80.0059464479,-80.0059818281,-80.006092122,-80.0059627207,-80.0060591162
0.01,-80.0099487854,-80.0118764774,-80.0119697382,-80.012139136,-80.0119147241,-80.0120420953
0.015,-80.0149279937,-80.0178002983,-80.0179502094,-80.0181657097,-80.0178771258,-80.0180097069
0.02,-80.0199075632,-80.0237200132,-80.0239228184,-80.0241802096,-80.0238470747,-80.0239735035
0.025,-80.0248864048,-80.0296352212,-80.0298879984,-80.0301858886,-80.0298214925,-80.029937442
0.03,-80.029863855,-80.0355453902,-80.0358461478,-80.0361842028,-80.0357981396,-80.0359026198
0.035,-80.0348394891,-80.0414501305,-80.0417975621,-80.0421758804,-80.0417754017,-80.041868941
0.04,-80.0398130209,-80.0473491678,-80.047742457,-80.0481613301,-80.0477520719,-80.0478358304
0.045,-80.0447842496,-80.0532422942,-80.053680992,-80.0541408091,-80.0537272183,-80.0538025647
0.05,-80.0497530284,-80.0591293353,-80.0596132857,-80.060114496,-80.0597001071,-80.059768423
0.055,-80.0547192474,-80.0650101321,-80.0655394272,-80.0660825228,-80.0656701538,-80.0657327514
0.06,-80.0596828218,-80.0708845325,-80.0714594841,-80.0720449916,-80.0716368898,-80.0716949834
0.065,-80.0646436853,-80.076752388,-80.0773735084,-80.0780019825,-80.0775999378,-80.0776546404
0.07,-80.0696017847,-80.0826135535,-80.0832815414,-80.0839535587,-80.0835589931,-80.0836113237
0.075,-80.0745570771,-80.0884678886,-80.0891836171,-80.0898997703,-80.0895138093,-80.0895647036
0.08,-80.079509527,-80.094315259,-80.0950797646,-80.0958406562,-80.0954641868,-80.0955145078
0.085,-80.0844591048,-80.100155538,-80.1009700099,-80.1017762469,-80.1014099636,-80.1014605114
0.09,-80.0894057859,-80.105988608,-80.1068543773,-80.1077065652,-80.1073510082,-80.1074025279
0.095,-80.0943495489,-80.1118143611,-80.11273289,-80.1136316282,-80.1132872137,-80.1133404022
0.1,-80.0992903758,-80.1176326995,-80.1186055706,-80.119551448,-80.1192184934,-80.1192740042
0.105,-80.1042282506,-80.1234435364,-80.1244724418,-80.125466033,-80.1251447766,-80.1252032241
0.11,-80.1091631595,-80.1292467954,-80.1303335261,-80.1313753882,-80.1310660059,-80.1311279687
0.115,-80.1140950902,-80.1350424104,-80.1361888462,-80.1372795165,-80.1369821348,-80.1370481579
0.12,-80.1190240318,-80.1408303252,-80.1420384251,-80.1431784184,-80.1428931256,-80.1429637224
0.125,-80.1239499746,-80.1466104931,-80.1478822858,-80.149072093,-80.1487989475,-80.1488746019
0.13,-80.1288729097,-80.1523828763,-80.1537204515,-80.1549605384,-80.1546995761,-80.1547807431
0.135,-80.1337928291,-80.1581474453,-80.1595529455,-80.1608437517,-80.1605949913,-80.1606820992
0.14,-80.1387097255,-80.1639041782,-80.1653797911,-80.1667217291,-80.1664851775,-80.166578628
0.145,-80.1436235923,-80.16965306,-80.1712010115,-80.1725944669,-80.172370122,-80.1724702918
0.15,-80.1485344234,-80.1753940822,-80.1770166299,-80.1784619605,-80.178249815,-80.1783570565
0.155,-80.153442213,-80.1811272421,-80.1828266694,-80.1843242057,-80.1841242489,-80.1842388911
0.16,-80.1583469559,-80.1868525424,-80.1886311527,-80.1901811979,-80.1899934178,-80.1901157675
0.165,-80.1632486474,-80.1925699902,-80.1944301024,-80.1960329326,-80.1958573177,-80.1959876599
0.17,-80.168147283,-80.1982795971,-80.2002235408,-80.2018794055,-80.2017159455,-80.2018545446
0.175,-80.1730428584,-80.2039813784,-80.2060114899,-80.2077206123,-80.2075692995,-80.2077163999
0.18,-80.1779353698,-80.2096753528,-80.2117939712,-80.2135565491,-80.2134173787,-80.2135732058
0.185,-80.1828248136,-80.215361542,-80.217571006,-80.2193872119,-80.219260183,-80.2194249441
0.19,-80.1877111863,-80.2210399701,-80.2233426151,-80.2252125972,-80.2250977129,-80.2252715978
0.195,-80.1925944849,-80.2267106638,-80.229108819,-80.2310327017,-80.2309299695,-80.2311131514
0.2,-80.1974747063,-80.2323736518,-80.2348696375,-80.2368475222,-80.2367569544,-80.2369495907
0.205,-80.2023518479,-80.2380289642,-80.2406250903,-80.242657056,-80.2425786694,-80.2427809025
0.21,-80.2072259069,-80.243676633,-80.2463751963,-80.2484613004,-80.2483951171,-80.2486070749
0.215,-80.2120968811,-80.2493166914,-80.2521199743,-80.2542602533,-80.2542063,-80.254428097
0.22,-80.2169647681,-80.2549491735,-80.2578594422,-80.2600539125,-80.260012221,-80.2602439587
0.225,-80.2218295659,-80.2605741146,-80.263593618,-80.2658422763,-80.2658128833,-80.2660546511
0.23,-80.2266912725,-80.2661915507,-80.2693225187,-80.2716253432,-80.2716082903,-80.2718601659
0.235,-80.2315498861,-80.2718015181,-80.2750461611,-80.277403112,-80.2773984456,-80.2776604959
0.24,-80.236405405,-80.2774040541,-80.2807645616,-80.2831755815,-80.2831833529,-80.2834556344
0.245,-80.2412578275,-80.2829991961,-80.2864777361,-80.288942751,-80.2889630161,-80.2892455755
0.25,-80.2461071522,-80.2885869817,-80.2921856998,-80.2947046199,-80.2947374393,-80.2950303142
0.255,-80.2509533778,-80.294167449,-80.2978884679,-80.300461188,-80.3005066266,-80.3008098458
0.26,-80.2557965029,-80.2997406358,-80.3035860549,-80.3062124549,-80.3062705823,-80.3065841666
0.265,-80.2606365265,-80.3053065804,-80.3092784748,-80.3119584209,-80.3120293109,-80.3123532732
0.27,-80.2654734474,-80.3108653207,-80.3149657415,-80.3176990862,-80.3177828167,-80.3181171628
0.275,-80.2703072647,-80.3164168946,-80.3206478681,-80.3234344512,-80.3235311044,-80.3238758333
0.28,-80.2751379774,-80.3219613401,-80.3263248677,-80.3291645166,-80.3292741786,-80.3296292828
0.285,-80.2799655848,-80.3274986947,-80.3319967527,-80.3348892832,-80.335012044,-80.3353775101
0.29,-80.284790086,-80.333028996,-80.3376635354,-80.340608752,-80.3407447054,-80.3411205144
0.295,-80.2896114805,-80.3385522809,-80.3433252274,-80.3463229241,-80.3464721677,-80.3468582951
0.3,-80.2944297677,-80.3440685866,-80.3489818401,-80.3520318009,-80.3521944358,-80.3525908524
0.305,-80.2992449469,-80.3495779494,-80.3546333847,-80.3577353839,-80.3579115146,-80.3583181864
0.31,-80.3040570177,-80.3550804059,-80.3602798719,-80.3634336746,-80.3636234092,-80.3640402979
0.315,-80.3088659798,-80.3605759918,-80.365921312,-80.3691266748,-80.3693301245,-80.3697571878
0.32,-80.3136718328,-80.3660647427,-80.3715577152,-80.3748143865,-80.3750316658,-80.3754688574
0.325,-80.3184745764,-80.3715466938,-80.3771890912,-80.3804968116,-80.380728038,-80.3811753084
0.33,-80.3232742103,-80.3770218799,-80.3828154494,-80.3861739523,-80.3864192465,-80.3868765426
0.335,-80.3280707345,-80.3824903355,-80.388436799,-80.3918458109,-80.3921052962,-80.392572562
0.34,-80.3328641488,-80.3879520945,-80.3940531488,-80.3975123898,-80.3977861926,-80.398263369
0.345,-80.337654453,-80.3934071905,-80.3996645076,-80.4031736916,-80.4034619407,-80.4039489662
0.35,-80.3424416472,-80.3988556567,-80.4052708835,-80.4088297189,-80.4091325459,-80.4096293563
0.355,-80.3472257315,-80.4042975259,-80.4108722847,-80.4144804744,-80.4147980135,-80.4153045422
0.36,-80.3520067057,-80.4097328303,-80.416468719,-80.420125961,-80.4204583487,-80.4209745273
0.365,-80.3567845702,-80.415161602,-80.422060194,-80.4257661816,-80.4261135568,-80.4266393146
0.37,-80.361559325,-80.4205838725,-80.427646717,-80.4314011393,-80.4317636432,-80.4322989078
0.375,-80.3663309702,-80.4259996727,-80.4332282951,-80.4370308373,-80.4374086132,-80.4379533105
0.38,-80.3710995062,-80.4314090334,-80.4388049352,-80.4426552787,-80.4430484721,-80.4436025263
0.385,-80.3758649332,-80.4368119849,-80.4443766439,-80.448274467,-80.4486832253,-80.4492465593
0.39,-80.3806272515,-80.442208557,-80.4499434278,-80.4538884055,-80.4543128781,-80.4548854133
0.395,-80.3853864614,-80.4475987791,-80.4555052932,-80.4594970977,-80.4599374358,-80.4605190926
0.4,-80.3901425633,-80.4529826802,-80.4610622461,-80.4651005473,-80.465556904,-80.4661476014
0.405,-80.3948955576,-80.458360289,-80.4666142923,-80.4706987578,-80.4711712878,-80.471770944
0.41,-80.3996454447,-80.4637316338,-80.4721614377,-80.476291733,-80.4767805926,-80.4773891249
0.415,-80.4043922251,-80.4690967422,-80.4777036878,-80.4818794768,-80.4823848238,-80.4830021484
0.42,-80.4091358992,-80.4744556419,-80.483241048,-80.4874619929,-80.4879839868,-80.4886100193
0.425,-80.4138764677,-80.4798083598,-80.4887735234,-80.4930392853,-80.4935780869,-80.4942127422
0.43,-80.418613931,-80.4851549227,-80.4943011192,-80.4986113581,-80.4991671295,-80.4998103218
0.435,-80.4233482897,-80.4904953569,-80.4998238403,-80.5041782153,-80.5047511198,-80.505402763
0.44,-80.4280795445,-80.4958296883,-80.5053416914,-80.509739861,-80.5103300632,-80.5109900704
0.445,-80.4328076959,-80.5011579425,-80.5108546773,-80.5152962994,-80.5159039651,-80.5165722491
0.45,-80.4375327446,-80.5064801449,-80.5163628023,-80.5208475349,-80.5214728307,-80.522149304
0.455,-80.4422546913,-80.5117963202,-80.521866071,-80.5263935716,-80.5270366653,-80.5277212402
0.46,-80.4469735366,-80.517106493,-80.5273644876,-80.5319344139,-80.5325954743,-80.5332880625
0.465,-80.4516892814,-80.5224106876,-80.5328580561,-80.5374700663,-80.538149263,-80.5388497762
0.47,-80.4564019262,-80.5277089278,-80.5383467807,-80.5430005332,-80.5436980366,-80.5444063863
0.475,-80.461111472,-80.5330012372,-80.5438306654,-80.548525819,-80.5492418003,-80.5499578979
0.48,-80.4658179195,-80.5382876389,-80.5493097138,-80.5540459284,-80.5547805595,-80.5555043163
0.485,-80.4705212695,-80.5435681561,-80.5547839298,-80.559560866,-80.5603143194,-80.5610456466
0.49,-80.4752215228,-80.5488428111,-80.560253317,-80.5650706362,-80.5658430852,-80.5665818941
0.495,-80.4799186803,-80.5541116265,-80.5657178789,-80.570575244,-80.5713668621,-80.572113064
0.5,-80.4846127428,-80.5593746241,-80.571177619,-80.5760746938,-80.5768856554,-80.5776391616
0.505,-80.4893037112,-80.5646318257,-80.5766325406,-80.5815689906,-80.5823994702,-80.5831601921
0.51,-80.4939915864,-80.5698832528,-80.5820826472,-80.587058139,-80.5879083117,-80.5886761608
0.515,-80.4986763693,-80.5751289264,-80.5875279418,-80.592542144,-80.593412185,-80.5941870731
0.52,-80.5033580609,-80.5803688675,-80.5929684277,-80.5980210102,-80.5989110954,-80.5996929342
0.525,-80.5080366621,-80.5856030966,-80.598404108,-80.6034947427,-80.6044050479,-80.6051937496
0.53,-80.5127121738,-80.5908316341,-80.6038349856,-80.6089633463,-80.6098940477,-80.6106895244
0.535,-80.5173845971,-80.5960545002,-80.6092610635,-80.614426826,-80.6153780999,-80.6161802642
0.54,-80.5220539329,-80.6012717145,-80.6146823446,-80.6198851868,-80.6208572095,-80.6216659742
0.545,-80.5267201823,-80.6064832967,-80.6200988318,-80.6253384336,-80.6263313817,-80.6271466598
0.55,-80.5313833462,-80.6116892661,-80.6255105278,-80.6307865714,-80.6318006216,-80.6326223263
0.555,-80.5360434258,-80.6168896418,-80.6309174355,-80.6362296053,-80.637264934,-80.6380929792
0.56,-80.540700422,-80.6220844426,-80.6363195574,-80.6416675404,-80.6427243242,-80.6435586238
0.565,-80.5453543359,-80.6272736872,-80.6417168963,-80.6471003818,-80.6481787971,-80.6490192654
0.57,-80.5500051687,-80.6324573939,-80.6471094548,-80.6525281345,-80.6536283577,-80.6544749094
0.575,-80.5546529213,-80.6376355809,-80.6524972353,-80.6579508037,-80.659073011,-80.6599255612
0.58,-80.5592975949,-80.6428082661,-80.6578802406,-80.6633683946,-80.664512762,-80.6653712262
0.585,-80.5639391906,-80.6479754673,-80.663258473,-80.6687809123,-80.6699476156,-80.6708119097
0.59,-80.5685777096,-80.6531372019,-80.668631935,-80.6741883619,-80.6753775767,-80.676247617
0.595,-80.5732131529,-80.6582934874,-80.674000629,-80.6795907488,-80.6808026504,-80.6816783536
0.6,-80.5778455218,-80.6634443407,-80.6793645575,-80.6849880781,-80.6862228415,-80.6871041247
0.605,-80.5824748174,-80.6685897787,-80.6847237229,-80.690380355,-80.6916381549,-80.6925249358
0.61,-80.5871010408,-80.6737298183,-80.6900781274,-80.6957675848,-80.6970485955,-80.6979407921
0.615,-80.5917241932,-80.6788644759,-80.6954277734,-80.7011497727,-80.7024541681,-80.703351699
0.62,-80.5963442759,-80.6839937678,-80.7007726633,-80.706526924,-80.7078548776,-80.7087576618
0.625,-80.60096129,-80.6891177103,-80.7061127992,-80.711899044,-80.7132507289,-80.7141586858
0.63,-80.6055752367,-80.6942363191,-80.7114481836,-80.717266138,-80.7186417268,-80.7195547764
0.635,-80.6101861174,-80.6993496101,-80.7167788186,-80.7226282112,-80.724027876,-80.7249459389
0.64,-80.6147939331,-80.704457599,-80.7221047064,-80.727985269,-80.7294091815,-80.7303321786
0.645,-80.6193986852,-80.7095603012,-80.7274258493,-80.7333373168,-80.7347856478,-80.7357135007
0.65,-80.6240003748,-80.7146577318,-80.7327422496,-80.7386843597,-80.7401572799,-80.7410899105
0.655,-80.6285990033,-80.7197499061,-80.7380539093,-80.7440264032,-80.7455240825,-80.7464614134
0.66,-80.6331945719,-80.724836839,-80.7433608307,-80.7493634526,-80.7508860602,-80.7518280146
0.665,-80.6377870819,-80.7299185451,-80.748663016,-80.7546955133,-80.7562432179,-80.7571897192
0.67,-80.6423765346,-80.7349950393,-80.7539604674,-80.7600225905,-80.7615955602,-80.7625465327
0.675,-80.6469629313,-80.7400663359,-80.759253187,-80.7653446897,-80.7669430919,-80.7678984603
0.68,-80.6515462732,-80.7451324492,-80.764541177,-80.7706618163,-80.7722858175,-80.7732455071
0.685,-80.6561265617,-80.7501933934,-80.7698244396,-80.7759739755,-80.7776237419,-80.7785876783
0.69,-80.660703798,-80.7552491825,-80.7751029768,-80.7812811728,-80.7829568696,-80.7839249793
0.695,-80.6652779836,-80.7602998305,-80.7803767909,-80.7865834134,-80.7882852053,-80.7892574152
0.7,-80.6698491198,-80.765345351,-80.7856458841,-80.791880703,-80.7936087536,-80.7945849912
0.705,-80.6744172078,-80.7703857576,-80.7909102584,-80.7971730466,-80.7989275191,-80.7999077125
0.71,-80.678982249,-80.7754210639,-80.7961699161,-80.8024604499,-80.8042415064,-80.8052255842
0.715,-80.6835442449,-80.780451283,-80.8014248593,-80.8077429181,-80.8095507202,-80.8105386115
0.72,-80.6881031967,-80.7854764284,-80.8066750901,-80.8130204566,-80.8148551649,-80.8158467996
0.725,-80.6926591057,-80.7904965129,-80.8119206107,-80.8182930709,-80.8201548453,-80.8211501536
0.73,-80.6972119735,-80.7955115495,-80.8171614234,-80.8235607663,-80.8254497657,-80.8264486787
0.735,-80.7017618013,-80.8005215512,-80.8223975301,-80.8288235481,-80.8307399308,-80.8317423799
0.74,-80.7063085906,-80.8055265305,-80.8276289333,-80.8340814219,-80.8360253451,-80.8370312624
0.745,-80.7108523427,-80.8105265,-80.8328556349,-80.8393343929,-80.8413060131,-80.8423153312
0.75,-80.7153930591,-80.8155214722,-80.8380776373,-80.8445824665,-80.8465819393,-80.8475945916
0.755,-80.7199307411,-80.8205114594,-80.8432949426,-80.8498256482,-80.8518531282,-80.8528690485
0.76,-80.7244653901,-80.825496474,-80.848507553,-80.8550639433,-80.8571195843,-80.858138707
0.765,-80.7289970076,-80.8304765278,-80.8537154707,-80.8602973571,-80.862381312,-80.8634035722
0.77,-80.7335255949,-80.8354516331,-80.8589186979,-80.8655258952,-80.8676383159,-80.8686636491
0.775,-80.7380511536,-80.8404218017,-80.864117237,-80.8707495628,-80.8728906003,-80.8739189427
0.78,-80.742573685,-80.8453870453,-80.8693110901,-80.8759683653,-80.8781381697,-80.8791694582
0.785,-80.7470931906,-80.8503473756,-80.8745002594,-80.8811823081,-80.8833810286,-80.8844152005
0.79,-80.7516096718,-80.8553028043,-80.8796847473,-80.8863913966,-80.8886191813,-80.8896561746
0.795,-80.75612313,-80.8602533427,-80.8848645559,-80.8915956361,-80.8938526322,-80.8948923855
0.8,-80.7606335668,-80.8651990024,-80.8900396877,-80.896795032,-80.8990813858,-80.9001238382
0.805,-80.7651409836,-80.8701397945,-80.8952101448,-80.9019895896,-80.9043054464,-80.9053505377
0.81,-80.7696453817,-80.8750757302,-80.9003759296,-80.9071793144,-80.9095248184,-80.9105724889
0.815,-80.7741467628,-80.8800068207,-80.9055370444,-80.9123642115,-80.9147395062,-80.9157896969
0.82,-80.7786451283,-80.8849330769,-80.9106934916,-80.9175442865,-80.9199495141,-80.9210021664
0.825,-80.7831404796,-80.8898545097,-80.9158452734,-80.9227195446,-80.9251548465,-80.9262099026
0.83,-80.7876328183,-80.8947711299,-80.9209923922,-80.9278899912,-80.9303555077,-80.9314129102
0.835,-80.7921221458,-80.8996829483,-80.9261348505,-80.9330556317,-80.935551502,-80.9366111943
0.84,-80.7966084635,-80.9045899755,-80.9312726505,-80.9382164712,-80.9407428337,-80.9418047596
0.845,-80.8010917731,-80.909492222,-80.9364057947,-80.9433725152,-80.9459295072,-80.9469936112
0.85,-80.805572076,-80.9143896982,-80.9415342854,-80.948523769,-80.9511115267,-80.9521777538
0.855,-80.8100493736,-80.9192824146,-80.9466581252,-80.9536702379,-80.9562888966,-80.9573571925
0.86,-80.8145236676,-80.9241703815,-80.9517773164,-80.9588119272,-80.9614616211,-80.9625319319
0.865,-80.8189949594,-80.929053609,-80.9568918615,-80.9639488421,-80.9666297044,-80.967701977
0.87,-80.8234632505,-80.9339321073,-80.962001763,-80.9690809881,-80.9717931509,-80.9728673326
0.875,-80.8279285424,-80.9388058864,-80.9671070233,-80.9742083704,-80.9769519648,-80.9780280036
0.88,-80.8323908368,-80.9436749564,-80.9722076449,-80.9793309942,-80.9821061504,-80.9831839947
0.885,-80.836850135,-80.948539327,-80.9773036304,-80.9844488649,-80.9872557118,-80.9883353109
0.89,-80.8413064386,-80.9533990082,-80.9823949822,-80.9895619877,-80.9924006533,-80.9934819568
0.895,-80.8457597492,-80.9582540096,-80.987481703,-80.9946703679,-80.9975409792,-80.9986239372
0.9,-80.8502100683,-80.963104341,-80.9925637952,-80.9997740108,-81.0026766936,-81.0037612571
0.905,-80.8546573974,-80.9679500119,-80.9976412614,-81.0048729215,-81.0078078007,-81.008893921
0.91,-80.8591017381,-80.9727910318,-81.0027141042,-81.0099671054,-81.0129343047,-81.0140219339
0.915,-80.8635430919,-80.9776274103,-81.0077823263,-81.0150565677,-81.0180562099,-81.0191453004
0.92,-80.8679814603,-80.9824591567,-81.0128459301,-81.0201413136,-81.0231735204,-81.0242640252
0.925,-80.872416845,-80.9872862804,-81.0179049184,-81.0252213483,-81.0282862403,-81.0293781132
0.93,-80.8768492475,-80.9921087905,-81.0229592939,-81.0302966771,-81.0333943739,-81.0344875691
0.935,-80.8812786692,-80.9969266962,-81.028009059,-81.0353673052,-81.0384979253,-81.0395923975
0.94,-80.8857051119,-81.0017400068,-81.0330542166,-81.0404332378,-81.0435968986,-81.0446926031
0.945,-80.8901285771,-81.0065487312,-81.0380947694,-81.0454944801,-81.048691298,-81.0497881907
0.95,-80.8945490663,-81.0113528784,-81.0431307199,-81.0505510372,-81.0537811276,-81.0548791649
0.955,-80.898966581,-81.0161524574,-81.048162071,-81.0556029144,-81.0588663915,-81.0599655305
0.96,-80.903381123,-81.020947477,-81.0531888254,-81.0606501169,-81.063947094,-81.065047292
0.965,-80.9077926937,-81.0257379461,-81.0582109858,-81.0656926497,-81.069023239,-81.0701244542
0.97,-80.9122012947,-81.0305238733,-81.0632285551,-81.0707305181,-81.0740948307,-81.0751970217
0.975,-80.9166069277,-81.0353052674,-81.0682415359,-81.0757637273,-81.0791618732,-81.0802649991
0.98,-80.9210095941,-81.040082137,-81.0732499311,-81.0807922823,-81.0842243706,-81.085328391
0.985,-80.9254092957,-81.0448544906,-81.0782537435,-81.0858161883,-81.0892823269,-81.0903872021
0.99,-80.9298060339,-81.0496223368,-81.0832529759,-81.0908354505,-81.0943357463,-81.095441437
0.995,-80.9341998103,-81.054385684,-81.0882476312,-81.0958500739,-81.0993846328,-81.1004911003
1,-80.9385906266,-81.0591445407,-81.0932377122,-81.1008600638,-81.1044289906,-81.1055361966
1.005,-80.9429784844,-81.0638989151,-81.0982232218,-81.1058654251,-81.1094688236,-81.1105767304
1.01,-80.9473633852,-81.0686488156,-81.1032041628,-81.1108661631,-81.1145041358,-81.1156127064
1.015,-80.9517453306,-81.0733942504,-81.1081805383,-81.1158622827,-81.1195349315,-81.1206441291
1.02,-80.9561243224,-81.0781352276,-81.1131523511,-81.1208537891,-81.1245612146,-81.125671003
1.025,-80.960500362,-81.0828717555,-81.118119604,-81.1258406874,-81.1295829891,-81.1306933328
1.03,-80.964873451,-81.0876038421,-81.1230823002,-81.1308229826,-81.1346002591,-81.1357111229
1.035,-80.9692435912,-81.0923314954,-81.1280404425,-81.1358006798,-81.1396130286,-81.1407243779
1.04,-80.973610784,-81.0970547235,-81.1329940339,-81.140773784,-81.1446213016,-81.1457331023
1.045,-80.9779750312,-81.1017735341,-81.1379430774,-81.1457423004,-81.1496250821,-81.1507373007
1.05,-80.9823363343,-81.1064879353,-81.142887576,-81.1507062338,-81.1546243742,-81.1557369774
1.055,-80.9866946949,-81.1111979349,-81.1478275327,-81.1556655895,-81.1596191819,-81.1607321371
1.06,-80.9910501147,-81.1159035406,-81.1527629506,-81.1606203723,-81.164609509,-81.1657227842
1.065,-80.9954025952,-81.1206047602,-81.1576938326,-81.1655705874,-81.1695953598,-81.1707089232
1.07,-80.9997521382,-81.1253016014,-81.1626201819,-81.1705162397,-81.174576738,-81.1756905586
1.075,-81.0040987453,-81.1299940718,-81.1675420016,-81.1754573341,-81.1795536478,-81.1806676947
1.08,-81.008442418,-81.134682179,-81.1724592946,-81.1803938758,-81.184526093,-81.1856403362
1.085,-81.012783158,-81.1393659306,-81.1773720642,-81.1853258697,-81.1894940778,-81.1906084874
1.09,-81.0171209669,-81.1440453341,-81.1822803133,-81.1902533208,-81.1944576059,-81.1955721527
1.095,-81.0214558464,-81.148720397,-81.1871840453,-81.195176234,-81.1994166814,-81.2005313367
1.1,-81.0257877981,-81.1533911267,-81.1920832631,-81.2000946142,-81.2043713082,-81.2054860436
1.105,-81.0301168236,-81.1580575306,-81.19697797,-81.2050084666,-81.2093214904,-81.210436278
1.11,-81.0344429246,-81.162719616,-81.201868169,-81.2099177959,-81.2142672318,-81.2153820443
1.115,-81.0387661027,-81.1673773902,-81.2067538635,-81.2148226071,-81.2192085363,-81.2203233467
1.12,-81.0430863596,-81.1720308605,-81.2116350566,-81.2197229052,-81.224145408,-81.2252601898
1.125,-81.0474036969,-81.1766800341,-81.2165117514,-81.2246186951,-81.2290778507,-81.230192578
1.13,-81.0517181162,-81.1813249182,-81.2213839512,-81.2295099816,-81.2340058684,-81.2351205154
1.135,-81.0560296192,-81.1859655199,-81.2262516593,-81.2343967698,-81.2389294649,-81.2400440067
1.14,-81.0603382075,-81.1906018464,-81.2311148788,-81.2392790644,-81.2438486443,-81.244963056
1.145,-81.0646438829,-81.1952339046,-81.2359736131,-81.2441568704,-81.2487634105,-81.2498776678
1.15,-81.0689466468,-81.1998617016,-81.2408278654,-81.2490301926,-81.2536737672,-81.2547878464
1.155,-81.0732465011,-81.2044852444,-81.2456776389,-81.253899036,-81.2585797185,-81.2596935961
1.16,-81.0775434473,-81.20910454,-81.250522937,-81.2587634053,-81.2634812682,-81.2645949213
1.165,-81.0818374871,-81.2137195952,-81.255363763,-81.2636233055,-81.2683784203,-81.2694918263
1.17,-81.0861286222,-81.218330417,-81.2602001201,-81.2684787413,-81.2732711786,-81.2743843153
1.175,-81.0904168541,-81.2229370121,-81.2650320117,-81.2733297177,-81.278159547,-81.2792723928
1.18,-81.0947021846,-81.2275393874,-81.2698594412,-81.2781762395,-81.2830435294,-81.284156063
1.185,-81.0989846154,-81.2321375496,-81.2746824119,-81.2830183114,-81.2879231297,-81.2890353301
1.19,-81.103264148,-81.2367315054,-81.2795009271,-81.2878559383,-81.2927983517,-81.2939101985
1.195,-81.1075407842,-81.2413212617,-81.2843149902,-81.292689125,-81.2976691993,-81.2987806724
1.2,-81.1118145256,-81.245906825,-81.2891246047,-81.2975178764,-81.3025356764,-81.3036467562
1.205,-81.1160853739,-81.2504882019,-81.2939297738,-81.3023421971,-81.3073977869,-81.308508454
1.21,-81.1203533308,-81.2550653991,-81.298730501,-81.307162092,-81.3122555345,-81.3133657701
1.215,-81.1246183978,-81.2596384231,-81.3035267897,-81.3119775658,-81.3171089232,-81.3182187089
1.22,-81.1288805768,-81.2642072805,-81.3083186434,-81.3167886233,-81.3219579569,-81.3230672744
1.225,-81.1331398692,-81.2687719777,-81.3131060654,-81.3215952693,-81.3268026392,-81.3279114709
1.23,-81.137396277,-81.2733325213,-81.3178890592,-81.3263975086,-81.3316429742,-81.3327513027
1.235,-81.1416498015,-81.2778889176,-81.3226676282,-81.3311953458,-81.3364789656,-81.337586774
1.24,-81.1459004447,-81.282441173,-81.327441776,-81.3359887857,-81.3413106172,-81.342417889
1.245,-81.1501482081,-81.286989294,-81.332211506,-81.3407778331,-81.346137933,-81.3472446519
1.25,-81.1543930933,-81.2915332868,-81.3369768217,-81.3455624926,-81.3509609166,-81.3520670668
1.255,-81.1586351022,-81.2960731579,-81.3417377266,-81.3503427689,-81.355779572,-81.356885138
1.26,-81.1628742363,-81.3006089134,-81.3464942241,-81.3551186669,-81.360593903,-81.3616988697
1.265,-81.1671104974,-81.3051405596,-81.3512463178,-81.3598901911,-81.3654039134,-81.366508266
1.27,-81.1713438871,-81.3096681028,-81.3559940112,-81.3646573462,-81.3702096069,-81.3713133312
1.275,-81.175574407,-81.3141915491,-81.3607373079,-81.369420137,-81.3750109875,-81.3761140692
1.28,-81.179802059,-81.3187109047,-81.3654762113,-81.374178568,-81.3798080588,-81.3809104844
1.285,-81.1840268445,-81.3232261757,-81.3702107251,-81.3789326441,-81.3846008248,-81.3857025809
1.29,-81.1882487654,-81.3277373683,-81.3749408528,-81.3836823697,-81.3893892891,-81.3904903628
1.295,-81.1924678233,-81.3322444885,-81.3796665979,-81.3884277497,-81.3941734557,-81.3952738342
1.3,-81.1966840199,-81.3367475424,-81.384387964,-81.3931687885,-81.3989533282,-81.4000529992
1.305,-81.2008973568,-81.341246536,-81.3891049547,-81.397905491,-81.4037289105,-81.4048278621
1.31,-81.2051078358,-81.3457414753,-81.3938175737,-81.4026378615,-81.4085002064,-81.4095984269
1.315,-81.2093154586,-81.3502323663,-81.3985258244,-81.4073659049,-81.4132672196,-81.4143646977
1.32,-81.2135202267,-81.3547192149,-81.4032297106,-81.4120896257,-81.4180299539,-81.4191266785
1.325,-81.217722142,-81.359202027,-81.4079292357,-81.4168090285,-81.4227884131,-81.4238843737
1.33,-81.2219212061,-81.3636808086,-81.4126244035,-81.4215241178,-81.4275426009,-81.4286377871
1.335,-81.2261174206,-81.3681555655,-81.4173152176,-81.4262348984,-81.4322925212,-81.4333869228
1.34,-81.2303107873,-81.3726263036,-81.4220016816,-81.4309413748,-81.4370381777,-81.4381317851
1.345,-81.2345013078,-81.3770930286,-81.4266837992,-81.4356435514,-81.4417795741,-81.4428723778
1.35,-81.2386889839,-81.3815557463,-81.4313615739,-81.440341433,-81.4465167142,-81.4476087052
1.355,-81.2428738172,-81.3860144626,-81.4360350096,-81.4450350241,-81.4512496018,-81.4523407712
1.36,-81.2470558094,-81.3904691832,-81.4407041097,-81.4497243292,-81.4559782406,-81.4570685799
1.365,-81.2512349623,-81.3949199137,-81.4453688781,-81.4544093528,-81.4607026343,-81.4617921353
1.37,-81.2554112774,-81.3993666599,-81.4500293184,-81.4590900995,-81.4654227867,-81.4665114416
1.375,-81.2595847565,-81.4038094275,-81.4546854343,-81.4637665738,-81.4701387016,-81.4712265026
1.38,-81.2637554013,-81.4082482221,-81.4593372294,-81.4684387803,-81.4748503827,-81.4759373225
1.385,-81.2679232135,-81.4126830493,-81.4639847075,-81.4731067234,-81.4795578336,-81.4806439052
1.39,-81.2720881947,-81.4171139147,-81.4686278724,-81.4777704077,-81.4842610582,-81.4853462548
1.395,-81.2762503466,-81.4215408239,-81.4732667276,-81.4824298377,-81.4889600602,-81.4900443753
1.4,-81.280409671,-81.4259637825,-81.4779012769,-81.4870850177,-81.4936548433,-81.4947382706
1.405,-81.2845661695,-81.430382796,-81.4825315241,-81.4917359524,-81.4983454112,-81.4994279449
1.41,-81.2887198439,-81.4347978699,-81.4871574729,-81.4963826462,-81.5030317676,-81.504113402
1.415,-81.2928706958,-81.4392090097,-81.491779127,-81.5010251036,-81.5077139163,-81.5087946459
1.42,-81.2970187269,-81.4436162208,-81.4963964902,-81.505663329,-81.5123918609,-81.5134716807
1.425,-81.3011639389,-81.4480195087,-81.5010095662,-81.5102973269,-81.5170656052,-81.5181445103
1.43,-81.3053063336,-81.4524188789,-81.5056183588,-81.5149271017,-81.5217351529,-81.5228131387
1.435,-81.3094459125,-81.4568143367,-81.5102228717,-81.5195526579,-81.5264005077,-81.5274775697
1.44,-81.3135826774,-81.4612058875,-81.5148231087,-81.5241739999,-81.5310616733,-81.5321378075
1.445,-81.3177166301,-81.4655935367,-81.5194190736,-81.5287911321,-81.5357186534,-81.5367938559
1.45,-81.3218477721,-81.4699772896,-81.5240107702,-81.5334040589,-81.5403714517,-81.5414457189
1.455,-81.3259761052,-81.4743571516,-81.5285982022,-81.5380127848,-81.5450200718,-81.5460934004
1.46,-81.3301016311,-81.4787331279,-81.5331813734,-81.5426173142,-81.5496645175,-81.5507369043
1.465,-81.3342243514,-81.4831052237,-81.5377602877,-81.5472176514,-81.5543047924,-81.5553762346
1.47,-81.3383442679,-81.4874734445,-81.5423349487,-81.5518138008,-81.5589409003,-81.5600113952
1.475,-81.3424613824,-81.4918377954,-81.5469053604,-81.5564057669,-81.5635728448,-81.5646423899
1.48,-81.3465756964,-81.4961982816,-81.5514715266,-81.5609935539,-81.5682006295,-81.5692692228
1.485,-81.3506872116,-81.5005549083,-81.556033451,-81.5655771664,-81.5728242583,-81.5738918978
1.49,-81.3547959298,-81.5049076808,-81.5605911374,-81.5701566085,-81.5774437346,-81.5785104186
1.495,-81.3589018526,-81.5092566041,-81.5651445898,-81.5747318847,-81.5820590623,-81.5831247893
1.5,-81.3630049819,-81.5136016835,-81.5696938118,-81.5793029994,-81.586670245,-81.5877350136
1.505,-81.3671053192,-81.517942924,-81.5742388074,-81.5838699568,-81.5912772863,-81.5923410955
1.51,-81.3712028662,-81.5222803307,-81.5787795804,-81.5884327613,-81.5958801899,-81.5969430389
1.515,-81.3752976247,-81.5266139088,-81.5833161346,-81.5929914172,-81.6004789594,-81.6015408476
1.52,-81.3793895963,-81.5309436634,-81.5878484738,-81.5975459289,-81.6050735985,-81.6061345255
1.525,-81.3834787828,-81.5352695993,-81.5923766019,-81.6020963006,-81.609664111,-81.6107240764
1.53,-81.3875651859,-81.5395917218,-81.5969005228,-81.6066425367,-81.6142505003,-81.6153095043
1.535,-81.3916488072,-81.5439100357,-81.6014202403,-81.6111846414,-81.6188327702,-81.6198908129
1.54,-81.3957296484,-81.5482245462,-81.6059357583,-81.6157226191,-81.6234109243,-81.6244680061
1.545,-81.3998077113,-81.5525352582,-81.6104470805,-81.620256474,-81.6279849662,-81.6290410877
1.55,-81.4038829976,-81.5568421766,-81.614954211,-81.6247862104,-81.6325548996,-81.6336100617
1.555,-81.4079555088,-81.5611453064,-81.6194571535,-81.6293118326,-81.6371207281,-81.6381749317
1.56,-81.4120252469,-81.5654446526,-81.623955912,-81.6338333448,-81.6416824554,-81.6427357016
1.565,-81.4160922133,-81.56974022,-81.6284504902,-81.6383507513,-81.6462400851,-81.6472923753
1.57,-81.42015641,-81.5740320135,-81.6329408921,-81.6428640564,-81.6507936207,-81.6518449566
1.575,-81.4242178384,-81.578320038,-81.6374271216,-81.6473732643,-81.655343066,-81.6563934492
1.58,-81.4282765004,-81.5826042984,-81.6419091825,-81.6518783792,-81.6598884246,-81.660937857
1.585,-81.4323323976,-81.5868847995,-81.6463870788,-81.6563794053,-81.6644297,-81.6654781837
1.59,-81.4363855317,-81.5911615462,-81.6508608143,-81.660876347,-81.6689668959,-81.6700144332
1.595,-81.4404359045,-81.5954345432,-81.6553303928,-81.6653692083,-81.673500016,-81.6745466093
1.6,-81.4444835176,-81.5997037954,-81.6597958184,-81.6698579936,-81.6780290637,-81.6790747157
1.605,-81.4485283728,-81.6039693076,-81.6642570948,-81.6743427069,-81.6825540428,-81.6835987562
1.61,-81.4525704717,-81.6082310844,-81.6687142261,-81.6788233526,-81.6870749568,-81.6881187345
1.615,-81.456609816,-81.6124891307,-81.6731672161,-81.6832999348,-81.6915918093,-81.6926346546
1.62,-81.4606464074,-81.6167434512,-81.6776160686,-81.6877724577,-81.696104604,-81.69714652
1.625,-81.4646802477,-81.6209940506,-81.6820607877,-81.6922409255,-81.7006133444,-81.7016543346
1.63,-81.4687113385,-81.6252409337,-81.6865013772,-81.6967053422,-81.7051180341,-81.7061581021
1.635,-81.4727396815,-81.629484105,-81.690937841,-81.7011657122,-81.7096186767,-81.7106578264
1.64,-81.4767652784,-81.6337235693,-81.695370183,-81.7056220396,-81.7141152759,-81.715153511
1.645,-81.480788131,-81.6379593312,-81.6997984072,-81.7100743285,-81.7186078352,-81.7196451598
1.65,-81.4848082408,-81.6421913955,-81.7042225175,-81.714522583,-81.7230963581,-81.7241327764
1.655,-81.4888256097,-81.6464197666,-81.7086425177,-81.7189668073,-81.7275808483,-81.7286163647
1.66,-81.4928402393,-81.6506444493,-81.7130584119,-81.7234070056,-81.7320613094,-81.7330959283
1.665,-81.4968521313,-81.654865448,-81.7174702039,-81.7278431819,-81.7365377448,-81.737571471
1.67,-81.5008612874,-81.6590827675,-81.7218778976,-81.7322753404,-81.7410101583,-81.7420429965
1.675,-81.5048677093,-81.6632964123,-81.726281497,-81.7367034852,-81.7454785533,-81.7465105084
1.68,-81.5088713988,-81.667506387,-81.730681006,-81.7411276204,-81.7499429335,-81.7509740106
1.685,-81.5128723574,-81.671712696,-81.7350764286,-81.7455477501,-81.7544033024,-81.7554335066
1.69,-81.5168705869,-81.6759153439,-81.7394677686,-81.7499638784,-81.7588596635,-81.7598890003
1.695,-81.520866089,-81.6801143353,-81.74385503,-81.7543760094,-81.7633120205,-81.7643404952
1.7,-81.5248588654,-81.6843096746,-81.7482382167,-81.7587841471,-81.7677603769,-81.7687879951
1.705,-81.5288489177,-81.6885013663,-81.7526173327,-81.7631882957,-81.7722047362,-81.7732315036
1.71,-81.5328362478,-81.692689415,-81.7569923819,-81.7675884592,-81.776645102,-81.7776710245
1.715,-81.5368208572,-81.696873825,-81.7613633682,-81.7719846417,-81.7810814778,-81.7821065614
1.72,-81.5408027477,-81.7010546008,-81.7657302955,-81.7763768472,-81.7855138672,-81.786538118
1.725,-81.5447819209,-81.7052317468,-81.7700931678,-81.7807650799,-81.7899422738,-81.7909656979
1.73,-81.5487583786,-81.7094052676,-81.7744519891,-81.7851493436,-81.7943667011,-81.7953893048
1.735,-81.5527321225,-81.7135751674,-81.7788067632,-81.7895296425,-81.7987871526,-81.7998089423
1.74,-81.5567031542,-81.7177414507,-81.7831574942,-81.7939059807,-81.8032036318,-81.8042246142
1.745,-81.5606714755,-81.7219041218,-81.7875041859,-81.798278362,-81.8076161424,-81.808636324
1.75,-81.564637088,-81.7260631852,-81.7918468423,-81.8026467906,-81.8120246878,-81.8130440754
1.755,-81.5685999934,-81.7302186452,-81.7961854673,-81.8070112705,-81.8164292715,-81.817447872
1.76,-81.5725601934,-81.7343705061,-81.8005200649,-81.8113718057,-81.8208298971,-81.8218477175
1.765,-81.5765176898,-81.7385187723,-81.804850639,-81.8157284002,-81.8252265682,-81.8262436155
1.77,-81.5804724841,-81.7426634481,-81.8091771936,-81.8200810579,-81.8296192881,-81.8306355697
1.775,-81.5844245782,-81.7468045377,-81.8134997325,-81.824429783,-81.8340080606,-81.8350235835
1.78,-81.5883739737,-81.7509420456,-81.8178182598,-81.8287745792,-81.838392889,-81.8394076607
1.785,-81.5923206722,-81.755075976,-81.8221327794,-81.8331154508,-81.8427737769,-81.8437878049
1.79,-81.5962646755,-81.7592063331,-81.8264432952,-81.8374524015,-81.8471507278,-81.8481640197
1.795,-81.6002059853,-81.7633331212,-81.8307498112,-81.8417854354,-81.8515237452,-81.8525363086
1.8,-81.6041446032,-81.7674563446,-81.8350523313,-81.8461145565,-81.8558928326,-81.8569046754
1.805,-81.608080531,-81.7715760075,-81.8393508594,-81.8504397686,-81.8602579935,-81.8612691235
1.81,-81.6120137703,-81.7756921142,-81.8436453996,-81.8547610758,-81.8646192315,-81.8656296565
1.815,-81.6159443228,-81.7798046688,-81.8479359556,-81.859078482,-81.86897655,-81.8699862782
1.82,-81.6198721903,-81.7839136755,-81.8522225316,-81.8633919912,-81.8733299525,-81.8743389919
1.825,-81.6237973743,-81.7880191385,-81.8565051314,-81.8677016072,-81.8776794425,-81.8786878014
1.83,-81.6277198767,-81.7921210621,-81.860783759,-81.872007334,-81.8820250236,-81.8830327101
1.835,-81.631639699,-81.7962194504,-81.8650584183,-81.8763091755,-81.8863666991,-81.8873737217
1.84,-81.6355568431,-81.8003143075,-81.8693291132,-81.8806071356,-81.8907044726,-81.8917108398
1.845,-81.6394713104,-81.8044056376,-81.8735958478,-81.8849012183,-81.8950383476,-81.8960440678
1.85,-81.6433831028,-81.8084934448,-81.8778586258,-81.8891914274,-81.8993683275,-81.9003734093
1.855,-81.647292222,-81.8125777332,-81.8821174514,-81.8934777669,-81.9036944158,-81.904698868
1.86,-81.6511986695,-81.8166585071,-81.8863723283,-81.8977602406,-81.9080166161,-81.9090204473
1.865,-81.6551024472,-81.8207357703,-81.8906232607,-81.9020388524,-81.9123349317,-81.9133381508
1.87,-81.6590035566,-81.8248095272,-81.8948702523,-81.9063136063,-81.9166493662,-81.917651982
1.875,-81.6629019995,-81.8288797816,-81.8991133072,-81.910584506,-81.920959923,-81.9219619444
1.88,-81.6667977776,-81.8329465378,-81.9033524292,-81.9148515555,-81.9252666055,-81.9262680417
1.885,-81.6706908925,-81.8370097997,-81.9075876223,-81.9191147586,-81.9295694174,-81.9305702773
1.89,-81.674581346,-81.8410695715,-81.9118188905,-81.9233741191,-81.9338683619,-81.9348686548
1.895,-81.6784691396,-81.8451258571,-81.9160462376,-81.9276296411,-81.9381634426,-81.9391631776
1.9,-81.6823542752,-81.8491786605,-81.9202696677,-81.9318813281,-81.9424546629,-81.9434538494
1.905,-81.6862367543,-81.8532279859,-81.9244891846,-81.9361291842,-81.9467420263,-81.9477406735
1.91,-81.6901165787,-81.8572738372,-81.9287047923,-81.9403732132,-81.9510255362,-81.9520236536
1.915,-81.69399375,-81.8613162184,-81.9329164947,-81.9446134189,-81.9553051961,-81.956302793
1.92,-81.69786827,-81.8653551334,-81.9371242958,-81.948849805,-81.9595810094,-81.9605780954
1.925,-81.7017401402,-81.8693905864,-81.9413281994,-81.9530823756,-81.9638529796,-81.9648495643
1.93,-81.7056093624,-81.8734225811,-81.9455282095,-81.9573111342,-81.9681211101,-81.969117203
1.935,-81.7094759383,-81.8774511217,-81.94972433,-81.9615360849,-81.9723854043,-81.9733810152
1.94,-81.7133398696,-81.881476212,-81.9539165649,-81.9657572313,-81.9766458657,-81.9776410042
1.945,-81.7172011578,-81.885497856,-81.958104918,-81.9699745773,-81.9809024977,-81.9818971736
1.95,-81.7210598048,-81.8895160576,-81.9622893933,-81.9741881266,-81.9851553038,-81.9861495269
1.955,-81.7249158121,-81.8935308207,-81.9664699948,-81.9783978831,-81.9894042873,-81.9903980675
1.96,-81.7287691815,-81.8975421492,-81.9706467263,-81.9826038505,-81.9936494517,-81.9946427989
1.965,-81.7326199146,-81.9015500471,-81.9748195917,-81.9868060327,-81.9978908005,-81.9988837246
1.97,-81.7364680131,-81.9055545182,-81.978988595,-81.9910044333,-82.0021283369,-82.0031208479
1.975,-81.7403134787,-81.9095555664,-81.9831537401,-81.9951990562,-82.0063620646,-82.0073541725
1.98,-81.7441563131,-81.9135531956,-81.9873150309,-81.9993899051,-82.0105919868,-82.0115837018
1.985,-81.7479965179,-81.9175474096,-81.9914724713,-82.0035769837,-82.014818107,-82.0158094391
1.99,-81.7518340948,-81.9215382123,-81.9956260653,-82.0077602959,-82.0190404286,-82.020031388
1.995,-81.7556690455,-81.9255256075,-81.9997758167,-82.0119398454,-82.023258955,-82.0242495518
2,-81.7595013717,-81.9295095991,-82.0039217294,-82.0161156359,-82.0274736896,-82.0284639341
2.005,-81.5707567138,-81.9334901614,-82.0080638074,-82.0202876711,-82.0316846358,-82.0326745383
2.01,-81.4506606318,-81.9374671029,-82.0122020545,-82.0244559548,-82.035891797,-82.0368813677
2.015,-81.3393253052,-81.9414397425,-82.0163364747,-82.0286204907,-82.0400951766,-82.0410844259
2.02,-81.232015342,-81.9454063814,-82.0204670718,-82.0327812825,-82.0442947781,-82.0452837163
2.025,-81.1274947125,-81.9493636515,-82.0245938498,-82.036938334,-82.0484906047,-82.0494792422
2.03,-81.0251488908,-81.9533058867,-82.0287168126,-82.0410916488,-82.0526826599,-82.0536710072
2.035,-80.9245917427,-81.9572246625,-82.032835964,-82.0452412307,-82.0568709471,-82.0578590145
2.04,-80.8255551131,-81.9611086009,-82.0369513079,-82.0493870833,-82.0610554696,-82.0620432677
2.045,-80.7278422382,-81.9649434655,-82.0410628483,-82.0535292104,-82.0652362309,-82.0662237701
2.05,-80.6313035703,-81.9687125103,-82.045170589,-82.0576676156,-82.0694132343,-82.0704005252
2.055,-80.5358225603,-81.9723970076,-82.0492745339,-82.0618023026,-82.0735864832,-82.0745735363
2.06,-80.4413065767,-81.975976872,-82.0533746869,-82.0659332751,-82.0777559809,-82.0787428069
2.065,-80.3476807692,-81.9794313024,-82.0574710519,-82.0700605369,-82.0819217309,-82.0829083402
2.07,-80.2548837586,-81.9827393831,-82.0615636327,-82.0741840914,-82.0860837365,-82.0870701398
2.075,-80.1628645239,-81.9858806076,-82.0656524333,-82.0783039425,-82.0902420011,-82.0912282091
2.08,-80.0715801085,-81.9888353057,-82.0697374575,-82.0824200937,-82.094396528,-82.0953825513
2.085,-79.9809939025,-81.9915849683,-82.0738187091,-82.0865325488,-82.0985473206,-82.0995331699
2.09,-79.8910743408,-81.9941124776,-82.0778961921,-82.0906413114,-82.1026943823,-82.1036800682
2.095,-79.801793907,-81.9964022521,-82.0819699102,-82.094746385,-82.1068377164,-82.1078232497
2.1,-79.7131283634,-81.9984403208,-82.0860398674,-82.0988477734,-82.1109773263,-82.1119627176
2.105,-79.6250561517,-82.0002143416,-82.0901060673,-82.1029454803,-82.1151132153,-82.1160984754
2.11,-79.5375579237,-82.0017135754,-82.0941685138,-82.1070395091,-82.1192453868,-82.1202305265
2.115,-79.45061617,-82.0029288296,-82.0982272105,-82.1111298636,-82.123373844,-82.1243588741
2.12,-79.3642149257,-82.0038523787,-82.1022821612,-82.1152165474,-82.1274985905,-82.1284835216
2.125,-79.2783395341,-82.0044778719,-82.1063333692,-82.119299564,-82.1316196294,-82.1326044725
2.13,-79.1929764572,-82.004800232,-82.1103808381,-82.1233789171,-82.1357369642,-82.1367217299
2.135,-79.1081131211,-82.004815552,-82.1144245711,-82.1274546104,-82.1398505982,-82.1408352974
2.14,-79.0237377905,-82.0045209913,-82.1184645713,-82.1315266473,-82.1439605347,-82.1449451782
2.145,-78.9398394645,-82.003914675,-82.1225008413,-82.1355950316,-82.148066777,-82.1490513756
2.15,-78.8564077911,-82.0029955975,-82.1265333838,-82.1396597667,-82.1521693285,-82.153153893
2.155,-78.7734329956,-82.0017635315,-82.1305622007,-82.1437208563,-82.1562681925,-82.1572527338
2.16,-78.6909058196,-82.0002189433,-82.1345872937,-82.1477783039,-82.1603633723,-82.1613479012
2.165,-78.6088174704,-81.9983629142,-82.1386086639,-82.1518321132,-82.1644548712,-82.1654393986
2.17,-78.5271595769,-81.996197068,-82.1426263117,-82.1558822877,-82.1685426926,-82.1695272293
2.175,-78.4459241523,-81.9937235055,-82.1466402367,-82.159928831,-82.1726268398,-82.1736113967
2.18,-78.3651035614,-81.9909447436,-82.1506504378,-82.1639717466,-82.176707316,-82.1776919039
2.185,-78.2846904921,-81.9878636618,-82.1546569127,-82.1680110381,-82.1807841247,-82.1817687544
2.19,-78.2046779309,-81.9844834524,-82.1586596582,-82.172046709,-82.184857269,-82.1858419515
2.195,-78.1250591403,-81.980807576,-82.1626586698,-82.1760787629,-82.1889267524,-82.1899114984
2.2,-78.0458276398,-81.9768397222,-82.1666539414,-82.1801072034,-82.192992578,-82.1939773985
2.205,-77.966977188,-81.9725837734,-82.1706454656,-82.1841320339,-82.1970547493,-82.1980396551
2.21,-77.8885017676,-81.968043773,-82.1746332334,-82.188153258,-82.2011132695,-82.2020982714
2.215,-77.8103955705,-81.9632238967,-82.1786172338,-82.1921708793,-82.2051681419,-82.2061532508
2.22,-77.7326529857,-81.9581284271,-82.1825974539,-82.1961849013,-82.2092193698,-82.2102045964
2.225,-77.6552685872,-81.9527617308,-82.1865738786,-82.2001953274,-82.2132669564,-82.2142523118
2.23,-77.5782371238,-81.9471282386,-82.1905464908,-82.2042021612,-82.2173109052,-82.2182964
2.235,-77.5015535089,-81.9412324271,-82.1945152708,-82.2082054063,-82.2213512193,-82.2223368644
2.24,-77.4252128124,-81.9350788032,-82.1984801964,-82.212205066,-82.225387902,-82.2263737082
2.245,-77.3492102516,-81.92867189,-82.2024412428,-82.216201144,-82.2294209566,-82.2304069348
2.25,-77.2735411841,-81.9220162144,-82.2063983824,-82.2201936437,-82.2334503865,-82.2344365474
2.255,-77.1982011007,-81.915116296,-82.2103515848,-82.2241825686,-82.2374761948,-82.2384625492
2.26,-77.1231856191,-81.9079766381,-82.2143008164,-82.2281679222,-82.2414983848,-82.2424849436
2.265,-77.0484904774,-81.900601719,-82.2182460407,-82.232149708,-82.2455169599,-82.2465037338
2.27,-76.9741115288,-81.8929959846,-82.2221872178,-82.2361279294,-82.2495319232,-82.250518923
2.275,-76.9000447362,-81.8851638425,-82.2261243048,-82.24010259,-82.2535432781,-82.2545305145
2.28,-76.8262861673,-81.877109656,-82.2300572553,-82.2440736932,-82.2575510277,-82.2585385115
2.285,-76.75283199,-81.8688377401,-82.2339860194,-82.2480412424,-82.2615551754,-82.2625429173
2.29,-76.6796784681,-81.8603523568,-82.2379105441,-82.2520052412,-82.2655557245,-82.2665437352
2.295,-76.6068219571,-81.8516577122,-82.2418307725,-82.255965693,-82.2695526781,-82.2705409684
2.3,-76.5342589007,-81.8427579536,-82.2457466444,-82.2599226012,-82.2735460395,-82.27453462
2.305,-76.4619858268,-81.8336571668,-82.2496580961,-82.2638759693,-82.277535812,-82.2785246934
2.31,-76.3899993443,-81.8243593746,-82.2535650604,-82.2678258008,-82.2815219988,-82.2825111918
2.315,-76.3182961399,-81.814868535,-82.2574674664,-82.271772099,-82.2855046031,-82.2864941184
2.32,-76.246872975,-81.8051885403,-82.2613652398,-82.2757148674,-82.2894836283,-82.2904734764
2.325,-76.175726683,-81.7953232159,-82.2652583027,-82.2796541094,-82.2934590775,-82.2944492691
2.33,-76.1048541663,-81.7852763199,-82.269146574,-82.2835898286,-82.2974309539,-82.2984214996
2.335,-76.0342523941,-81.7750515427,-82.2730299688,-82.2875220281,-82.3013992609,-82.3023901712
2.34,-75.9639183996,-81.7646525065,-82.2769083991,-82.2914507116,-82.3053640015,-82.3063552871
2.345,-75.8938492778,-81.7540827661,-82.2807817735,-82.2953758824,-82.3093251792,-82.3103168505
2.35,-75.8240421834,-81.7433458084,-82.2846499974,-82.299297544,-82.313282797,-82.3142748647
2.355,-75.7544943287,-81.7324450529,-82.288512973,-82.3032156996,-82.3172368583,-82.3182293327
2.36,-75.6852029814,-81.7213838522,-82.2923705993,-82.3071303528,-82.3211873661,-82.3221802579
2.365,-75.6161654629,-81.7101654928,-82.2962227725,-82.3110415068,-82.3251343238,-82.3261276434
2.37,-75.5473791464,-81.6987931955,-82.3000693856,-82.3149491652,-82.3290777346,-82.3300714924
2.375,-75.4788414554,-81.687270116,-82.3039103291,-82.3188533312,-82.3330176016,-82.334011808
2.38,-75.4105498614,-81.6755993461,-82.3077454905,-82.3227540083,-82.3369539281,-82.3379485936
2.385,-75.3425018831,-81.6637839143,-82.3115747547,-82.3266511999,-82.3408867173,-82.3418818522
2.39,-75.2746950845,-81.6518267868,-82.3153980042,-82.3305449092,-82.3448159724,-82.3458115871
2.395,-75.2071270735,-81.6397308687,-82.3192151191,-82.3344351397,-82.3487416966,-82.3497378014
2.4,-75.1397955005,-81.6274990045,-82.323025977,-82.3383218948,-82.3526638931,-82.3536604983
2.405,-75.0726980572,-81.6151339794,-82.3268304536,-82.3422051777,-82.3565825651,-82.357579681
2.41,-75.0058324751,-81.6026385205,-82.3306284222,-82.3460849919,-82.3604977157,-82.3614953526
2.415,-74.9391965245,-81.5900152977,-82.3344197544,-82.3499613406,-82.3644093482,-82.3654075164
2.42,-74.8727880135,-81.5772669247,-82.3382043199,-82.3538342273,-82.3683174658,-82.3693161754
2.425,-74.8066047861,-81.5643959601,-82.3419819866,-82.3577036552,-82.3722220716,-82.3732213329
2.43,-74.7406447223,-81.5514049087,-82.3457526208,-82.3615696277,-82.3761231689,-82.3771229919
2.435,-74.6749057361,-81.5382962224,-82.3495160875,-82.3654321481,-82.3800207608,-82.3810211557
2.44,-74.6093857748,-81.5250723011,-82.3532722501,-82.3692912197,-82.3839148504,-82.3849158274
2.445,-74.5440828183,-81.5117354944,-82.3570209708,-82.3731468458,-82.3878054411,-82.3888070102
2.45,-74.4789948779,-81.4982881018,-82.3607621108,-82.3769990298,-82.3916925358,-82.3926947071
2.455,-74.4141199954,-81.4847323744,-82.3644955301,-82.3808477748,-82.3955761379,-82.3965789214
2.46,-74.3494562426,-81.471070516,-82.3682210879,-82.3846930843,-82.3994562505,-82.4004596562
2.465,-74.2850017201,-81.4573046835,-82.3719386425,-82.3885349615,-82.4033328767,-82.4043369145
2.47,-74.2207545564,-81.4434369886,-82.3756480517,-82.3923734097,-82.4072060197,-82.4082106997
2.475,-74.1567129078,-81.4294694983,-82.3793491725,-82.3962084321,-82.4110756826,-82.4120810147
2.48,-74.092874957,-81.4154042364,-82.3830418616,-82.400040032,-82.4149418687,-82.4159478627
2.485,-74.0292389126,-81.4012431839,-82.3867259751,-82.4038682127,-82.4188045811,-82.4198112468
2.49,-73.9658030087,-81.3869882806,-82.390401369,-82.4076929774,-82.4226638229,-82.4236711702
2.495,-73.9025655038,-81.3726414253,-82.3940678991,-82.4115143294,-82.4265195973,-82.427527636
2.5,-73.8395246803,-81.3582044774,-82.3977254212,-82.4153322718,-82.4303719074,-82.4313806472
2.505,-73.7766788441,-81.3436792575,-82.4013737908,-82.4191468079,-82.4342207564,-82.4352302071
2.51,-73.7140263238,-81.3290675482,-82.4050128637,-82.4229579409,-82.4380661474,-82.4390763187
2.515,-73.6515654701,-81.3143710952,-82.4086424961,-82.4267656741,-82.4419080835,-82.4429189851
2.52,-73.5892946553,-81.2995916078,-82.4122625441,-82.4305700106,-82.4457465679,-82.4467582094
2.525,-73.5272122729,-81.2847307603,-82.4158728642,-82.4343709535,-82.4495816038,-82.4505939948
2.53,-73.4653167368,-81.2697901923,-82.4194733137,-82.4381685061,-82.4534131942,-82.4544263442
2.535,-73.4036064811,-81.2547715097,-82.4230637498,-82.4419626716,-82.4572413423,-82.4582552609
2.54,-73.3420799591,-81.2396762854,-82.4266440309,-82.445753453,-82.4610660512,-82.462080748
2.545,-73.2807356437,-81.2245060602,-82.4302140156,-82.4495408536,-82.464887324,-82.4659028084
2.55,-73.2195720259,-81.2092623434,-82.4337735634,-82.4533248764,-82.4687051639,-82.4697214453
2.555,-73.1585876151,-81.1939466136,-82.4373225346,-82.4571055245,-82.472519574,-82.4735366618
2.56,-73.0977809384,-81.1785603193,-82.4408607901,-82.4608828012,-82.4763305574,-82.477348461
2.565,-73.0371505402,-81.1631048799,-82.4443881921,-82.4646567093,-82.4801381171,-82.4811568459
2.57,-72.9766949818,-81.1475816859,-82.4479046034,-82.4684272522,-82.4839422564,-82.4849618196
2.575,-72.916412841,-81.1319920999,-82.451409888,-82.4721944327,-82.4877429783,-82.4887633852
2.58,-72.8563027116,-81.1163374572,-82.4549039109,-82.4759582539,-82.4915402859,-82.4925615458
2.585,-72.7963632033,-81.1006190663,-82.4583865382,-82.4797187189,-82.4953341824,-82.4963563044
2.59,-72.7365929411,-81.0848382096,-82.4618576371,-82.4834758308,-82.4991246708,-82.5001476641
2.595,-72.6769905649,-81.0689961439,-82.4653170761,-82.4872295924,-82.5029117542,-82.503935628
2.6,-72.6175547294,-81.0530941012,-82.4687647249,-82.4909800068,-82.5066954357,-82.507720199
2.605,-72.5582841037,-81.037133289,-82.4722004544,-82.494727077,-82.5104757185,-82.5115013804
2.61,-72.4991773706,-81.0211148909,-82.475624137,-82.4984708058,-82.5142526055,-82.515279175
2.615,-72.4402332268,-81.0050400673,-82.4790356462,-82.5022111963,-82.5180261,-82.5190535861
2.62,-72.3814503825,-80.9889099559,-82.4824348569,-82.5059482514,-82.5217962049,-82.5228246165
2.625,-72.3228275606,-80.972725672,-82.4858216457,-82.5096819739,-82.5255629234,-82.5265922694
2.63,-72.2643634971,-80.9564883091,-82.4891958904,-82.5134123668,-82.5293262585,-82.5303565479
2.635,-72.2060569404,-80.9401989394,-82.4925574701,-82.5171394328,-82.5330862134,-82.5341174549
2.64,-72.1479066511,-80.9238586144,-82.4959062657,-82.5208631749,-82.536842791,-82.5378749935
2.645,-72.0899114016,-80.9074683651,-82.4992421595,-82.5245835958,-82.5405959945,-82.5416291667
2.65,-72.0320699761,-80.8910292027,-82.5025650352,-82.5283006983,-82.5443458269,-82.5453799775
2.655,-71.9743811702,-80.8745421189,-82.5058747782,-82.5320144853,-82.5480922913,-82.5491274291
2.66,-71.9168437906,-80.8580080861,-82.5091712754,-82.5357249595,-82.5518353908,-82.5528715243
2.665,-71.859456655,-80.8414280584,-82.5124544152,-82.5394321235,-82.5555751284,-82.5566122663
2.67,-71.8022185917,-80.8248029714,-82.5157240876,-82.5431359802,-82.5593115072,-82.560349658
2.675,-71.7451284393,-80.8081337429,-82.5189801844,-82.5468365321,-82.5630445303,-82.5640837026
2.68,-71.6881850468,-80.7914212733,-82.5222225987,-82.5505337821,-82.5667742006,-82.5678144028
2.685,-71.6313872731,-80.7746664459,-82.5254512255,-82.5542277326,-82.5705005213,-82.5715417619
2.69,-71.5747339867,-80.7578701271,-82.5286659612,-82.5579183862,-82.5742234953,-82.5752657828
2.695,-71.5182240657,-80.7410331671,-82.531866704,-82.5616057457,-82.5779431258,-82.5789864685
2.7,-71.4618563977,-80.7241563999,-82.5350533535,-82.5652898135,-82.5816594158,-82.5827038221
2.705,-71.4056298792,-80.707240644,-82.5382258113,-82.5689705922,-82.5853723683,-82.5864178464
2.71,-71.3495434157,-80.6902867022,-82.5413839803,-82.5726480842,-82.5890819863,-82.5901285446
2.715,-71.2935959212,-80.6732953624,-82.5445277652,-82.5763222921,-82.592788273,-82.5938359195
2.72,-71.2377863185,-80.656267398,-82.5476570723,-82.5799932183,-82.5964912313,-82.5975399743
2.725,-71.1821135385,-80.6392035674,-82.5507718097,-82.5836608652,-82.6001908642,-82.6012407119
2.73,-71.1265765204,-80.6221046154,-82.5538718868,-82.5873252351,-82.6038871748,-82.6049381353
2.735,-71.0711742112,-80.6049712725,-82.5569572151,-82.5909863306,-82.6075801661,-82.6086322474
2.74,-71.0159055658,-80.5878042558,-82.5600277072,-82.5946441538,-82.6112698412,-82.6123230513
2.745,-70.9607695465,-80.5706042692,-82.5630832779,-82.5982987071,-82.614956203,-82.6160105499
2.75,-70.9057651231,-80.5533720032,-82.5661238431,-82.6019499927,-82.6186392546,-82.6196947462
2.755,-70.8508912729,-80.5361081358,-82.5691493208,-82.605598013,-82.6223189989,-82.6233756432
2.76,-70.7961469798,-80.5188133325,-82.5721596302,-82.60924277,-82.6259954391,-82.6270532439
2.765,-70.741531235,-80.5014882462,-82.5751546924,-82.612884266,-82.6296685781,-82.6307275511
2.77,-70.6870430363,-80.4841335179,-82.57813443,-82.6165225031,-82.6333384189,-82.634398568
2.775,-70.6326813881,-80.4667497769,-82.5810987671,-82.6201574834,-82.6370049644,-82.6380662974
2.78,-70.5784453013,-80.4493376408,-82.5840476296,-82.623789209,-82.6406682179,-82.6417307424
2.785,-70.524333793,-80.4318977158,-82.5869809448,-82.627417682,-82.6443281821,-82.6453919058
2.79,-70.4703458864,-80.4144305969,-82.5898986416,-82.6310429043,-82.6479848601,-82.6490497906
2.795,-70.4164806109,-80.3969368683,-82.5928006505,-82.6346648778,-82.651638255,-82.6527043998
2.8,-70.3627370016,-80.3794171035,-82.5956869036,-82.6382836047,-82.6552883696,-82.6563557364
2.805,-70.3091140993,-80.3618718652,-82.5985573344,-82.6418990866,-82.6589352071,-82.6600038032
2.81,-70.2556109502,-80.3443017061,-82.6014118781,-82.6455113256,-82.6625787703,-82.6636486033
2.815,-70.2022266064,-80.3267071684,-82.6042504712,-82.6491203234,-82.6662190623,-82.6672901395
2.82,-70.1489601247,-80.3090887846,-82.6070730518,-82.6527260819,-82.669856086,-82.6709284148
2.825,-70.0958105675,-80.2914470774,-82.6098795596,-82.6563286027,-82.6734898444,-82.6745634322
2.83,-70.0427770019,-80.2737825598,-82.6126699357,-82.6599278877,-82.6771203406,-82.6781951945
2.835,-69.9898585001,-80.2560957355,-82.6154441225,-82.6635239385,-82.6807475773,-82.6818237048
2.84,-69.9370541391,-80.2383870987,-82.6182020641,-82.6671167567,-82.6843715578,-82.6854489659
2.845,-69.8843630002,-80.2206571349,-82.620943706,-82.670706344,-82.6879922848,-82.6890709807
2.85,-69.8317841696,-80.2029063203,-82.623668995,-82.6742927019,-82.6916097614,-82.6926897523
2.855,-69.7793167376,-80.1851351226,-82.6263778794,-82.677875832,-82.6952239905,-82.6963052834
2.86,-69.7269597988,-80.1673440007,-82.6290703089,-82.6814557357,-82.6988349752,-82.6999175771
2.865,-69.6747124522,-80.149533405,-82.6317462345,-82.6850324146,-82.7024427182,-82.7035266362
2.87,-69.6225738004,-80.1317037779,-82.6344056088,-82.68860587,-82.7060472227,-82.7071324637
2.875,-69.5705429503,-80.1138555533,-82.6370483854,-82.6921761034,-82.7096484916,-82.7107350625
2.88,-69.5186190124,-80.0959891572,-82.6396745196,-82.695743116,-82.7132465277,-82.7143344354
2.885,-69.4668011007,-80.0781050076,-82.6422839678,-82.6993069092,-82.7168413341,-82.7179305854
2.89,-69.4150883331,-80.0602035149,-82.6448766878,-82.7028674843,-82.7204329137,-82.7215235154
2.895,-69.3634798307,-80.0422850817,-82.6474526387,-82.7064248424,-82.7240212695,-82.7251132283
2.9,-69.3119747181,-80.0243501032,-82.6500117809,-82.7099789848,-82.7276064043,-82.728699727
2.905,-69.260572123,-80.0063989672,-82.652554076,-82.7135299126,-82.7311883212,-82.7322830143
2.91,-69.2092711763,-79.9884320541,-82.655079487,-82.7170776269,-82.734767023,-82.7358630933
2.915,-69.1580710118,-79.9704497373,-82.6575879779,-82.7206221288,-82.7383425126,-82.7394399667
2.92,-69.1069707662,-79.9524523832,-82.6600795142,-82.7241634193,-82.7419147931,-82.7430136374
2.925,-69.0559695793,-79.9344403512,-82.6625540626,-82.7277014995,-82.7454838674,-82.7465841084
2.93,-69.0050665932,-79.9164139938,-82.6650115906,-82.7312363702,-82.7490497383,-82.7501513825
2.935,-68.9542609528,-79.898373657,-82.6674520675,-82.7347680324,-82.7526124088,-82.7537154626
2.94,-68.9035518053,-79.88031968,-82.6698754632,-82.738296487,-82.7561718817,-82.7572763516
2.945,-68.8529383007,-79.8622523957,-82.6722817492,-82.7418217348,-82.7597281602,-82.7608340523
2.95,-68.8024195907,-79.8441721305,-82.6746708979,-82.7453437765,-82.7632812469,-82.7643885676
2.955,-68.7519948297,-79.8260792046,-82.6770428828,-82.748862613,-82.7668311449,-82.7679399005
2.96,-68.7016631739,-79.8079739318,-82.6793976787,-82.7523782449,-82.770377857,-82.7714880537
2.965,-68.6514237816,-79.7898566199,-82.6817352614,-82.755890673,-82.7739213862,-82.7750330301
2.97,-68.6012758129,-79.7717275709,-82.6840556077,-82.7593998978,-82.7774617354,-82.7785748326
2.975,-68.5512184297,-79.7535870805,-82.6863586956,-82.7629059201,-82.7809989074,-82.782113464
2.98,-68.5012507956,-79.7354354388,-82.6886445041,-82.7664087402,-82.7845329052,-82.7856489273
2.985,-68.4513720759,-79.71727293,-82.6909130133,-82.7699083588,-82.7880637316,-82.7891812252
2.99,-68.4015814373,-79.6990998329,-82.6931642042,-82.7734047764,-82.7915913895,-82.7927103606
2.995,-68.3518780479,-79.6809164204,-82.695398059,-82.7768979933,-82.7951158819,-82.7962363364
3,-68.3022610772,-79.6627229601,-82.6976145608,-82.78038801,-82.7986372117,-82.7997591554
3.005,-68.2527296958,-79.644519714,-82.6998136936,-82.7838748268,-82.8021553816,-82.8032788204
3.01,-68.2032830754,-79.6263069389,-82.7019954426,-82.7873584442,-82.8056703946,-82.8067953343
3.015,-68.1539203889,-79.6080848862,-82.7041597938,-82.7908388623,-82.8091822536,-82.8103087
3.02,-68.10464081,-79.5898538023,-82.706306734,-82.7943160814,-82.8126909614,-82.8138189202
3.025,-68.0554435133,-79.571613928,-82.7084362514,-82.7977901017,-82.816196521,-82.8173259978
3.03,-68.0063276741,-79.5533654996,-82.7105483346,-82.8012609235,-82.8196989351,-82.8208299357
3.035,-67.9572924684,-79.5351087481,-82.7126429734,-82.8047285468,-82.8231982067,-82.8243307366
3.04,-67.9083370728,-79.5168438995,-82.7147201586,-82.8081929717,-82.8266943386,-82.8278284034
3.045,-67.8594606642,-79.498571175,-82.7167798816,-82.8116541984,-82.8301873337,-82.8313229389
3.05,-67.8106624202,-79.4802907911,-82.7188221347,-82.8151122268,-82.8336771948,-82.834814346
3.055,-67.7619415183,-79.4620029595,-82.7208469113,-82.8185670569,-82.8371639249,-82.8383026274
3.06,-67.7132971365,-79.4437078871,-82.7228542055,-82.8220186887,-82.8406475267,-82.8417877859
3.065,-67.6647284528,-79.4254057762,-82.7248440122,-82.8254671221,-82.8441280031,-82.8452698245
3.07,-67.6162346452,-79.4070968247,-82.7268163271,-82.828912357,-82.847605357,-82.8487487458
3.075,-67.5678148917,-79.3887812258,-82.7287711468,-82.8323543933,-82.8510795912,-82.8522245528
3.08,-67.5194683701,-79.3704591682,-82.7307084687,-82.8357932306,-82.8545507085,-82.8556972482
3.085,-67.4711942578,-79.3521308365,-82.7326282909,-82.8392288689,-82.8580187119,-82.8591668347
3.09,-67.4229917321,-79.3337964105,-82.7345306123,-82.8426613079,-82.861483604,-82.8626333153
3.095,-67.3748599697,-79.315456066,-82.7364154327,-82.8460905472,-82.8649453879,-82.8660966927
3.1,-67.3267981469,-79.2971099746,-82.7382827523,-82.8495165866,-82.8684040662,-82.8695569698
3.105,-67.2788054391,-79.2787583034,-82.7401325724,-82.8529394256,-82.8718596419,-82.8730141492
3.11,-67.2308810213,-79.2604012155,-82.741964895,-82.8563590639,-82.8753121177,-82.8764682338
3.115,-67.1830240676,-79.24203887,-82.7437797225,-82.8597755011,-82.8787614965,-82.8799192265
3.12,-67.1352337511,-79.2236714216,-82.7455770583,-82.8631887367,-82.8822077812,-82.8833671298
3.125,-67.087509244,-79.2052990214,-82.7473569064,-82.8665987701,-82.8856509744,-82.8868119468
3.13,-67.0398497175,-79.1869218162,-82.7491192715,-82.870005601,-82.8890910791,-82.8902536801
3.135,-66.9922543413,-79.168539949,-82.7508641589,-82.8734092286,-82.8925280981,-82.8936923325
3.14,-66.9447222843,-79.1501535587,-82.7525915747,-82.8768096525,-82.8959620342,-82.8971279068
3.145,-66.8972527136,-79.1317627807,-82.7543015256,-82.8802068719,-82.8993928901,-82.9005604058
3.15,-66.8498447951,-79.1133677462,-82.7559940187,-82.8836008863,-82.9028206687,-82.9039898322
3.155,-66.8024976932,-79.0949685828,-82.7576690622,-82.886991695,-82.9062453728,-82.9074161888
3.16,-66.7552105703,-79.0765654144,-82.7593266645,-82.8903792972,-82.9096670052,-82.9108394784
3.165,-66.7079825875,-79.0581583611,-82.7609668347,-82.8937636922,-82.9130855687,-82.9142597038
3.17,-66.6608129037,-79.0397475393,-82.7625895827,-82.8971448793,-82.916501066,-82.9176768676
3.175,-66.6137006761,-79.0213330619,-82.7641949188,-82.9005228575,-82.9199135001,-82.9210909727
3.18,-66.5666450598,-79.0029150378,-82.765782854,-82.9038976262,-82.9233228736,-82.9245020219
3.185,-66.5196452077,-78.9844935729,-82.7673533997,-82.9072691843,-82.9267291893,-82.9279100178
3.19,-66.4727002705,-78.966068769,-82.768906568,-82.9106375311,-82.9301324501,-82.9313149632
3.195,-66.4258093967,-78.9476407248,-82.7704423714,-82.9140026657,-82.9335326587,-82.934716861
3.2,-66.3789717322,-78.9292095352,-82.7719608233,-82.917364587,-82.9369298179,-82.9381157137
3.205,-66.3321864204,-78.9107752919,-82.7734619372,-82.9207232941,-82.9403239305,-82.9415115242
3.21,-66.2854526021,-78.8923380829,-82.7749457273,-82.924078786,-82.9437149992,-82.9449042953
3.215,-66.2387694155,-78.873897993,-82.7764122083,-82.9274310616,-82.9471030268,-82.9482940295
3.22,-66.1921359957,-78.8554551036,-82.7778613956,-82.93078012,-82.9504880161,-82.9516807298
3.225,-66.1455514751,-78.8370094925,-82.7792933047,-82.9341259601,-82.9538699698,-82.9550643988
3.23,-66.0990149828,-78.8185612346,-82.7807079519,-82.9374685807,-82.9572488907,-82.9584450393
3.235,-66.052525645,-78.800110401,-82.7821053539,-82.9408079807,-82.9606247816,-82.9618226539
3.24,-66.0060825846,-78.78165706,-82.7834855279,-82.9441441589,-82.9639976452,-82.9651972455
3.245,-65.9596849209,-78.7632012762,-82.7848484914,-82.9474771143,-82.9673674843,-82.9685688166
3.25,-65.91333177,-78.7447431112,-82.7861942624,-82.9508068455,-82.9707343016,-82.9719373702
3.255,-65.8670222443,-78.7262826234,-82.7875228596,-82.9541333514,-82.9740980998,-82.9753029088
3.26,-65.8207554524,-78.707819868,-82.7888343019,-82.9574566307,-82.9774588817,-82.9786654353
3.265,-65.7745304993,-78.6893548967,-82.7901286085,-82.9607766822,-82.9808166501,-82.9820249523
3.27,-65.7283464859,-78.6708877586,-82.7914057994,-82.9640935045,-82.9841714077,-82.9853814624
3.275,-65.6822025092,-78.6524184991,-82.7926658947,-82.9674070964,-82.9875231571,-82.9887349686
3.28,-65.6360976618,-78.6339471608,-82.793908915,-82.9707174564,-82.9908719012,-82.9920854734
3.285,-65.5900310323,-78.6154737831,-82.7951348813,-82.9740245834,-82.9942176427,-82.9954329795
3.29,-65.5440017047,-78.5969984022,-82.796343815,-82.9773284758,-82.9975603843,-82.9987774897
3.295,-65.4980087586,-78.5785210516,-82.7975357379,-82.9806291323,-83.0009001287,-83.0021190066
3.3,-65.452051269,-78.5600417611,-82.7987106722,-82.9839265514,-83.0042368787,-83.005457533
3.305,-65.4061283059,-78.5415605581,-82.7998686402,-82.9872207319,-83.0075706369,-83.0087930716
3.31,-65.3602389347,-78.5230774665,-82.801009665,-82.990511672,-83.010901406,-83.012125625
3.315,-65.3143822156,-78.5045925073,-82.8021337697,-82.9937993706,-83.0142291889,-83.0154551959
3.32,-65.2685572036,-78.4861056987,-82.8032409779,-82.9970838259,-83.0175539881,-83.0187817871
3.325,-65.2227629485,-78.4676170555,-82.8043313135,-83.0003650365,-83.0208758064,-83.0221054012
3.33,-65.1769984949,-78.4491265898,-82.8054048007,-83.003643001,-83.0241946465,-83.0254260408
3.335,-65.1312628814,-78.4306343107,-82.806461464,-83.0069177176,-83.0275105111,-83.0287437088
3.34,-65.0855551413,-78.4121402241,-82.8075013284,-83.010189185,-83.0308234029,-83.0320584077
3.345,-65.0398743019,-78.3936443332,-82.8085244191,-83.0134574015,-83.0341333245,-83.0353701402
3.35,-64.9942193845,-78.375146638,-82.8095307614,-83.0167223655,-83.0374402788,-83.0386789091
3.355,-64.9485894043,-78.3566471358,-82.8105203813,-83.0199840754,-83.0407442682,-83.0419847169
3.36,-64.9029833705,-78.3381458208,-82.8114933046,-83.0232425296,-83.0440452956,-83.0452875663
3.365,-64.8574002854,-78.3196426842,-82.8124495579,-83.0264977265,-83.0473433636,-83.0485874601
3.37,-64.8118391452,-78.3011377145,-82.8133891677,-83.0297496644,-83.0506384749,-83.0518844009
3.375,-64.7662989392,-78.2826308969,-82.814312161,-83.0329983417,-83.0539306321,-83.0551783913
3.38,-64.7207786497,-78.264122214,-82.8152185648,-83.0362437566,-83.057219838,-83.058469434
3.385,-64.6752772523,-78.2456116454,-82.8161084066,-83.0394859075,-83.0605060952,-83.0617575316
3.39,-64.6297937152,-78.2270991677,-82.8169817142,-83.0427247927,-83.0637894063,-83.0650426869
3.395,-64.5843269992,-78.2085847547,-82.8178385153,-83.0459604105,-83.067069774,-83.0683249024
3.4,-64.5388760578,-78.190068377,-82.8186788382,-83.0491927591,-83.070347201,-83.0716041809
3.405,-64.4934398366,-78.1715500027,-82.8195027112,-83.0524218368,-83.0736216899,-83.0748805249
3.41,-64.4480172734,-78.1530295967,-82.820310163,-83.0556476419,-83.0768932434,-83.0781539371
3.415,-64.4026072981,-78.134507121,-82.8211012223,-83.0588701726,-83.0801618642,-83.0814244201
3.42,-64.3572088322,-78.1159825348,-82.8218759184,-83.0620894271,-83.0834275548,-83.0846919766
3.425,-64.311820789,-78.0974557943,-82.8226342803,-83.0653054037,-83.0866903179,-83.0879566093
3.43,-64.2664420731,-78.0789268528,-82.8233763377,-83.0685181005,-83.0899501561,-83.0912183207
3.435,-64.2210715803,-78.0603956607,-82.8241021201,-83.0717275157,-83.0932070721,-83.0944771135
3.44,-64.1757081977,-78.0418621654,-82.8248116575,-83.0749336477,-83.0964610686,-83.0977329904
3.445,-64.1303508028,-78.0233263114,-82.8255049798,-83.0781364944,-83.099712148,-83.1009859539
3.45,-64.0849982641,-78.0047880403,-82.8261821174,-83.0813360542,-83.1029603131,-83.1042360066
3.455,-64.0396494406,-77.9862472908,-82.8268431005,-83.0845323252,-83.1062055665,-83.1074831513
3.46,-63.9943031812,-77.9677039984,-82.8274879599,-83.0877253055,-83.1094479109,-83.1107273905
3.465,-63.948958325,-77.9491580959,-82.8281167263,-83.0909149933,-83.1126873487,-83.1139687268
3.47,-63.9036137011,-77.9306095131,-82.8287294305,-83.0941013867,-83.1159238826,-83.1172071629
3.475,-63.8582681279,-77.9120581767,-82.8293261037,-83.097284484,-83.1191575153,-83.1204427013
3.48,-63.8129204133,-77.8935040106,-82.8299067771,-83.1004642831,-83.1223882492,-83.1236753447
3.485,-63.7675693543,-77.8749469356,-82.830471482,-83.1036407823,-83.1256160872,-83.1269050957
3.49,-63.722213737,-77.8563868694,-82.83102025,-83.1068139797,-83.1288410316,-83.1301319569
3.495,-63.6768523358,-77.8378237268,-82.8315531126,-83.1099838734,-83.1320630852,-83.1333559309
3.5,-63.6314839138,-77.8192574197,-82.8320701018,-83.1131504615,-83.1352822505,-83.1365770202
3.505,-63.5861072222,-77.8006878567,-82.8325712493,-83.1163137421,-83.1384985301,-83.1397952276
3.51,-63.5407210002,-77.7821149436,-82.8330565873,-83.1194737133,-83.1417119266,-83.1430105556
3.515,-63.4953239745,-77.7635385828,-82.8335261478,-83.1226303733,-83.1449224425,-83.1462230067
3.52,-63.4499148593,-77.7449586741,-82.8339799631,-83.12578372,-83.1481300805,-83.1494325836
3.525,-63.4044923561,-77.7263751138,-82.8344180656,-83.1289337517,-83.151334843,-83.1526392889
3.53,-63.3590551529,-77.7077877952,-82.8348404878,-83.1320804664,-83.1545367328,-83.1558431251
3.535,-63.3136019245,-77.6891966085,-82.8352472621,-83.1352238623,-83.1577357523,-83.1590440948
3.54,-63.268131332,-77.6706014409,-82.8356384214,-83.1383639373,-83.1609319041,-83.1622422007
3.545,-63.2226420224,-77.6520021761,-82.8360139983,-83.1415006896,-83.1641251908,-83.1654374453
3.55,-63.1771326285,-77.6333986949,-82.8363740257,-83.1446341172,-83.1673156149,-83.1686298311
3.555,-63.1316017683,-77.6147908748,-82.8367185365,-83.1477642183,-83.170503179,-83.1718193608
3.56,-63.086048045,-77.59617859,-82.8370475637,-83.150890991,-83.1736878856,-83.1750060368
3.565,-63.0404700467,-77.5775617117,-82.8373611404,-83.1540144333,-83.1768697372,-83.1781898619
3.57,-62.9948663455,-77.5589401074,-82.8376592997,-83.1571345433,-83.1800487365,-83.1813708385
3.575,-62.9492354981,-77.5403136418,-82.8379420748,-83.1602513191,-83.1832248859,-83.1845489692
3.58,-62.9035760444,-77.5216821759,-82.8382094989,-83.1633647587,-83.186398188,-83.1877242566
3.585,-62.8578865082,-77.5030455676,-82.8384616055,-83.1664748603,-83.1895686453,-83.1908967033
3.59,-62.812165396,-77.4844036712,-82.8386984277,-83.169581622,-83.1927362604,-83.1940663117
3.595,-62.766411197,-77.4657563378,-82.8389199992,-83.1726850418,-83.1959010356,-83.1972330845
3.6,-62.7206223827,-77.4471034151,-82.8391263533,-83.1757851178,-83.1990629737,-83.2003970241
3.605,-62.6747974066,-77.4284447471,-82.8393175235,-83.1788818481,-83.2022220771,-83.2035581332
3.61,-62.6289347036,-77.4097801745,-82.8394935434,-83.1819752308,-83.2053783483,-83.2067164143
3.615,-62.5830326896,-77.3911095346,-82.8396544465,-83.1850652641,-83.2085317897,-83.2098718699
3.62,-62.5370897614,-77.3724326608,-82.8398002664,-83.1881519459,-83.211682404,-83.2130245027
3.625,-62.4911042959,-77.3537493832,-82.8399310368,-83.1912352744,-83.2148301936,-83.216174315
3.63,-62.4450746499,-77.3350595282,-82.8400467912,-83.1943152478,-83.2179751611,-83.2193213095
3.635,-62.3989991593,-77.3163629186,-82.8401475633,-83.197391864,-83.2211173088,-83.2224654886
3.64,-62.3528761392,-77.2976593735,-82.8402333869,-83.2004651213,-83.2242566394,-83.225606855
3.645,-62.3067038831,-77.2789487081,-82.8403042954,-83.2035350177,-83.2273931552,-83.2287454111
3.65,-62.2604806624,-77.260230734,-82.8403603227,-83.2066015514,-83.2305268588,-83.2318811595
3.655,-62.214204726,-77.2415052591,-82.8404015024,-83.2096647204,-83.2336577526,-83.2350141027
3.66,-62.1678742996,-77.2227720872,-82.8404278682,-83.212724523,-83.2367858392,-83.2381442433
3.665,-62.1214875856,-77.2040310184,-82.8404394537,-83.2157809572,-83.2399111209,-83.2412715836
3.67,-62.0750427621,-77.1852818488,-82.8404362927,-83.2188340212,-83.2430336004,-83.2443961263
3.675,-62.0285379826,-77.1665243705,-82.8404184186,-83.2218837131,-83.2461532799,-83.2475178739
3.68,-61.9819713756,-77.1477583717,-82.8403858652,-83.224930031,-83.249270162,-83.2506368289
3.685,-61.9353410435,-77.1289836363,-82.8403386661,-83.2279729733,-83.2523842492,-83.2537529937
3.69,-61.8886450626,-77.1101999444,-82.8402768548,-83.2310125379,-83.2554955439,-83.256866371
3.695,-61.841881482,-77.0914070715,-82.8402004649,-83.234048723,-83.2586040485,-83.2599769632
3.7,-61.7950483235,-77.0726047894,-82.84010953,-83.237081527,-83.2617097655,-83.2630847727
3.705,-61.7481435804,-77.0537928652,-82.8400040834,-83.2401109478,-83.2648126973,-83.2661898022
3.71,-61.7011652172,-77.0349710618,-82.8398841586,-83.2431369837,-83.2679128464,-83.2692920541
3.715,-61.654111169,-77.0161391379,-82.839749789,-83.246159633,-83.2710102152,-83.2723915308
3.72,-61.6069793404,-76.9972968474,-82.839601008,-83.2491788937,-83.2741048062,-83.275488235
3.725,-61.5597676052,-76.97844394,-82.8394378489,-83.2521947642,-83.2771966217,-83.278582169
3.73,-61.5124738054,-76.9595801608,-82.839260345,-83.2552072426,-83.2802856641,-83.2816733353
3.735,-61.4650957508,-76.94070525,-82.8390685293,-83.2582163272,-83.283371936,-83.2847617366
3.74,-61.4176312176,-76.9218189435,-82.8388624352,-83.2612220162,-83.2864554397,-83.2878473751
3.745,-61.3700779484,-76.9029209722,-82.8386420955,-83.2642243078,-83.2895361776,-83.2909302534
3.75,-61.3224336506,-76.8840110621,-82.8384075434,-83.2672232003,-83.2926141521,-83.2940103741
3.755,-61.2746959963,-76.8650889346,-82.8381588118,-83.2702186919,-83.2956893657,-83.2970877394
3.76,-61.226862621,-76.8461543059,-82.8378959335,-83.273210781,-83.2987618207,-83.300162352
3.765,-61.1789311225,-76.8272068872,-82.8376189413,-83.2761994658,-83.3018315195,-83.3032342143
3.77,-61.1308990606,-76.8082463846,-82.837327868,-83.2791847446,-83.3048984645,-83.3063033288
3.775,-61.0827639558,-76.789272499,-82.8370227461,-83.2821666157,-83.3079626582,-83.3093696979
3.78,-61.0345232884,-76.7702849259,-82.8367036082,-83.2851450774,-83.3110241028,-83.312433324
3.785,-60.9861744973,-76.7512833558,-82.8363704867,-83.288120128,-83.3140828008,-83.3154942097
3.79,-60.9377149794,-76.7322674733,-82.836023414,-83.2910917659,-83.3171387545,-83.3185523574
3.795,-60.8891420882,-76.7132369578,-82.8356624224,-83.2940599893,-83.3201919664,-83.3216077696
3.8,-60.8404531329,-76.6941914829,-82.835287544,-83.2970247967,-83.3232424388,-83.3246604486
3.805,-60.7916453771,-76.6751307165,-82.8348988108,-83.2999861863,-83.3262901739,-83.327710397
3.81,-60.7427160379,-76.6560543208,-82.8344962549,-83.3029441566,-83.3293351744,-83.3307576172
3.815,-60.6936622845,-76.636961952,-82.834079908,-83.305898706,-83.3323774423,-83.3338021116
3.82,-60.6444812371,-76.6178532603,-82.8336498018,-83.3088498328,-83.3354169802,-83.3368438827
3.825,-60.5951699657,-76.5987278898,-82.8332059681,-83.3117975354,-83.3384537904,-83.3398829329
3.83,-60.5457254884,-76.5795854784,-82.8327484382,-83.3147418122,-83.3414878751,-83.3429192647
3.835,-60.4961447709,-76.5604256577,-82.8322772436,-83.3176826618,-83.3445192368,-83.3459528805
3.84,-60.446424724,-76.5412480527,-82.8317924155,-83.3206200824,-83.3475478778,-83.3489837826
3.845,-60.3965622033,-76.522052282,-82.831293985,-83.3235540726,-83.3505738005,-83.3520119736
3.85,-60.3465540069,-76.5028379576,-82.8307819831,-83.3264846309,-83.3535970071,-83.3550374559
3.855,-60.2963968743,-76.4836046845,-82.8302564406,-83.3294117556,-83.3566174999,-83.3580602318
3.86,-60.2460874847,-76.464352061,-82.8297173883,-83.3323354453,-83.3596352813,-83.3610803039
3.865,-60.1956224556,-76.4450796781,-82.8291648567,-83.3352556984,-83.3626503537,-83.3640976745
3.87,-60.1449983408,-76.4257871199,-82.8285988762,-83.3381725136,-83.3656627193,-83.367112346
3.875,-60.094211629,-76.4064739631,-82.8280194772,-83.3410858892,-83.3686723804,-83.3701243209
3.88,-60.0432587417,-76.3871397767,-82.8274266897,-83.3439958239,-83.3716793394,-83.3731336015
3.885,-59.9921360318,-76.3677841224,-82.8268205437,-83.3469023162,-83.3746835985,-83.3761401903
3.89,-59.9408397813,-76.3484065542,-82.826201069,-83.3498053646,-83.37768516,-83.3791440896
3.895,-59.8893661998,-76.3290066179,-82.8255682952,-83.3527049677,-83.3806840263,-83.382145302
3.9,-59.8377114218,-76.3095838515,-82.8249222519,-83.3556011241,-83.3836801996,-83.3851438297
3.905,-59.7858715055,-76.2901377847,-82.8242629684,-83.3584938324,-83.3866736822,-83.3881396751
3.91,-59.7338424298,-76.2706679388,-82.8235904738,-83.3613830912,-83.3896644764,-83.3911328407
3.915,-59.6816200928,-76.2511738266,-82.822904797,-83.3642688992,-83.3926525844,-83.3941233289
3.92,-59.6292003089,-76.2316549522,-82.8222059669,-83.3671512549,-83.3956380086,-83.397111142
3.925,-59.5765788069,-76.2121108107,-82.8214940121,-83.370030157,-83.3986207512,-83.4000962824
3.93,-59.5237512271,-76.1925408881,-82.8207689609,-83.3729056043,-83.4016008145,-83.4030787526
3.935,-59.4707131191,-76.1729446614,-82.8200308417,-83.3757775953,-83.4045782007,-83.4060585548
3.94,-59.417459939,-76.1533215977,-82.8192796825,-83.3786461287,-83.4075529121,-83.4090356914
3.945,-59.3639870469,-76.1336711547,-82.818515511,-83.3815112034,-83.4105249509,-83.4120101649
3.95,-59.3102897035,-76.1139927801,-82.8177383551,-83.3843728179,-83.4134943195,-83.4149819777
3.955,-59.2563630681,-76.0942859116,-82.816948242,-83.387230971,-83.41646102,-83.4179511319
3.96,-59.2022021945,-76.0745499765,-82.8161451991,-83.3900856615,-83.4194250547,-83.4209176302
3.965,-59.1478020288,-76.0547843915,-82.8153292534,-83.3929368882,-83.4223864258,-83.4238814747
3.97,-59.0931574056,-76.0349885626,-82.8145004318,-83.3957846497,-83.4253451355,-83.4268426679
3.975,-59.0382630446,-76.0151618846,-82.8136587607,-83.398628945,-83.4283011862,-83.4298012122
3.98,-58.9831135477,-75.9953037413,-82.8128042666,-83.4014697727,-83.4312545799,-83.4327571098
3.985,-58.9277033946,-75.9754135048,-82.8119369757,-83.4043071318,-83.434205319,-83.4357103632
3.99,-58.8720269397,-75.9554905354,-82.8110569138,-83.4071410211,-83.4371534057,-83.4386609746
3.995,-58.8160784075,-75.9355341812,-82.8101641068,-83.4099714393,-83.4400988421,-83.4416089465
4,-58.7598518894,-75.9155437781,-82.80925858,-83.4127983855,-83.4430416305,-83.4445542812
4.005,-58.7033413389,-75.8955186494,-82.8083403587,-83.4156218584,-83.445981773,-83.447496981
4.01,-58.6465405674,-75.8754581052,-82.8074094679,-83.4184418569,-83.448919272,-83.4504370483
4.015,-58.5894432396,-75.8553614427,-82.8064659323,-83.42125838,-83.4518541295,-83.4533744854
4.02,-58.532042869,-75.835227945,-82.8055097764,-83.4240714266,-83.4547863478,-83.4563092946
4.025,-58.474332813,-75.8150568818,-82.8045410245,-83.4268809956,-83.4577159291,-83.4592414783
4.03,-58.4163062675,-75.7948475083,-82.8035597004,-83.429687086,-83.4606428756,-83.4621710388
4.035,-58.3579562621,-75.7745990651,-82.8025658281,-83.4324896967,-83.4635671893,-83.4650979784
4.04,-58.2992756541,-75.7543107778,-82.8015594308,-83.4352888267,-83.4664888726,-83.4680222994
4.045,-58.2402571234,-75.7339818567,-82.8005405318,-83.438084475,-83.4694079276,-83.4709440042
4.05,-58.1808931659,-75.7136114963,-82.799509154,-83.4408766407,-83.4723243565,-83.4738630952
4.055,-58.121176088,-75.6931988751,-82.79846532,-83.4436653227,-83.4752381613,-83.4767795745
4.06,-58.0610979996,-75.672743155,-82.7974090522,-83.4464505201,-83.4781493444,-83.4796934445
4.065,-58.0006508076,-75.6522434808,-82.7963403726,-83.449232232,-83.4810579078,-83.4826047076
4.07,-57.9398262094,-75.6316989799,-82.795259303,-83.4520104574,-83.4839638537,-83.485513366
4.075,-57.8786156847,-75.6111087619,-82.7941658649,-83.4547851954,-83.4868671843,-83.4884194221
4.08,-57.8170104889,-75.5904719181,-82.7930600794,-83.4575564451,-83.4897679017,-83.4913228781
4.085,-57.7550016445,-75.5697875208,-82.7919419675,-83.4603242057,-83.492666008,-83.4942237363
4.09,-57.6925799333,-75.5490546229,-82.7908115497,-83.4630884763,-83.4955615055,-83.4971219991
4.095,-57.6297358877,-75.5282722577,-82.7896688462,-83.4658492559,-83.4984543961,-83.5000176687
4.1,-57.5664597818,-75.5074394378,-82.788513877,-83.4686065439,-83.5013446821,-83.5029107475
4.105,-57.5027416219,-75.4865551549,-82.7873466617,-83.4713603393,-83.5042323656,-83.5058012376
4.11,-57.4385711371,-75.4656183791,-82.7861672195,-83.4741106414,-83.5071174486,-83.5086891415
4.115,-57.3739377686,-75.4446280585,-82.7849755695,-83.4768574493,-83.5099999335,-83.5115744613
4.12,-57.3088306598,-75.4235831181,-82.7837717302,-83.4796007624,-83.5128798221,-83.5144571994
4.125,-57.2432386446,-75.4024824597,-82.7825557199,-83.4823405798,-83.5157571167,-83.5173373581
4.13,-57.1771502358,-75.3813249609,-82.7813275565,-83.4850769007,-83.5186318194,-83.5202149395
4.135,-57.1105536135,-75.3601094744,-82.7800872576,-83.4878097246,-83.5215039322,-83.5230899461
4.14,-57.0434366119,-75.3388348275,-82.7788348404,-83.4905390506,-83.5243734573,-83.52596238
4.145,-56.9757867062,-75.3174998212,-82.7775703218,-83.493264878,-83.5272403968,-83.5288322435
4.15,-56.9075909988,-75.2961032293,-82.7762937182,-83.4959872062,-83.5301047527,-83.531699539
4.155,-56.8388362045,-75.2746437977,-82.7750050457,-83.4987060345,-83.5329665271,-83.5345642686
4.16,-56.7695086356,-75.2531202439,-82.77370432,-83.5014213623,-83.5358257222,-83.5374264345
4.165,-56.6995941855,-75.2315312555,-82.7723915566,-83.5041331889,-83.53868234,-83.5402860392
4.17,-56.6290783124,-75.2098754897,-82.7710667703,-83.5068415136,-83.5415363826,-83.5431430848
4.175,-56.5579460215,-75.1881515724,-82.7697299756,-83.509546336,-83.5443878521,-83.5459975735
4.18,-56.4861818465,-75.1663580969,-82.7683811868,-83.5122476553,-83.5472367505,-83.5488495077
4.185,-56.4137698305,-75.1444936232,-82.7670204175,-83.5149454711,-83.5500830799,-83.5516988895
4.19,-56.3406935059,-75.1225566769,-82.7656476811,-83.5176397827,-83.5529268424,-83.5545457212
4.195,-56.2669358723,-75.1005457478,-82.7642629905,-83.5203305896,-83.5557680399,-83.5573900051
4.2,-56.192479375,-75.0784592893,-82.762866358,-83.5230178913,-83.5586066747,-83.5602317433
4.205,-56.1173058811,-75.0562957167,-82.7614577958,-83.5257016873,-83.5614427487,-83.5630709382
4.21,-56.0413966546,-75.0340534063,-82.7600373154,-83.528381977,-83.5642762639,-83.5659075919
4.215,-55.9647323307,-75.0117306937,-82.758604928,-83.53105876,-83.5671072225,-83.5687417067
4.22,-55.8872928881,-74.9893258732,-82.7571606441,-83.5337320358,-83.5699356265,-83.5715732847
4.225,-55.8090576206,-74.9668371955,-82.7557044741,-83.536401804,-83.5727614778,-83.5744023283
4.23,-55.7300051061,-74.944262867,-82.7542364277,-83.539068064,-83.5755847785,-83.5772288397
4.235,-55.6501131753,-74.9216010478,-82.752756514,-83.5417308156,-83.5784055308,-83.580052821
4.24,-55.5693588772,-74.8988498504,-82.751264742,-83.5443900582,-83.5812237364,-83.5828742744
4.245,-55.4877184441,-74.8760073378,-82.7497611197,-83.5470457915,-83.5840393976,-83.5856932023
4.25,-55.4051672537,-74.853071522,-82.7482456551,-83.5496980151,-83.5868525163,-83.5885096067
4.255,-55.3216797897,-74.8300403623,-82.7467183553,-83.5523467286,-83.5896630946,-83.5913234899
4.26,-55.2372295995,-74.8069117627,-82.7451792271,-83.5549919317,-83.5924711344,-83.5941348542
4.265,-55.1517892503,-74.7836835711,-82.7436282767,-83.557633624,-83.5952766377,-83.5969437016
4.27,-55.0653302821,-74.7603535761,-82.7420655097,-83.5602718053,-83.5980796066,-83.5997500344
4.275,-54.9778231579,-74.7369195057,-82.7404909312,-83.5629064751,-83.600880043,-83.6025538549
4.28,-54.8892372118,-74.7133790246,-82.7389045459,-83.5655376333,-83.603677949,-83.6053551651
4.285,-54.7995405931,-74.6897297318,-82.7373063576,-83.5681652795,-83.6064733265,-83.6081539673
4.29,-54.7087002074,-74.6659691586,-82.7356963699,-83.5707894134,-83.6092661775,-83.6109502636
4.295,-54.6166816544,-74.6420947656,-82.7340745854,-83.5734100349,-83.612056504,-83.6137440563
4.3,-54.5234491614,-74.6181039402,-82.7324410065,-83.5760271436,-83.6148443081,-83.6165353476
4.305,-54.4289655135,-74.5939939935,-82.7307956348,-83.5786407394,-83.6176295915,-83.6193241395
4.31,-54.3331919784,-74.5697621577,-82.7291384712,-83.581250822,-83.6204123565,-83.6221104343
4.315,-54.2360882276,-74.5454055829,-82.7274695161,-83.5838573913,-83.6231926048,-83.6248942342
4.32,-54.1376122515,-74.5209213335,-82.7257887692,-83.586460447,-83.6259703385,-83.6276755413
4.325,-54.0377202703,-74.4963063854,-82.7240962297,-83.5890599891,-83.6287455596,-83.6304543578
4.33,-53.9363666379,-74.4715576217,-82.7223918958,-83.5916560173,-83.6315182699,-83.6332306859
4.335,-53.8335037406,-74.4466718295,-82.7206757654,-83.5942485315,-83.6342884715,-83.6360045276
4.34,-53.7290818881,-74.4216456954,-82.7189478354,-83.5968375315,-83.6370561663,-83.6387758853
4.345,-53.6230491979,-74.3964758018,-82.7172081023,-83.5994230174,-83.6398213563,-83.6415447609
4.35,-53.5153514722,-74.3711586223,-82.7154565615,-83.6020049889,-83.6425840433,-83.6443111568
4.355,-53.4059320652,-74.3456905168,-82.713693208,-83.604583446,-83.6453442294,-83.647075075
4.36,-53.2947317424,-74.3200677271,-82.711918036,-83.6071583886,-83.6481019165,-83.6498365177
4.365,-53.1816885297,-74.2942863715,-82.7101310387,-83.6097298167,-83.6508571064,-83.652595487
4.37,-53.0667375517,-74.2683424393,-82.7083322088,-83.6122977301,-83.6536098013,-83.655351985
4.375,-52.9498108586,-74.242231785,-82.7065215381,-83.6148621289,-83.6563600028,-83.658106014
4.38,-52.8308372407,-74.2159501228,-82.7046990176,-83.6174230131,-83.6591077131,-83.660857576
4.385,-52.7097420296,-74.1894930195,-82.7028646374,-83.6199803827,-83.661852934,-83.6636066733
4.39,-52.5864468837,-74.1628558881,-82.701018387,-83.6225342375,-83.6645956674,-83.6663533078
4.395,-52.4608695594,-74.1360339808,-82.6991602547,-83.6250845778,-83.6673359153,-83.6690974817
4.4,-52.3329236631,-74.1090223812,-82.6972902281,-83.6276314034,-83.6700736795,-83.6718391973
4.405,-52.2025183862,-74.0818159962,-82.6954082941,-83.6301747145,-83.6728089619,-83.6745784565
4.41,-52.069558218,-74.0544095479,-82.6935144383,-83.6327145111,-83.6755417646,-83.6773152615
4.415,-51.9339426369,-74.0267975644,-82.6916086456,-83.6352507932,-83.6782720892,-83.6800496144
4.42,-51.7955657775,-73.9989743703,-82.6896909,-83.637783561,-83.6809999379,-83.6827815174
4.425,-51.6543160701,-73.9709340765,-82.6877611843,-83.6403128146,-83.6837253124,-83.6855109725
4.43,-51.5100758516,-73.9426705695,-82.6858194804,-83.6428385539,-83.6864482146,-83.6882379819
4.435,-51.3627209448,-73.9141775003,-82.6838657694,-83.6453607793,-83.6891686464,-83.6909625477
4.44,-51.2121202014,-73.8854482716,-82.681900031,-83.6478794907,-83.6918866098,-83.6936846719
4.445,-51.0581350083,-73.8564760255,-82.6799222441,-83.6503946883,-83.6946021065,-83.6964043566
4.45,-50.9006187504,-73.8272536294,-82.6779323864,-83.6529063723,-83.6973151385,-83.6991216041
4.455,-50.7394162277,-73.7977736612,-82.6759304344,-83.6554145429,-83.7000257077,-83.7018364163
4.46,-50.5743630215,-73.7680283942,-82.6739163637,-83.6579192001,-83.7027338158,-83.7045487953
4.465,-50.4052848042,-73.7380097796,-82.6718901484,-83.6604203443,-83.7054394648,-83.7072587433
4.47,-50.2319965877,-73.7077094294,-82.6698517618,-83.6629179755,-83.7081426566,-83.7099662623
4.475,-50.0543019028,-73.6771185966,-82.6678011756,-83.665412094,-83.7108433929,-83.7126713545
4.48,-49.8719919037,-73.6462281552,-82.6657383604,-83.6679027001,-83.7135416757,-83.7153740218
4.485,-49.6848443891,-73.6150285783,-82.6636632855,-83.6703897939,-83.7162375068,-83.7180742664
4.49,-49.4926227307,-73.5835099142,-82.6615759189,-83.6728733756,-83.718930888,-83.7207720903
4.495,-49.295074699,-73.5516617615,-82.6594762273,-83.6753534456,-83.7216218212,-83.7234674956
4.5,-49.0919311757,-73.5194732422,-82.6573641759,-83.6778300041,-83.7243103083,-83.7261604845
4.505,-48.8829047396,-73.4869329719,-82.6552397284,-83.6803030513,-83.726996351,-83.7288510588
4.51,-48.6676881121,-73.4540290294,-82.6531028473,-83.6827725876,-83.7296799513,-83.7315392208
4.515,-48.4459524455,-73.420748922,-82.6509534933,-83.6852386132,-83.7323611109,-83.7342249725
4.52,-48.2173454375,-73.3870795498,-82.6487916257,-83.6877011284,-83.7350398317,-83.7369083159
4.525,-47.9814892503,-73.3530071659,-82.6466172022,-83.6901601335,-83.7377161155,-83.7395892531
4.53,-47.7379782124,-73.3185173344,-82.644430179,-83.6926156289,-83.7403899641,-83.7422677861
4.535,-47.4863762762,-73.283594884,-82.6422305103,-83.6950676148,-83.7430613794,-83.7449439171
4.54,-47.226214204,-73.2482238585,-82.6400181488,-83.6975160917,-83.7457303631,-83.7476176479
4.545,-46.9569864475,-73.2123874626,-82.6377930455,-83.6999610598,-83.7483969171,-83.7502889808
4.55,-46.6781476859,-73.1760680036,-82.6355551493,-83.7024025195,-83.7510610432,-83.7529579177
4.555,-46.3891089783,-73.1392468276,-82.6333044075,-83.7048404712,-83.7537227432,-83.7556244606
4.56,-46.0892334852,-73.10190425,-82.6310407653,-83.7072749152,-83.7563820189,-83.7582886117
4.565,-45.7778317052,-73.0640194802,-82.6287641659,-83.7097058519,-83.7590388721,-83.7609503729
4.57,-45.4541561655,-73.0255705394,-82.6264745504,-83.7121332817,-83.7616933046,-83.7636097462
4.575,-45.1173955011,-72.9865341701,-82.624171858,-83.714557205,-83.7643453183,-83.7662667338
4.58,-44.7666678443,-72.9468857378,-82.6218560255,-83.7169776222,-83.7669949148,-83.7689213376
4.585,-44.4010134418,-72.9065991236,-82.6195269875,-83.7193945337,-83.769642096,-83.7715735596
4.59,-44.0193864033,-72.8656466051,-82.6171846764,-83.72180794,-83.7722868636,-83.7742234019
4.595,-43.6206454784,-72.8239987269,-82.6148290218,-83.7242178413,-83.7749292195,-83.7768708664
4.6,-43.2035437455,-72.7816241577,-82.6124599514,-83.7266242383,-83.7775691655,-83.7795159553
4.605,-42.7667170881,-72.738489532,-82.6100773897,-83.7290271312,-83.7802067032,-83.7821586705
4.61,-42.3086713242,-72.6945592769,-82.6076812591,-83.7314265206,-83.7828418346,-83.7847990139
4.615,-41.8277678475,-72.6497954196,-82.6052714788,-83.7338224069,-83.7854745613,-83.7874369877
4.62,-41.3222076348,-72.6041573746,-82.6028479654,-83.7362147906,-83.7881048851,-83.7900725938
4.625,-40.7900134798,-72.5576017076,-82.6004106326,-83.7386036721,-83.7907328078,-83.7927058343
4.63,-40.2290103224,-72.5100818741,-82.5979593908,-83.7409890519,-83.7933583312,-83.795336711
4.635,-39.6368035737,-72.4615479274,-82.5954941474,-83.7433709305,-83.7959814569,-83.7979652261
4.64,-39.010755383,-72.4119461944,-82.5930148066,-83.7457493083,-83.7986021869,-83.8005913815
4.645,-38.3479588782,-72.3612189135,-82.5905212689,-83.7481241858,-83.8012205227,-83.8032151792
4.65,-37.6452105319,-72.30930383,-82.5880134315,-83.7504955636,-83.8038364663,-83.8058366211
4.655,-36.8989810004,-72.2561337432,-82.5854911878,-83.7528634421,-83.8064500192,-83.8084557093
4.66,-36.105385057,-72.2016359992,-82.5829544275,-83.7552278218,-83.8090611833,-83.8110724458
4.665,-35.2601516389,-72.1457319217,-82.5804030361,-83.7575887032,-83.8116699603,-83.8136868325
4.67,-34.3585955874,-72.0883361727,-82.5778368953,-83.7599460868,-83.814276352,-83.8162988714
4.675,-33.3955934258,-72.0293560331,-82.5752558821,-83.7622999732,-83.81688036,-83.8189085645
4.68,-32.3655665566,-71.9686905935,-82.5726598692,-83.7646503628,-83.8194819862,-83.8215159137
4.685,-31.2624766185,-71.9062298435,-82.5700487246,-83.7669972562,-83.8220812322,-83.8241209211
4.69,-30.0798394839,-71.8418536446,-82.5674223115,-83.7693406539,-83.8246780998,-83.8267235885
4.695,-28.8107664974,-71.7754305753,-82.5647804876,-83.7716805564,-83.8272725906,-83.829323918
4.7,-27.4480440291,-71.7068166304,-82.5621231058,-83.7740169642,-83.8298647065,-83.8319219114
4.705,-25.9842650165,-71.6358537599,-82.5594500129,-83.7763498779,-83.8324544492,-83.8345175708
4.71,-24.412028524,-71.5623682308,-82.5567610503,-83.778679298,-83.8350418203,-83.8371108982
4.715,-22.7242246971,-71.4861687964,-82.5540560528,-83.781005225,-83.8376268215,-83.8397018953
4.72,-20.9144217013,-71.4070446583,-82.551334849,-83.7833276595,-83.8402094547,-83.8422905643
4.725,-18.9773667243,-71.3247632136,-82.5485972609,-83.785646602,-83.8427897214,-83.8448769071
4.73,-16.9096030368,-71.2390675813,-82.5458431031,-83.787962053,-83.8453676234,-83.8474609255
4.735,-14.7101878153,-71.149673916,-82.5430721829,-83.790274013,-83.8479431624,-83.8500426216
4.74,-12.3814704099,-71.0562685286,-82.5402842996,-83.7925824827,-83.8505163401,-83.8526219973
4.745,-9.92985983023,-70.9585048527,-82.5374792444,-83.7948874625,-83.8530871583,-83.8551990545
4.75,-7.36647887183,-70.8560003202,-82.5346567996,-83.7971889529,-83.8556556184,-83.8577737951
4.755,-4.70757977194,-70.748333238,-82.5318167383,-83.7994869546,-83.8582217224,-83.8603462211
4.76,-1.9745940441,-70.6350397915,-82.5289588238,-83.801781468,-83.8607854719,-83.8629163344
4.765,0.806283272627,-70.5156113366,-82.5260828092,-83.8040724937,-83.8633468685,-83.8654841369
4.77,3.60501501741,-70.3894921742,-82.5231884365,-83.8063600322,-83.8659059139,-83.8680496306
4.775,6.38910599408,-70.2560780333,-82.520275436,-83.808644084,-83.8684626099,-83.8706128173
4.78,9.12531933461,-70.1147155024,-82.5173435257,-83.8109246497,-83.8710169581,-83.873173699
4.785,11.7815259164,-69.9647026518,-82.5143924106,-83.8132017297,-83.8735689601,-83.8757322776
4.79,14.3284563556,-69.8052910699,-82.5114217814,-83.8154753246,-83.8761186177,-83.878288555
4.795,16.7411404702,-69.6356894876,-82.5084313139,-83.817745435,-83.8786659326,-83.8808425331
4.8,18.9998781593,-69.4550690987,-82.5054206679,-83.8200120613,-83.8812109063,-83.8833942139
4.805,21.0906736441,-69.2625705844,-82.5023894862,-83.822275204,-83.8837535405,-83.8859435992
4.81,23.0051584157,-69.0573127411,-82.4993373929,-83.8245348636,-83.886293837,-83.8884906908
4.815,24.7401024799,-68.8384024878,-82.4962639927,-83.8267910406,-83.8888317974,-83.8910354908
4.82,26.2966529668,-68.6049459145,-82.4931688689,-83.8290437356,-83.8913674233,-83.8935780011
4.825,27.6794424681,-68.3560599425,-82.4900515819,-83.831292949,-83.8939007164,-83.8961182234
4.83,28.8956864754,-68.0908841123,-82.4869116677,-83.8335386812,-83.8964316783,-83.8986561597
4.835,29.9543539266,-67.8085920203,-82.4837486354,-83.8357809328,-83.8989603108,-83.9011918119
4.84,30.8654588746,-67.5084019845,-82.4805619656,-83.8380197042,-83.9014866154,-83.9037251819
4.845,31.6394916488,-67.1895866357,-82.4773511076,-83.8402549959,-83.9040105937,-83.9062562715
4.85,32.2869871205,-66.8514812763,-82.4741154771,-83.8424868083,-83.9065322476,-83.9087850826
4.855,32.8182153893,-66.4934909936,-82.4708544532,-83.8447151418,-83.9090515784,-83.9113116172
4.86,33.242974578,-66.1150966118,-82.4675673756,-83.8469399969,-83.911568588,-83.913835877
4.865,33.5704643378,-65.7158595932,-82.4642535405,-83.849161374,-83.914083278,-83.916357864
4.87,33.8092202584,-65.2954259281,-82.4609121981,-83.8513792735,-83.9165956499,-83.9188775799
4.875,33.9670922673,-64.8535289007,-82.4575425473,-83.8535936958,-83.9191057054,-83.9213950268
4.88,34.0512533691,-64.3899904271,-82.4541437325,-83.8558046413,-83.9216134462,-83.9239102064
4.885,34.0682281868,-63.9047204802,-82.4507148385,-83.8580121103,-83.9241188738,-83.9264231206
4.89,34.0239334733,-63.3977140233,-82.4472548853,-83.8602161032,-83.9266219899,-83.9289337713
4.895,33.9237249603,-62.8690448943,-82.4437628235,-83.8624166203,-83.9291227962,-83.9314421603
4.9,33.7724466356,-62.3188562465,-82.4402375279,-83.8646136619,-83.9316212941,-83.9339482895
4.905,33.5744798314,-61.7473474222,-82.4366777921,-83.8668072285,-83.9341174854,-83.9364521607
4.91,33.3337904517,-61.1547574645,-82.4330823219,-83.8689973202,-83.9366113717,-83.9389537757
4.915,33.0539733391,-60.5413457839,-82.4294497288,-83.8711839373,-83.9391029545,-83.9414531365
4.92,32.7382932498,-59.9073707392,-82.4257785234,-83.8733670801,-83.9415922355,-83.9439502448
4.925,32.3897222155,-59.2530670231,-82.4220671078,-83.8755467488,-83.9440792163,-83.9464451025
4.93,32.0109732812,-58.5786227652,-82.4183137688,-83.8777229437,-83.9465638985,-83.9489377115
4.935,31.6045307354,-57.8841571891,-82.4145166701,-83.8798956649,-83.9490462837,-83.9514280735
4.94,31.1726770234,-57.1696995417,-82.410673845,-83.8820649126,-83.9515263735,-83.9539161904
4.945,30.717516581,-56.4351698655,-82.4067831882,-83.884230687,-83.9540041694,-83.9564020641
4.95,30.2409968362,-55.6803620458,-82.4028424488,-83.8863929881,-83.9564796732,-83.9588856963
4.955,29.7449266328,-54.9049294219,-82.398849222,-83.8885518162,-83.9589528863,-83.9613670888
4.96,29.2309923206,-54.1083731097,-82.3948009421,-83.8907071712,-83.9614238104,-83.9638462436
4.965,28.7007717423,-53.2900330065,-82.3906948747,-83.8928590532,-83.9638924471,-83.9663231624
4.97,28.1557463333,-52.4490812527,-82.3865281096,-83.8950074622,-83.9663587979,-83.9687978471
4.975,27.59731153,-51.5845176869,-82.3822975539,-83.8971523983,-83.9688228644,-83.9712702994
4.98,27.0267856681,-50.6951666109,-82.3779999254,-83.8992938613,-83.9712846483,-83.9737405211
4.985,26.4454175343,-49.7796739947,-82.3736317464,-83.9014318512,-83.973744151,-83.9762085141
4.99,25.8543927222,-48.8365041968,-82.3691893377,-83.9035663678,-83.9762013742,-83.9786742802
4.995,25.2548389271,-47.8639353892,-82.3646688134,-83.9056974111,-83.9786563194,-83.9811378212
5,24.6478303071,-46.8600532492,-82.3600660757,-83.9078249808,-83.9811089883,-83.9835991388
5.005,23.8523796219,-45.8227431468,-82.3553768108,-83.9099490767,-83.9835593823,-83.986058235
5.01,23.127910944,-44.7496820207,-82.3505964847,-83.9120696985,-83.9860075031,-83.9885151114
5.015,22.414424469,-43.6383323285,-82.3457203396,-83.9141868459,-83.9884533522,-83.9909697699
5.02,21.7072443012,-42.4859417751,-82.3407433912,-83.9163005186,-83.9908969312,-83.9934222122
5.025,21.0053233643,-41.2895538425,-82.3356604258,-83.918410716,-83.9933382417,-83.9958724402
5.03,20.3083137182,-40.0460352606,-82.3304659982,-83.9205174378,-83.9957772851,-83.9983204557
5.035,19.6161393988,-38.7521272145,-82.3251544297,-83.9226206834,-83.9982140631,-84.0007662603
5.04,18.9288649327,-37.4045269429,-82.3197198063,-83.9247204523,-84.0006485773,-84.003209856
5.045,18.2466348841,-36.0000051403,-82.3141559773,-83.9268167437,-84.0030808291,-84.0056512444
5.05,17.5696399828,-34.5355619671,-82.3084565537,-83.928909557,-84.0055108201,-84.0080904274
5.055,16.8980958529,-33.0086204074,-82.3026149069,-83.9309988914,-84.0079385519,-84.0105274067
5.06,16.232228712,-31.4172503481,-82.2966241665,-83.9330847461,-84.010364026,-84.0129621841
5.065,15.5722653703,-29.7604105899,-82.2904772188,-83.93516712,-84.012787244,-84.0153947614
5.07,14.9184261045,-28.0381899469,-82.2841667041,-83.9372460123,-84.0152082074,-84.0178251403
5.075,14.2709195641,-26.2520238476,-82.2776850137,-83.9393214218,-84.0176269178,-84.0202533226
5.08,13.6299391707,-24.4048607191,-82.2710242863,-83.9413933472,-84.0200433766,-84.0226793101
5.085,12.9956606483,-22.5012539192,-82.2641764033,-83.9434617875,-84.0224575854,-84.0251031045
5.09,12.368240425,-20.54736046,-82.257132983,-83.945526741,-84.0248695459,-84.0275247076
5.095,11.7478147132,-18.5508367872,-82.2498853742,-83.9475882065,-84.0272792594,-84.0299441211
5.1,11.1344991234,-16.5206332103,-82.2424246478,-83.9496461821,-84.0296867275,-84.0323613467
5.105,10.5283886971,-14.4667005358,-82.2347415874,-83.9517006663,-84.0320919518,-84.0347763863
5.11,9.92955826557,-12.3996332189,-82.2268266778,-83.9537516572,-84.0344949337,-84.0371892416
5.115,9.33806306323,-10.3302812672,-82.2186700924,-83.9557991527,-84.0368956749,-84.0395999143
5.12,8.75393953253,-8.26936689428,-82.2102616788,-83.9578431507,-84.0392941767,-84.0420084062
5.125,8.17720627185,-6.22714077588,-82.2015909415,-83.959883649,-84.0416904409,-84.0444147189
5.13,7.60786508472,-4.21310674514,-82.1926470243,-83.961920645,-84.0440844687,-84.0468188543
5.135,7.04590209624,-2.23583386334,-82.1834186898,-83.9639541361,-84.0464762619,-84.0492208141
5.14,6.49128890841,-0.302862844795,-82.1738942973,-83.9659841196,-84.0488658218,-84.0516206
5.145,5.94398377132,1.57929802513,-82.1640617789,-83.9680105924,-84.0512531501,-84.0540182136
5.15,5.40393275099,3.40510213369,-82.1539086143,-83.9700335513,-84.0536382481,-84.0564136569
5.155,4.87107087843,5.16984017845,-82.1434218035,-83.9720529929,-84.0560211175,-84.0588069314
5.16,4.34532326772,6.86948651439,-82.1325878385,-83.9740689134,-84.0584017597,-84.061198039
5.165,3.8266061931,8.50054051811,-82.1213926737,-83.9760813091,-84.0607801762,-84.0635869812
5.17,3.3148281178,10.0598848615,-82.1098216952,-83.9780901756,-84.0631563686,-84.0659737599
5.175,2.80989066899,11.5446783699,-82.0978596888,-83.9800955087,-84.0655303383,-84.0683583768
5.18,2.3116895551,12.9522955067,-82.0854908074,-83.9820973035,-84.0679020868,-84.0707408335
5.185,1.82011542302,14.2803177583,-82.0726985376,-83.984095555,-84.0702716157,-84.0731211318
5.19,1.33505465428,15.5265747141,-82.059465665,-83.9860902579,-84.0726389264,-84.0754992734
5.195,0.856390099917,16.6892252308,-82.0457742388,-83.9880814065,-84.0750040204,-84.07787526
5.2,0.384001754982,17.7668628436,-82.0316055353,-83.9900689946,-84.0773668992,-84.0802490933
5.205,-0.0822326258224,18.7586257501,-82.0169400203,-83.9920530159,-84.0797275642,-84.082620775
5.21,-0.542436969272,19.6642911048,-82.0017573095,-83.9940334635,-84.0820860171,-84.0849903068
5.215,-0.996736378976,20.4843362403,-81.9860361274,-83.9960103302,-84.0844422592,-84.0873576903
5.22,-1.44525668208,21.2199551672,-81.969754264,-83.9979836082,-84.0867962921,-84.0897229274
5.225,-1.88812402426,21.8730261033,-81.9528885288,-83.9999532895,-84.0891481172,-84.0920860196
5.23,-2.32546450974,22.4460333013,-81.9354147018,-84.0019193652,-84.091497736,-84.0944469687
5.235,-2.75740388313,22.9419526987,-81.9173074808,-84.0038818264,-84.09384515,-84.0968057763
5.24,-3.18406724986,23.3641149133,-81.8985404251,-84.0058406631,-84.0961903607,-84.0991624442
5.245,-3.60557883191,23.7160604633,-81.8790858936,-84.0077958653,-84.0985333694,-84.1015169739
5.25,-4.02206175594,24.0014010093,-81.8589149795,-84.0097474219,-84.1008741778,-84.1038693673
5.255,-4.43363787078,24.2236975315,-81.8379974373,-84.0116953216,-84.1032127872,-84.1062196259
5.26,-4.84042759165,24.386362574,-81.8163016056,-84.0136395521,-84.1055491992,-84.1085677515
5.265,-5.2425497684,24.4925898544,-81.7937943225,-84.0155801006,-84.1078834152,-84.1109137457
5.27,-5.64012157556,24.5453113442,-81.7704408356,-84.0175169535,-84.1102154366,-84.1132576102
5.275,-6.03325842191,24.5471796913,-81.746204705,-84.0194500966,-84.112545265,-84.1155993467
5.28,-6.42207387756,24.5005726176,-81.7210477017,-84.0213795148,-84.1148729017,-84.1179389568
5.285,-6.80667961686,24.4076154407,-81.6949297011,-84.0233051921,-84.1171983483,-84.1202764421
5.29,-7.1871853752,24.2702178133,-81.6678085733,-84.0252271118,-84.1195216062,-84.1226118044
5.295,-7.56369891847,24.0901208258,-81.6396400734,-84.0271452562,-84.1218426768,-84.1249450453
5.3,-7.93632602364,23.8689506076,-81.6103777318,-84.0290596068,-84.1241615617,-84.1272761665
5.305,-8.30517046917,23.6082744556,-81.5799727492,-84.0309701439,-84.1264782621,-84.1296051696
5.31,-8.67033403421,23.309655443,-81.5483738988,-84.0328768469,-84.1287927797,-84.1319320562
5.315,-9.03191650549,22.9747015769,-81.5155274378,-84.0347796942,-84.1311051159,-84.1342568281
5.32,-9.39001569084,22.6051060373,-81.481377031,-84.0366786631,-84.133415272,-84.1365794868
5.325,-9.74472743868,22.2026758632,-81.4458636894,-84.0385737295,-84.1357232495,-84.138900034
5.33,-10.0961456625,21.769347593,-81.4089257251,-84.0404648684,-84.1380290499,-84.1412184714
5.335,-10.4443623694,21.3071896316,-81.3704987223,-84.0423520532,-84.1403326746,-84.1435348006
5.34,-10.7894676928,20.818392311,-81.3305155266,-84.0442352564,-84.1426341251,-84.1458490232
5.345,-11.1315499279,20.3052475577,-81.2889062496,-84.0461144488,-84.1449334027,-84.1481611408
5.35,-11.470695569,19.7701206761,-81.2455982902,-84.0479895999,-84.1472305089,-84.1504711552
5.355,-11.8069893503,19.2154169834,-81.2005163695,-84.0498606777,-84.1495254452,-84.1527790679
5.36,-12.1405142867,18.6435459391,-81.1535825792,-84.0517276486,-84.1518182129,-84.1550848805
5.365,-12.4713517169,18.0568850917,-81.1047164425,-84.0535904774,-84.1541088136,-84.1573885947
5.37,-12.7995813465,17.4577457326,-81.0538349869,-84.0554491273,-84.1563972485,-84.1596902122
5.375,-13.1252812926,16.8483416879,-81.0008528303,-84.0573035596,-84.1586835192,-84.1619897344
5.38,-13.4485281278,16.2307622741,-80.9456822814,-84.0591537338,-84.160967627,-84.1642871631
5.385,-13.7693969247,15.6069501109,-80.8882334572,-84.0609996077,-84.1632495734,-84.1665824999
5.39,-14.0879613004,14.9786842441,-80.8284144194,-84.0628411367,-84.1655293598,-84.1688757463
5.395,-14.4042934607,14.3475688333,-80.7661313328,-84.0646782745,-84.1678069875,-84.1711669041
5.4,-14.7184642438,13.7150274902,-80.701288648,-84.0665109724,-84.1700824581,-84.1734559748
5.405,-15.0305431634,13.0823031639,-80.6337893069,-84.0683391797,-84.1723557729,-84.1757429599
5.41,-15.3405984519,12.4504632464,-80.5635349717,-84.0701628429,-84.1746269333,-84.1780278612
5.415,-15.6486971021,11.8204093285,-80.4904262705,-84.0719819065,-84.1768959408,-84.1803106802
5.42,-15.9549049084,11.1928907903,-80.4143630548,-84.0737963122,-84.1791627967,-84.1825914186
5.425,-16.2592865082,10.5685212099,-80.3352446562,-84.0756059992,-84.1814275024,-84.1848700778
5.43,-16.5619054209,9.94779645764,-80.2529701313,-84.0774109036,-84.1836900594,-84.1871466596
5.435,-16.8628240872,9.33111333131,-80.1674384795,-84.079210959,-84.185950469,-84.1894211656
5.44,-17.162103907,8.71878768511,-80.0785488182,-84.0810060956,-84.1882087326,-84.1916935972
5.445,-17.4598052764,8.11107119145,-79.9862004994,-84.0827962406,-84.1904648516,-84.1939639561
5.45,-17.7559876239,7.50816611506,-79.8902931545,-84.084581318,-84.1927188274,-84.196232244
5.455,-18.0507094453,6.91023773592,-79.7907266549,-84.0863612483,-84.1949706613,-84.1984984623
5.46,-18.3440283374,6.31742429683,-79.6874009802,-84.0881359482,-84.1972203549,-84.2007626126
5.465,-18.6360010309,5.72984454948,-79.5802159894,-84.0899053308,-84.1994679094,-84.2030246967
5.47,-18.9266834222,5.14760311847,-79.4690710953,-84.0916693055,-84.2017133262,-84.2052847159
5.475,-19.2161306032,4.57079399354,-79.3538648455,-84.0934277772,-84.2039566067,-84.207542672
5.48,-19.5043968908,3.9995025034,-79.2344944172,-84.0951806468,-84.2061977523,-84.2097985664
5.485,-19.7915358545,3.43380612883,-79.1108550372,-84.0969278108,-84.2084367644,-84.2120524008
5.49,-20.0776003428,2.87377448967,-78.9828393389,-84.0986691609,-84.2106736442,-84.2143041767
5.495,-20.3626425084,2.31946879961,-78.8503366702,-84.1004045839,-84.2129083933,-84.2165538957
5.5,-20.6467138319,1.77094103281,-78.7132323671,-84.1021339619,-84.2151410128,-84.2188015593
5.505,-20.9298651436,1.22823299402,-78.5714070056,-84.1038571714,-84.2173715043,-84.2210471692
5.51,-21.212146645,0.691375432189,-78.424735647,-84.1055740837,-84.219599869,-84.2232907269
5.515,-21.4936079274,0.160387291594,-78.273087086,-84.107284564,-84.2218261084,-84.2255322339
5.52,-21.7742979901,-0.364724846763,-78.1163231143,-84.108988472,-84.2240502237,-84.2277716919
5.525,-22.0542652567,-0.883967113741,-77.954297807,-84.1106856609,-84.2262722162,-84.2300091022
5.53,-22.3335575895,-1.39735849743,-77.7868568401,-84.1123759777,-84.2284920875,-84.2322444666
5.535,-22.612222303,-1.90493081073,-77.6138368425,-84.1140592625,-84.2307098387,-84.2344777866
5.54,-22.8903061751,-2.40672851791,-77.4350647857,-84.1157353486,-84.2329254713,-84.2367090637
5.545,-23.1678554577,-2.9028084611,-77.2503574064,-84.1174040618,-84.2351389865,-84.2389382995
5.55,-23.4449158841,-3.39323952483,-77.0595206525,-84.1190652208,-84.2373503857,-84.2411654954
5.555,-23.7215326764,-3.87810226808,-76.8623491337,-84.1207186361,-84.2395596702,-84.2433906531
5.56,-23.9977505504,-4.35748854013,-76.6586255457,-84.1223641104,-84.2417668413,-84.2456137741
5.565,-24.2736137183,-4.83150108105,-76.4481200245,-84.1240014378,-84.2439719004,-84.24783486
5.57,-24.5491658908,-5.30025309296,-76.2305893754,-84.1256304039,-84.2461748487,-84.2500539122
5.575,-24.8244502768,-5.76386775654,-76.005776105,-84.1272507851,-84.2483756877,-84.2522709323
5.58,-25.0995095811,-6.22247766208,-75.7734071815,-84.1288623487,-84.2505744185,-84.2544859218
5.585,-25.3743860005,-6.67622412575,-75.5331924394,-84.1304648521,-84.2527710424,-84.2566988823
5.59,-25.6491212184,-7.12525637038,-75.2848225526,-84.1320580431,-84.2549655609,-84.2589098153
5.595,-25.9237563969,-7.56973056398,-75.0279665102,-84.1336416589,-84.2571579751,-84.2611187223
5.6,-26.1983321672,-8.00980872589,-74.7622685515,-84.1352154261,-84.2593482864,-84.2633256049
5.605,-26.4728886182,-8.44565752671,-74.4873445438,-84.1367790605,-84.261536496,-84.2655304645
5.61,-26.7474652828,-8.87744702146,-74.2027778213,-84.1383322664,-84.2637226052,-84.2677333027
5.615,-27.0221011224,-9.30534936425,-73.9081145422,-84.1398747366,-84.2659066153,-84.2699341209
5.62,-27.2968345091,-9.72953755519,-73.6028586585,-84.1414061517,-84.2680885276,-84.2721329208
5.625,-27.571703206,-10.1501842682,-73.2864666272,-84.14292618,-84.2702683432,-84.2743297038
5.63,-27.8467443451,-10.5674608007,-72.9583420286,-84.144434477,-84.2724460635,-84.2765244715
5.635,-28.1219944034,-10.9815361769,-72.6178302816,-84.1459306851,-84.2746216897,-84.2787172252
5.64,-28.3974891761,-11.3925764239,-72.2642136756,-84.1474144331,-84.2767952231,-84.2809079667
5.645,-28.6732637484,-11.8007440285,-71.8967069594,-84.1488853358,-84.2789666648,-84.2830966972
5.65,-28.9493524647,-12.2061975719,-71.5144537593,-84.1503429938,-84.2811360161,-84.2852834184
5.655,-29.2257888946,-12.6090915311,-71.1165241226,-84.1517869927,-84.2833032782,-84.2874681318
5.66,-29.5026057985,-13.0095762278,-70.7019135202,-84.1532169032,-84.2854684524,-84.2896508388
5.665,-29.7798350889,-13.4077979027,-70.2695436613,-84.1546322801,-84.2876315398,-84.2918315409
5.67,-30.0575077907,-13.8038988906,-69.8182654861,-84.1560326622,-84.2897925416,-84.2940102397
5.675,-30.3356539983,-14.1980178705,-69.3468646697,-84.1574175716,-84.2919514591,-84.2961869366
5.68,-30.6143028311,-14.5902901668,-68.8540698856,-84.1587865135,-84.2941082933,-84.298361633
5.685,-30.8934823865,-14.9808480814,-68.3385639241,-84.1601389753,-84.2962630455,-84.3005343306
5.69,-31.1732196898,-15.3698212359,-67.798997522,-84.1614744262,-84.2984157168,-84.3027050307
5.695,-31.4535406434,-15.7573369104,-67.2340054598,-84.1627923169,-84.3005663084,-84.3048737349
5.7,-31.7344699722,-16.1435203671,-66.6422241278,-84.1640920787,-84.3027148214,-84.3070404446
5.705,-32.0160311683,-16.5284951489,-66.0223094038,-84.1653731228,-84.3048612569,-84.3092051613
5.71,-32.2982464327,-16.9123833496,-65.3729533634,-84.16663484,-84.3070056161,-84.3113678865
5.715,-32.5811366156,-17.2953058508,-64.6928981184,-84.1678765997,-84.3091479,-84.3135286217
5.72,-32.8647211545,-17.6773825267,-63.9809450068,-84.1690977491,-84.3112881098,-84.3156873682
5.725,-33.1490180114,-18.0587324166,-63.2359574773,-84.1702976128,-84.3134262465,-84.3178441276
5.73,-33.4340436075,-18.4394738663,-62.4568563435,-84.1714754916,-84.3155623113,-84.3199989014
5.735,-33.7198127574,-18.8197246438,-61.6426066009,-84.1726306615,-84.317696305,-84.3221516909
5.74,-34.006338602,-19.1996020293,-60.7921956615,-84.1737623732,-84.3198282289,-84.3243024977
5.745,-34.2936325404,-19.579222885,-59.9046035573,-84.1748698506,-84.3219580839,-84.3264513232
5.75,-34.5817041613,-19.9587037068,-58.9787663277,-84.1759522901,-84.3240858711,-84.3285981689
5.755,-34.8705611742,-20.338160661,-58.0135343656,-84.1770088589,-84.3262115914,-84.3307430362
5.76,-35.1602093409,-20.7177096078,-57.0076279359,-84.1780386941,-84.3283352457,-84.3328859265
5.765,-35.4506524062,-21.0974661141,-55.9595924165,-84.1790409013,-84.3304568352,-84.3350268413
5.77,-35.741892031,-21.4775454567,-54.8677561068,-84.180014553,-84.3325763606,-84.3371657821
5.775,-36.0339277253,-21.8580626156,-53.7301936857,-84.180958687,-84.334693823,-84.3393027503
5.78,-36.3267567833,-22.2391322597,-52.5446985799,-84.1818723047,-84.3368092232,-84.3414377473
5.785,-36.6203742201,-22.6208687224,-51.3087675357,-84.1827543695,-84.3389225622,-84.3435707745
5.79,-36.9147727116,-23.0033859682,-50.0196004929,-84.1836038047,-84.3410338407,-84.3457018334
5.795,-37.2099425364,-23.3867975491,-48.6741184594,-84.1844194914,-84.3431430597,-84.3478309254
5.8,-37.5058715219,-23.7712165498,-47.2690015943,-84.1852002665,-84.3452502199,-84.349958052
5.805,-37.8025449942,-24.1567555209,-45.800749423,-84.1859449201,-84.3473553222,-84.3520832144
5.81,-38.0999457324,-24.5435263998,-44.2657653197,-84.1866521935,-84.3494583673,-84.3542064143
5.815,-38.3980539281,-24.9316404178,-42.6604682766,-84.1873207763,-84.3515593559,-84.3563276529
5.82,-38.6968471503,-25.3212079933,-40.9814363222,-84.187949304,-84.3536582888,-84.3584469317
5.825,-38.9963003169,-25.7123386104,-39.2255870427,-84.1885363548,-84.3557551667,-84.3605642522
5.83,-39.2963856725,-26.1051406827,-37.3904003109,-84.1890804471,-84.3578499902,-84.3626796156
5.835,-39.5970727736,-26.4997214017,-35.474185111,-84.1895800362,-84.35994276,-84.3647930234
5.84,-39.8983284816,-26.8961865693,-33.476385173,-84.1900335113,-84.3620334767,-84.366904477
5.845,-40.2001169638,-27.2946404147,-31.3979068958,-84.1904391919,-84.3641221407,-84.3690139778
5.85,-40.502399703,-27.6951853943,-29.2414392784,-84.1907953246,-84.3662087527,-84.3711215272
5.855,-40.8051355169,-28.0979219754,-27.0117226915,-84.1911000795,-84.3682933132,-84.3732271266
5.86,-41.1082805859,-28.5029484017,-24.7157160002,-84.1913515466,-84.3703758226,-84.3753307773
5.865,-41.4117884912,-28.9103604412,-22.3626143905,-84.1915477316,-84.3724562813,-84.3774324807
5.87,-41.715610263,-29.3202511158,-19.9636857926,-84.1916865522,-84.3745346897,-84.3795322383
5.875,-42.0196944384,-29.732710411,-17.5319208251,-84.1917658339,-84.3766110482,-84.3816300513
5.88,-42.32398713,-30.1478249669,-15.0815242085,-84.1917833055,-84.3786853571,-84.3837259211
5.885,-42.6284321045,-30.5656777486,-12.6273060175,-84.1917365946,-84.3807576166,-84.3858198492
5.89,-42.9329708718,-30.9863476966,-10.1840501374,-84.1916232229,-84.3828278269,-84.3879118368
5.895,-43.2375427843,-31.4099093574,-7.76593916276,-84.1914406014,-84.3848959881,-84.3900018853
5.9,-43.5420851454,-31.8364324944,-5.38609955145,-84.1911860249,-84.3869621005,-84.3920899961
5.905,-43.8465333286,-32.2659816801,-3.05630338806,-84.1908566666,-84.389026164,-84.3941761705
5.91,-44.1508209049,-32.6986158709,-0.78683196479,-84.1904495728,-84.3910881786,-84.3962604098
5.915,-44.4548797796,-33.134387966,1.4135203197,-84.1899616566,-84.3931481443,-84.3983427154
5.92,-44.7586403369,-33.5733443525,3.53734014563,-84.1893896921,-84.395206061,-84.4004230886
5.925,-45.0620315916,-34.0155244405,5.57843131707,-84.1887303079,-84.3972619285,-84.4025015307
5.93,-45.3649813488,-34.4609601903,7.53163174554,-84.1879799806,-84.3993157465,-84.4045780431
5.935,-45.6674163675,-34.9096756357,9.39263918602,-84.1871350282,-84.4013675148,-84.406652627
5.94,-45.9692625317,-35.3616864089,11.1578600513,-84.1861916031,-84.403417233,-84.4087252837
5.945,-46.2704450237,-35.8169992707,12.8242840537,-84.1851456856,-84.4054649006,-84.4107960146
5.95,-46.5708885017,-36.2756116526,14.3893807589,-84.1839930762,-84.4075105172,-84.412864821
5.955,-46.8705172794,-36.7375112149,15.8510135155,-84.1827293893,-84.409554082,-84.4149317041
5.96,-47.1692555064,-37.2026754291,17.2073705298,-84.1813500457,-84.4115955946,-84.4169966652
5.965,-47.4670273497,-37.67107119,18.456919094,-84.1798502659,-84.413635054,-84.4190597056
5.97,-47.7637571734,-38.1426544637,19.598393354,-84.1782250631,-84.4156724595,-84.4211208265
5.975,-48.0593697171,-38.6173699795,20.6308255012,-84.1764692363,-84.4177078101,-84.4231800293
5.98,-48.353790272,-39.0951509714,21.5536239886,-84.174577364,-84.4197411048,-84.4252373151
5.985,-48.6469448518,-39.5759189754,22.3666919633,-84.1725437972,-84.4217723425,-84.4272926853
5.99,-48.9387603606,-40.0595836902,23.0705681288,-84.1703626534,-84.423801522,-84.4293461409
5.995,-49.2291647543,-40.5460429046,23.6665646336,-84.1680278102,-84.425828642,-84.4313976834
6,-49.5180871962,-41.035182498,24.1568750201,-84.1655328995,-84.4278537009,-84.4334473139
6.005,-49.8054582055,-41.5268765167,24.5446302449,-84.162871302,-84.4298766974,-84.4354950335
6.01,-50.0912097979,-42.0209873304,24.8338905708,-84.1600361415,-84.4318976297,-84.4375408436
6.015,-50.375275619,-42.5173658678,25.0295727069,-84.1570202804,-84.433916496,-84.4395847452
6.02,-50.6575910683,-43.0158519347,25.137321845,-84.1538163148,-84.4359332945,-84.4416267397
6.025,-50.9380934141,-43.5162746109,25.1633450643,-84.1504165712,-84.4379480231,-84.4436668281
6.03,-51.2167219003,-44.0184527253,25.1142252244,-84.1468131031,-84.4399606797,-84.4457050116
6.035,-51.4934178421,-44.5221954039,24.9967334295,-84.1429976889,-84.4419712619,-84.4477412913
6.04,-51.7681247137,-45.0273026863,24.8176546318,-84.1389618305,-84.4439797673,-84.4497756685
6.045,-52.0407882253,-45.5335662053,24.5836363268,-84.1346967534,-84.4459861933,-84.4518081442
6.05,-52.3113563908,-46.0407699195,24.3010656811,-84.1301934076,-84.4479905372,-84.4538387196
6.055,-52.5797795863,-46.5486908948,23.9759765675,-84.1254424699,-84.449992796,-84.4558673957
6.06,-52.8460105988,-47.0571001223,23.6139851492,-84.1204343477,-84.4519929667,-84.4578941737
6.065,-53.1100046656,-47.5657633676,23.2202508952,-84.1151591835,-84.4539910459,-84.4599190547
6.07,-53.3717195057,-48.0744420391,22.799459045,-84.1096068614,-84.4559870302,-84.4619420396
6.075,-53.6311153413,-48.5828940697,22.3558203451,-84.1037670133,-84.457980916,-84.4639631295
6.08,-53.8881549121,-49.0908748017,21.8930841207,-84.0976290275,-84.4599726995,-84.4659823256
6.085,-54.1428034809,-49.5981378694,21.4145612109,-84.0911820564,-84.4619623766,-84.4679996287
6.09,-54.3950288322,-50.1044360707,20.9231538465,-84.0844150252,-84.463949943,-84.47001504
6.095,-54.6448012636,-50.6095222237,20.4213900696,-84.0773166399,-84.4659353943,-84.4720285604
6.1,-54.8920935705,-51.1131500016,19.9114607458,-84.0698753954,-84.4679187258,-84.4740401909
6.105,-55.1368810244,-51.6150747413,19.3952575673,-84.0620795812,-84.4698999325,-84.4760499324
6.11,-55.3791413456,-52.1150542214,18.8744107089,-84.0539172873,-84.4718790092,-84.4780577859
6.115,-55.6188546699,-52.6128494076,18.3503249879,-84.0453764064,-84.4738559505,-84.4800637522
6.12,-55.856003511,-53.1082251612,17.8242135358,-84.0364446344,-84.4758307506,-84.4820678324
6.125,-56.0905727177,-53.6009509092,17.2971281255,-84.0271094679,-84.4778034035,-84.4840700273
6.13,-56.3225494271,-54.0908012707,16.7699854532,-84.017358198,-84.4797739029,-84.4860703377
6.135,-56.5519230137,-54.577556642,16.2435888457,-84.0071778997,-84.4817422422,-84.4880687644
6.14,-56.7786850353,-55.0610037365,15.718645075,-83.9965554174,-84.4837084146,-84.4900653084
6.145,-57.0028291759,-55.5409360854,15.1957761996,-83.9854773453,-84.4856724126,-84.4920599703
6.15,-57.2243511852,-56.017154501,14.675526621,-83.9739300017,-84.4876342287,-84.4940527511
6.155,-57.4432488168,-56.4894674904,14.1583658207,-83.9618993986,-84.489593855,-84.4960436513
6.16,-57.6595217633,-56.9576916262,13.6446875239,-83.9493712042,-84.4915512831,-84.4980326717
6.165,-57.8731715897,-57.4216518261,13.1348062784,-83.9363306996,-84.4935065043,-84.500019813
6.17,-58.0842016662,-57.88118158,12.6289526276,-83.9227627282,-84.4954595095,-84.5020050759
6.175,-58.2926170986,-58.3361233014,12.1272681548,-83.9086516391,-84.497410289,-84.5039884611
6.18,-58.4984246588,-58.7863285863,11.6298016592,-83.8939812234,-84.499358833,-84.505969969
6.185,-58.7016327141,-59.2316583954,11.1365075811,-83.8787346445,-84.501305131,-84.5079496004
6.19,-58.9022511566,-59.6719830252,10.6472475372,-83.8628943629,-84.5032491721,-84.5099273556
6.195,-59.1002913307,-60.1071821971,10.1617954684,-83.8464420556,-84.5051909448,-84.5119032354
6.2,-59.295765963,-60.5371454033,9.67984650766,-83.8293585327,-84.5071304372,-84.51387724
6.205,-59.4886890909,-60.9617718772,9.20102927496,-83.8116236513,-84.5090676368,-84.51584937
6.21,-59.6790759933,-61.3809704192,8.72492097025,-83.7932162289,-84.5110025307,-84.5178196257
6.215,-59.8669431205,-61.7946593561,8.25106438775,-83.7741139589,-84.5129351052,-84.5197880076
6.22,-60.0523080259,-62.2027664857,7.77898584938,-83.7542933296,-84.5148653461,-84.5217545159
6.225,-60.2351892872,-62.6052290432,7.30821304506,-83.733729549,-84.5167932386,-84.523719151
6.23,-60.4156064285,-63.0019934731,6.83829185696,-83.7123964781,-84.5187187671,-84.525681913
6.235,-60.5935798796,-63.3930151721,6.36880140402,-83.6902665741,-84.5206419156,-84.5276428022
6.24,-60.7691309107,-63.778258281,5.89936673624,-83.6673108449,-84.5225626671,-84.5296018186
6.245,-60.9422815698,-64.1576954644,5.42966880827,-83.643498817,-84.524481004,-84.5315589625
6.25,-61.1130546206,-64.5313076364,4.95945154725,-83.6187985159,-84.5263969079,-84.5335142337
6.255,-61.2814734829,-64.8990836572,4.48852599149,-83.5931764598,-84.5283103597,-84.5354676324
6.26,-61.4475621748,-65.2610200014,4.01677161295,-83.5665976657,-84.5302213394,-84.5374191585
6.265,-61.6113452568,-65.6171204077,3.54413504793,-83.5390256668,-84.5321298262,-84.5393688118
6.27,-61.7728477773,-65.9673955056,3.07062654968,-83.5104225387,-84.5340357982,-84.5413165922
6.275,-61.9320952205,-66.3118624341,2.5963145437,-83.4807489344,-84.5359392329,-84.5432624994
6.28,-62.0891134564,-66.6505444561,2.12131870979,-83.4499641244,-84.5378401066,-84.5452065331
6.285,-62.2439286918,-66.9834705734,1.64580203426,-83.4180260419,-84.5397383947,-84.547148693
6.29,-62.3965674246,-67.3106751397,1.1699622705,-83.3848913321,-84.5416340716,-84.5490889786
6.295,-62.547056399,-67.6321974729,0.694023218647,-83.3505154035,-84.5435271106,-84.5510273894
6.3,-62.6954225632,-67.9480814717,0.218226189161,-83.3148524846,-84.5454174839,-84.5529639248
6.305,-62.8416930295,-68.2583752356,-0.257178044459,-83.2778556847,-84.5473051626,-84.5548985841
6.31,-62.9858950358,-68.5631306941,-0.731936565677,-83.2394770607,-84.5491901165,-84.5568313667
6.315,-63.1280559094,-68.8624032452,-1.20580073923,-83.1996676942,-84.5510723143,-84.5587622716
6.32,-63.2682030325,-69.1562514066,-1.67853163857,-83.1583777775,-84.5529517234,-84.5606912979
6.325,-63.4063638099,-69.4447364812,-2.14990443668,-83.1155567135,-84.5548283097,-84.5626184447
6.33,-63.5425656381,-69.7279222368,-2.61971177301,-83.0711532295,-84.5567020381,-84.5645437108
6.335,-63.6768358772,-70.0058746033,-3.08776615224,-83.0251155038,-84.5585728718,-84.5664670951
6.34,-63.8092018231,-70.2786613848,-3.55390146241,-82.9773913066,-84.5604407727,-84.5683885963
6.345,-63.9396906833,-70.5463519896,-4.01797372163,-82.9279281494,-84.5623057012,-84.5703082128
6.35,-64.0683295525,-70.8090171772,-4.47986117479,-82.8766734399,-84.5641676159,-84.5722259433
6.355,-64.1951453915,-71.0667288218,-4.93946386511,-82.8235746355,-84.5660264742,-84.574141786
6.36,-64.3201650062,-71.3195596943,-5.39670280216,-82.768579386,-84.5678822315,-84.5760557393
6.365,-64.4434150296,-71.5675832614,-5.85151883938,-82.7116356573,-84.5697348417,-84.5779678013
6.37,-64.5649219039,-71.8108735021,-6.30387136185,-82.6526918247,-84.5715842568,-84.5798779699
6.375,-64.6847118651,-72.0495047407,-6.75373687034,-82.5916967242,-84.573430427,-84.5817862431
6.38,-64.8028109281,-72.2835514964,-7.20110753272,-82.5285996517,-84.5752733007,-84.5836926185
6.385,-64.9192448736,-72.5130883481,-7.64598975842,-82.4633503006,-84.5771128241,-84.5855970938
6.39,-65.0340392362,-72.7381898142,-8.08840283764,-82.3958986285,-84.5789489418,-84.5874996663
6.395,-65.1472192933,-72.9589302459,-8.5283776748,-82.3261946485,-84.5807815958,-84.5894003334
6.4,-65.2588100558,-73.1753837333,-8.96595563506,-82.2541881426,-84.5826107264,-84.5912990923
6.405,-65.3688362587,-73.3876240229,-9.40118751427,-82.1798282977,-84.5844362713,-84.5931959397
6.41,-65.477322354,-73.5957244466,-9.83413263614,-82.1030632712,-84.5862581663,-84.5950908726
6.415,-65.5842925039,-73.7997578594,-10.2648580755,-82.0238396941,-84.5880763444,-84.5969838876
6.42,-65.6897705746,-73.9997965859,-10.693438003,-81.9421021277,-84.5898907364,-84.598874981
6.425,-65.7937801316,-74.1959123738,-11.1199531446,-81.8577924915,-84.5917012705,-84.6007641492
6.43,-65.8963444349,-74.3881763541,-11.5444903469,-81.7708494845,-84.5935078723,-84.602651388
6.435,-65.9974864363,-74.5766590063,-11.9671422399,-81.6812080244,-84.5953104645,-84.6045366935
6.44,-66.0972287758,-74.7614301276,-12.3880069865,-81.5887987317,-84.5971089673,-84.6064200611
6.445,-66.1955937797,-74.9425588061,-12.8071881094,-81.4935474848,-84.5989032978,-84.6083014863
6.45,-66.292603459,-75.1201133965,-13.2247943837,-81.3953750677,-84.60069337,-84.6101809643
6.455,-66.3882795082,-75.2941614978,-13.6409397852,-81.2941969328,-84.602479095,-84.61205849
6.46,-66.482643305,-75.4647699332,-14.0557434816,-81.1899230873,-84.6042603806,-84.613934058
6.465,-66.5757159098,-75.6320047302,-14.4693298556,-81.0824581071,-84.6060371313,-84.6158076627
6.47,-66.6675180664,-75.7959311031,-14.8818285461,-80.9717012692,-84.6078092481,-84.6176792985
6.475,-66.7580702028,-75.9566134345,-15.2933744941,-80.8575467787,-84.6095766285,-84.6195489591
6.48,-66.8473924319,-76.114115259,-15.7041079823,-80.7398840565,-84.6113391663,-84.6214166381
6.485,-66.9355045535,-76.2684992462,-16.1141746528,-80.618598039,-84.6130967515,-84.6232823289
6.49,-67.0224260555,-76.4198271846,-16.5237254941,-80.4935694303,-84.6148492702,-84.6251460245
6.495,-67.1081761166,-76.5681599664,-16.9329167862,-80.3646748428,-84.6165966045,-84.6270077175
6.5,-67.1927736081,-76.713557572,-17.3419099955,-80.2317867584,-84.6183386322,-84.6288674005
6.505,-67.2762370968,-76.8560790565,-17.7508716166,-80.0947732443,-84.6200752267,-84.6307250653
6.51,-67.3585848472,-76.9957825359,-18.159972955,-79.9534973699,-84.6218062571,-84.6325807036
6.515,-67.4398348253,-77.1327251748,-18.5693898541,-79.8078162843,-84.6235315879,-84.6344343069
6.52,-67.520004701,-77.2669631752,-18.9793023674,-79.6575799391,-84.6252510785,-84.6362858661
6.525,-67.5991118514,-77.3985517666,-19.3898943799,-79.502629464,-84.6269645838,-84.6381353717
6.53,-67.6771733646,-77.5275451975,-19.8013531859,-79.3427952426,-84.6286719533,-84.6399828139
6.535,-67.754206043,-77.6539967277,-20.2138690298,-79.1778947636,-84.6303730314,-84.6418281824
6.54,-67.8302264067,-77.7779586233,-20.6276346166,-79.0077303663,-84.6320676571,-84.6436714667
6.545,-67.9052506974,-77.8994821524,-21.0428445987,-78.8320870317,-84.6337556637,-84.6455126555
6.55,-67.979294882,-78.0186175829,-21.4596950467,-78.6507304022,-84.6354368788,-84.6473517373
6.555,-68.0523746567,-78.1354141819,-21.8783829082,-78.4634052377,-84.6371111242,-84.6491887001
6.56,-68.1245054505,-78.2499202171,-22.2991054589,-78.2698345227,-84.6387782154,-84.6510235313
6.565,-68.1957024293,-78.3621829595,-22.7220597495,-78.0697194354,-84.6404379617,-84.6528562179
6.57,-68.2659804997,-78.472248688,-23.1474420493,-77.8627403605,-84.6420901659,-84.6546867462
6.575,-68.3353543131,-78.580162696,-23.5754472868,-77.6485590812,-84.6437346242,-84.6565151023
6.58,-68.4038382696,-78.6859692989,-24.0062684855,-77.4268222158,-84.6453711259,-84.6583412714
6.585,-68.471446522,-78.7897118442,-24.4400961941,-77.1971658839,-84.6469994533,-84.6601652382
6.59,-68.5381929795,-78.8914327216,-24.8771179054,-76.9592214902,-84.6486193812,-84.6619869869
6.595,-68.604091312,-78.9911733758,-25.3175174619,-76.7126224242,-84.6502306773,-84.6638065011
6.6,-68.6691549537,-79.08897432,-25.7614744402,-76.4570113834,-84.6518331013,-84.6656237636
6.605,-68.7333971075,-79.1848751503,-26.2091635113,-76.1920479576,-84.6534264052,-84.6674387565
6.61,-68.7968307483,-79.2789145615,-26.6607537694,-75.9174160587,-84.6550103328,-84.6692514616
6.615,-68.8594686272,-79.3711303635,-27.1164080235,-75.6328307524,-84.6565846196,-84.6710618595
6.62,-68.9213232753,-79.4615594989,-27.5762820479,-75.3380440502,-84.6581489924,-84.6728699304
6.625,-68.9824070075,-79.5502380607,-28.0405237862,-75.0328492509,-84.6597031694,-84.6746756535
6.63,-69.0427319262,-79.6372013111,-28.5092725066,-74.7170834823,-84.6612468595,-84.6764790075
6.635,-69.102309925,-79.7224837001,-28.9826579075,-74.3906281922,-84.6627797623,-84.6782799701
6.64,-69.1611526925,-79.806118885,-29.4607991725,-74.053407456,-84.6643015681,-84.6800785182
6.645,-69.2192717157,-79.8881397499,-29.9438039803,-73.7053841156,-84.6658119569,-84.6818746278
6.65,-69.2766782839,-79.9685784249,-30.4317674708,-73.3465539147,-84.6673105989,-84.6836682742
6.655,-69.333383492,-80.0474663065,-30.9247711787,-72.9769379482,-84.6687971538,-84.6854594314
6.66,-69.389398244,-80.1248340763,-31.4228819398,-72.5965738705,-84.6702712703,-84.6872480729
6.665,-69.4447332565,-80.200711721,-31.9261507858,-72.2055064091,-84.6717325864,-84.689034171
6.67,-69.4993990623,-80.2751285515,-32.4346118378,-71.8037777863,-84.6731807284,-84.6908176968
6.675,-69.5534060131,-80.348113222,-32.9482812159,-71.3914186585,-84.6746153113,-84.6925986208
6.68,-69.6067642836,-80.4196937487,-33.4671559813,-70.9684401505,-84.6760359375,-84.6943769121
6.685,-69.6594838741,-80.4898975282,-33.9912131287,-70.5348274759,-84.6774421973,-84.6961525387
6.69,-69.711574614,-80.558751356,-34.5204086489,-70.090535521,-84.678833668,-84.6979254677
6.695,-69.7630461647,-80.6262814436,-35.0546766798,-69.6354866267,-84.6802099137,-84.6996956647
6.7,-69.8139080229,-80.6925134365,-35.5939287679,-69.1695706379,-84.6815704848,-84.7014630943
6.705,-69.8641695237,-80.7574724304,-36.1380532566,-68.6926471223,-84.6829149176,-84.7032277198
6.71,-69.9138398432,-80.8211829885,-36.6869148222,-68.2045494869,-84.6842427338,-84.7049895031
6.715,-69.9629280016,-80.883669157,-37.2403541723,-67.7050905581,-84.6855534399,-84.706748405
6.72,-70.0114428661,-80.9449544808,-37.7981879236,-67.1940690443,-84.686846527,-84.7085043847
6.725,-70.0593931539,-81.0050620187,-38.3602086706,-66.6712761831,-84.6881214699,-84.7102574001
6.73,-70.1067874345,-81.0640143583,-38.9261852542,-66.1365017916,-84.6893777268,-84.7120074076
6.735,-70.1536341328,-81.1218336298,-39.4958632388,-65.589538909,-84.6906147385,-84.7137543621
6.74,-70.1999415317,-81.1785415199,-40.0689655976,-65.0301862441,-84.6918319283,-84.7154982169
6.745,-70.2457177745,-81.234159285,-40.6451936071,-64.4582477255,-84.6930287006,-84.7172389238
6.75,-70.2909708677,-81.2887077643,-41.2242279437,-63.8735285954,-84.6942044408,-84.7189764329
6.755,-70.3357086835,-81.3422073912,-41.8057299743,-63.2758276838,-84.6953585147,-84.7207106925
6.76,-70.3799389622,-81.394678206,-42.3893432276,-62.6649257234,-84.6964902675,-84.7224416493
6.765,-70.4236693144,-81.4461398667,-42.9746950303,-62.040569811,-84.697599023,-84.7241692482
6.77,-70.466907224,-81.4966116596,-43.5613982892,-61.4024543531,-84.6986840836,-84.725893432
6.775,-70.5096600499,-81.54611251,-44.1490533998,-60.7501990415,-84.6997447286,-84.7276141419
6.78,-70.5519350285,-81.5946609914,-44.7372502593,-60.083324572,-84.7007802144,-84.7293313169
6.785,-70.5937392761,-81.6422753354,-45.3255703627,-59.4012269294,-84.7017897729,-84.7310448939
6.79,-70.6350797909,-81.6889734402,-45.913588957,-58.7031511356,-84.7027726114,-84.732754808
6.795,-70.6759634554,-81.7347728786,-46.5008772317,-57.9881653577,-84.7037279115,-84.7344609917
6.8,-70.7163970381,-81.7796909066,-47.0870045176,-57.2551362753,-84.7046548283,-84.7361633756
6.805,-70.7563871961,-81.8237444702,-47.6715404786,-56.5027065577,-84.7055524901,-84.7378618878
6.81,-70.7959404766,-81.8669502126,-48.2540572805,-55.7292752503,-84.7064199968,-84.7395564541
6.815,-70.8350633193,-81.9093244808,-48.8341317175,-54.932981822,-84.7072564199,-84.7412469978
6.82,-70.8737620584,-81.9508833318,-49.4113472745,-54.1116945801,-84.7080608013,-84.7429334396
6.825,-70.912042924,-81.9916425382,-49.9852960964,-53.2630041228,-84.708832153,-84.7446156975
6.83,-70.9499120445,-82.0316175938,-50.5555808621,-52.3842224622,-84.7095694555,-84.7462936871
6.835,-70.9873754483,-82.0708237189,-51.121816548,-51.4723884131,-84.7102716579,-84.747967321
6.84,-71.0244390655,-82.1092758647,-51.6836320691,-50.5242797766,-84.710937677,-84.7496365087
6.845,-71.0611087299,-82.1469887181,-52.2406717715,-49.5364327466,-84.7115663961,-84.7513011571
6.85,-71.0973901804,-82.183976706,-52.7925967985,-48.505168792,-84.7121566648,-84.7529611698
6.855,-71.133289063,-82.2202539992,-53.3390862891,-47.42662898,-84.7127072981,-84.7546164472
6.86,-71.1688109324,-82.2558345161,-53.8798383741,-46.2968152481,-84.7132170756,-84.7562668867
6.865,-71.2039612536,-82.290731927,-54.414571086,-45.1116374253,-84.7136847411,-84.7579123819
6.87,-71.2387454035,-82.3249596567,-54.943023088,-43.8669637812,-84.7141090015,-84.7595528233
6.875,-71.2731686725,-82.3585308885,-55.4649542739,-42.5586715031,-84.7144885265,-84.7611880976
6.88,-71.3072362661,-82.3914585671,-55.9801462038,-41.1826918357,-84.7148219479,-84.7628180879
6.885,-71.3409533063,-82.4237554022,-56.4884023119,-39.7350429019,-84.7151078587,-84.7644426733
6.89,-71.3743248332,-82.4554338707,-56.9895480427,-38.2118419473,-84.7153448125,-84.7660617292
6.895,-71.4073558064,-82.4865062209,-57.4834307481,-36.6092886439,-84.7155313231,-84.7676751268
6.9,-71.4400511063,-82.5169844741,-57.9699195721,-34.9236130834,-84.7156658634,-84.7692827331
6.905,-71.4724155359,-82.5468804288,-58.4489052283,-33.1509871005,-84.715746865,-84.770884411
6.91,-71.5044538218,-82.5762056627,-58.9202995648,-31.2874062577,-84.7157727173,-84.7724800188
6.915,-71.5361706155,-82.6049715361,-59.3840350142,-29.328562278,-84.7157417667,-84.7740694102
6.92,-71.5675704952,-82.6331891944,-59.8400638706,-27.2697411966,-84.7156523162,-84.7756524344
6.925,-71.5986579664,-82.6608695714,-60.2883575532,-25.105799181,-84.7155026238,-84.7772289356
6.93,-71.629437464,-82.6880233918,-60.7289059116,-22.8312828151,-84.7152909022,-84.7787987531
6.935,-71.6599133527,-82.7146611746,-61.1617161092,-20.4407692206,-84.7150153176,-84.7803617212
6.94,-71.6900899289,-82.7407932354,-61.5868117638,-17.9294978724,-84.7146739885,-84.7819176688
6.945,-71.7199714214,-82.7664296901,-62.0042321093,-15.2943434432,-84.7142649843,-84.7834664196
6.95,-71.7495619929,-82.7915804572,-62.4140308754,-12.5351307593,-84.7137863244,-84.7850077916
6.955,-71.7788657412,-82.8162552612,-62.8162751552,-9.65621549167,-84.7132359765,-84.7865415972
6.96,-71.8078866999,-82.8404636355,-63.211044242,-6.66815239453,-84.7126118545,-84.7880676429
6.965,-71.83662884,-82.8642149254,-63.5984285508,-3.58916579529,-84.7119118174,-84.7895857295
6.97,-71.8650960707,-82.8875182912,-63.9785284879,-0.446060168161,-84.7111336664,-84.7910956512
6.975,-71.8932922405,-82.9103827113,-64.3514534788,2.72579296544,-84.7102751432,-84.7925971964
6.98,-71.9212211384,-82.932816985,-64.7173208974,5.88364651383,-84.7093339269,-84.7940901466
6.985,-71.9488864949,-82.9548297359,-65.0762549999,8.97978146188,-84.7083076314,-84.795574277
6.99,-71.9762919826,-82.9764294148,-65.4283858635,11.9648711206,-84.7071938021,-84.7970493558
6.995,-72.0034412178,-82.9976243027,-65.7738483983,14.7917926174,-84.7059899121,-84.7985151444
7,-72.0303377612,-83.0184225142,-66.1127814115,17.4192328083,-84.7046933585,-84.7999713968
7.005,-72.0569851186,-83.0388319998,-66.4453266993,19.8144845824,-84.7033014579,-84.8014178598
7.01,-72.0833867424,-83.0588605499,-66.7716281161,21.9550562132,-84.7018114414,-84.8028542729
7.015,-72.1095460318,-83.0785157969,-67.0918307484,23.8290253775,-84.7002204494,-84.8042803674
7.02,-72.1354663345,-83.0978052188,-67.406080186,25.4343336927,-84.6985255258,-84.805695867
7.025,-72.161150947,-83.1167361416,-67.7145218301,26.7773575521,-84.6967236114,-84.8071004872
7.03,-72.1866031154,-83.1353157427,-68.0173002384,27.8711058713,-84.6948115366,-84.8084939351
7.035,-72.2118260368,-83.1535510535,-68.3145585111,28.733332913,-84.6927860145,-84.809875909
7.04,-72.2368228597,-83.1714489622,-68.6064377205,29.3847659989,-84.6906436317,-84.8112460985
7.045,-72.261596685,-83.1890162168,-68.8930764027,29.8475655829,-84.6883808399,-84.8126041842
7.05,-72.2861505665,-83.2062594276,-69.1746101026,30.144071207,-84.6859939459,-84.8139498371
7.055,-72.3104875123,-83.2231850699,-69.4511709704,30.29584245,-84.6834791013,-84.8152827186
7.06,-72.3346104848,-83.2397994868,-69.7228874042,30.3229762003,-84.6808322914,-84.8166024799
7.065,-72.3585224021,-83.2561088917,-69.9898837454,30.2436667812,-84.6780493236,-84.8179087622
7.07,-72.3822261385,-83.2721193707,-70.2522800304,30.0739700215,-84.6751258146,-84.8192011956
7.075,-72.405724525,-83.2878368854,-70.5101917904,29.8277327965,-84.6720571779,-84.8204793995
7.08,-72.4290203505,-83.3032672751,-70.7637298988,29.5166526515,-84.6688386101,-84.8217429816
7.085,-72.4521163621,-83.318416259,-71.0130004626,29.1504354871,-84.6654650769,-84.8229915376
7.09,-72.475015266,-83.333289439,-71.2581047567,28.7370217136,-84.6619312987,-84.824224651
7.095,-72.497719728,-83.3478923017,-71.4991391968,28.2828528573,-84.658231736,-84.8254418924
7.1,-72.5202323745,-83.3622302205,-71.7361953516,27.7931522353,-84.6543605745,-84.8266428188
7.105,-72.5425557928,-83.3763084581,-71.9693599912,27.2721961161,-84.6503117096,-84.8278269735
7.11,-72.5646925317,-83.3901321684,-72.1987151694,26.7235563881,-84.6460787315,-84.8289938848
7.115,-72.5866451026,-83.4037063987,-72.4243383389,26.1503020136,-84.6416549095,-84.8301430661
7.12,-72.6084159797,-83.4170360915,-72.6463024928,25.5551535695,-84.6370331767,-84.8312740146
7.125,-72.6300076007,-83.4301260868,-72.8646763285,24.940591774,-84.6322061148,-84.8323862108
7.13,-72.6514223674,-83.442981124,-73.0795244308,24.3089260153,-84.6271659382,-84.8334791178
7.135,-72.6726626463,-83.4556058438,-73.2909074718,23.6623319136,-84.6219044792,-84.8345521801
7.14,-72.6937307694,-83.4680047899,-73.4988824251,23.0028678276,-84.6164131725,-84.8356048231
7.145,-72.7146290342,-83.480182411,-73.7035027938,22.3324793393,-84.6106830402,-84.8366364518
7.15,-72.7353597048,-83.4921430627,-73.9048188471,21.6529987668,-84.6047046769,-84.8376464502
7.155,-72.7559250123,-83.5038910092,-74.1028778626,20.966144342,-84.5984682352,-84.8386341795
7.16,-72.7763271552,-83.5154304248,-74.2977243734,20.2735214123,-84.591963411,-84.8395989779
7.165,-72.7965682999,-83.5267653963,-74.4894004145,19.5766262499,-84.5851794306,-84.8405401586
7.17,-72.8166505815,-83.5378999237,-74.6779457694,18.8768519254,-84.5781050366,-84.841457009
7.175,-72.8365761039,-83.548837923,-74.8633982126,18.1754951948,-84.5707284759,-84.8423487894
7.18,-72.8563469408,-83.5595832268,-75.0457937475,17.473763319,-84.5630374884,-84.8432147312
7.185,-72.8759651357,-83.5701395867,-75.2251668363,16.7727799953,-84.5550192963,-84.844054036
7.19,-72.8954327027,-83.5805106744,-75.401550622,16.0735899584,-84.5466605954,-84.8448658738
7.195,-72.9147516267,-83.5907000836,-75.5749771396,15.37716217,-84.5379475473,-84.8456493816
7.2,-72.9339238642,-83.6007113315,-75.7454775169,14.6843917883,-84.528865774,-84.8464036616
7.205,-72.9529513435,-83.6105478601,-75.9130821643,13.9961012677,-84.5194003534,-84.8471277798
7.21,-72.9718359652,-83.620213038,-76.0778209509,13.3130409805,-84.5095358176,-84.8478207642
7.215,-72.9905796027,-83.6297101618,-76.2397233676,12.6358897219,-84.4992561525,-84.8484816029
7.22,-73.0091841025,-83.6390424576,-76.3988186767,11.9652553683,-84.488544799,-84.8491092424
7.225,-73.0276512849,-83.6482130824,-76.5551360469,11.3016758553,-84.4773846563,-84.8497025857
7.23,-73.045982944,-83.6572251257,-76.7087046726,10.6456205366,-84.4657580857,-84.8502604906
7.235,-73.0641808485,-83.6660816107,-76.8595538804,9.99749190135,-84.4536469157,-84.8507817676
7.24,-73.0822467419,-83.674785496,-77.0077132195,9.35762757067,-84.4410324467,-84.8512651777
7.245,-73.1001823429,-83.6833396766,-77.1532125387,8.72630246762,-84.4278954548,-84.8517094311
7.25,-73.1179893458,-83.6917469858,-77.2960820502,8.10373106012,-84.4142161951,-84.8521131843
7.255,-73.1356694211,-83.700010196,-77.4363523789,7.49006960498,-84.399974401,-84.852475039
7.26,-73.1532242153,-83.7081320204,-77.5740546014,6.88541836973,-84.3851492808,-84.8527935393
7.265,-73.170655352,-83.7161151143,-77.7092202714,6.28982386583,-84.3697195097,-84.85306717
7.27,-73.1879644317,-83.7239620762,-77.841881436,5.70328118025,-84.3536632154,-84.8532943546
7.275,-73.2051530324,-83.7316754491,-77.9720706408,5.12573653242,-84.3369579576,-84.8534734533
7.28,-73.22222271,-83.7392577221,-78.0998209265,4.55709019872,-84.3195806995,-84.8536027607
7.285,-73.2391749985,-83.7467113311,-78.225165818,3.9971999326,-84.3015077709,-84.8536805042
7.29,-73.2560114103,-83.7540386604,-78.348139305,3.44588496464,-84.2827148221,-84.8537048413
7.295,-73.2727334367,-83.7612420438,-78.4687758176,2.90293060058,-84.2631767688,-84.8536738584
7.3,-73.2893425481,-83.7683237657,-78.5871101954,2.3680933569,-84.2428677272,-84.8535855681
7.305,-73.3058401945,-83.7752860623,-78.7031776529,1.84110649794,-84.2217609398,-84.8534379077
7.31,-73.3222278054,-83.7821311227,-78.8170137399,1.32168577775,-84.1998286921,-84.8532287365
7.315,-73.3385067908,-83.7888610901,-78.9286543002,0.809535154715,-84.1770422212,-84.8529558343
7.32,-73.3546785407,-83.7954780627,-79.0381354262,0.304352241101,-84.1533716171,-84.8526168987
7.325,-73.3707444259,-83.8019840949,-79.1454934131,-0.194166727856,-84.1287857167,-84.8522095432
7.33,-73.3867057984,-83.8083811982,-79.2507647113,-0.6863225749,-84.1032519942,-84.8517312947
7.335,-73.4025639912,-83.8146713425,-79.3539858775,-1.17240962195,-84.0767364459,-84.8511795909
7.34,-73.4183203191,-83.8208564568,-79.4551935271,-1.65271293736,-84.0492034744,-84.8505517777
7.345,-73.4339760783,-83.8269384301,-79.554424285,-2.12750637492,-84.0206157706,-84.8498451065
7.35,-73.4495325478,-83.8329191127,-79.6517147387,-2.59705134101,-83.9909341978,-84.8490567309
7.355,-73.4649909883,-83.8388003169,-79.7471013907,-3.06159619164,-83.960117678,-84.8481837035
7.36,-73.4803526435,-83.8445838179,-79.8406206134,-3.5213761424,-83.9281230831,-84.8472229725
7.365,-73.4956187401,-83.8502713547,-79.9323086047,-3.97661356996,-83.8949051324,-84.8461713775
7.37,-73.5107904876,-83.8558646309,-80.0222013455,-4.42751859141,-83.8604162992,-84.8450256456
7.375,-73.5258690794,-83.8613653158,-80.1103345588,-4.87428982206,-83.8246067279,-84.8437823865
7.38,-73.540855692,-83.8667750448,-80.1967436711,-5.31711523173,-83.7874241623,-84.8424380883
7.385,-73.5557514864,-83.8720954206,-80.281463776,-5.75617303811,-83.7488138897,-84.8409891114
7.39,-73.5705576072,-83.8773280136,-80.3645295993,-6.19163259381,-83.708718697,-84.8394316832
7.395,-73.5852751838,-83.882474363,-80.4459754672,-6.623655238,-83.667078844,-84.8377618924
7.4,-73.5999053299,-83.8875359774,-80.5258352763,-7.052395095,-83.6238320486,-84.835975682
7.405,-73.6144491444,-83.8925143353,-80.6041424664,-7.47799981101,-83.5789134841,-84.8340688426
7.41,-73.628907711,-83.8974108864,-80.680929995,-7.90061122587,-83.5322557849,-84.8320370054
7.415,-73.6432820986,-83.9022270514,-80.7562303152,-8.32036598159,-83.4837890531,-84.8298756346
7.42,-73.657573362,-83.9069642235,-80.830075355,-8.73739607238,-83.4334408624,-84.8275800193
7.425,-73.6717825414,-83.9116237686,-80.9024964993,-9.15182934262,-83.3811362471,-84.8251452654
7.43,-73.6859106629,-83.916207026,-80.973524575,-9.56378994101,-83.32679767,-84.8225662873
7.435,-73.6999587391,-83.9207153092,-81.0431898365,-9.9733987388,-83.2703449566,-84.8198377988
7.44,-73.7139277685,-83.925149906,-81.1115219558,-10.3807737202,-83.2116951868,-84.8169543044
7.445,-73.7278187364,-83.9295120799,-81.1785500124,-10.7860303519,-83.1507625345,-84.8139100901
7.45,-73.7416326148,-83.9338030699,-81.244302487,-11.1892819373,-83.0874580486,-84.8106992141
7.455,-73.7553703627,-83.9380240913,-81.3088072564,-11.5906399607,-83.0216893707,-84.8073154971
7.46,-73.7690329259,-83.9421763366,-81.3720915902,-11.9902144226,-82.9533603933,-84.8037525131
7.465,-73.782621238,-83.9462609755,-81.4341821495,-12.3881141698,-82.8823708637,-84.8000035789
7.47,-73.7961362196,-83.9502791556,-81.4951049876,-12.7844472199,-82.8086159495,-84.7960617445
7.475,-73.8095787794,-83.9542320032,-81.5548855514,-13.1793210797,-82.7319857897,-84.7919197826
7.48,-73.8229498137,-83.9581206232,-81.6135486855,-13.5728430588,-82.652365062,-84.7875701779
7.485,-73.8362502069,-83.9619461002,-81.6711186362,-13.9651205749,-82.569632604,-84.7830051156
7.49,-73.8494808316,-83.9657094985,-81.7276190584,-14.3562614524,-82.483661134,-84.7782164701
7.495,-73.8626425488,-83.9694118627,-81.7830730219,-14.74637421,-82.3943171132,-84.7731957924
7.5,-73.875736208,-83.9730542183,-81.8375030205,-15.135568337,-82.3014607916,-84.7679342969
7.505,-73.8887626474,-83.9766375718,-81.8909309804,-15.5239545554,-82.2049464683,-84.7624228474
7.51,-73.901722694,-83.9801629115,-81.9433782708,-15.9116450629,-82.1046229848,-84.7566519425
7.515,-73.9146171641,-83.9836312076,-81.9948657142,-16.2987537547,-82.0003344485,-84.7506116992
7.52,-73.9274468629,-83.9870434126,-82.045413598,-16.6853964194,-81.8919211669,-84.7442918366
7.525,-73.940212585,-83.9904004622,-82.0950416861,-17.0716909043,-81.7792207485,-84.7376816583
7.53,-73.9529151145,-83.9937032747,-82.1437692315,-17.4577572483,-81.6620693102,-84.7307700342
7.535,-73.9655552252,-83.9969527525,-82.1916149887,-17.8437177795,-81.5403027178,-84.7235453821
7.54,-73.9781336807,-84.0001497814,-82.2385972269,-18.2296971779,-81.413757776,-84.7159956491
7.545,-73.9906512345,-84.0032952319,-82.2847337425,-18.6158225032,-81.2822732884,-84.7081082931
7.55,-74.00310863,-84.0063899588,-82.3300418732,-19.0022231924,-81.145690909,-84.6998702654
7.555,-74.015506601,-84.009434802,-82.3745385102,-19.3890310309,-81.0038557251,-84.6912679941
7.56,-74.0278458718,-84.0124305864,-82.4182401121,-19.7763801016,-80.8566165234,-84.6822873688
7.565,-74.0401271568,-84.0153781226,-82.4611627181,-20.1644067206,-80.7038257157,-84.6729137282
7.57,-74.0523511613,-84.0182782072,-82.5033219601,-20.5532493626,-80.5453389209,-84.6631318481
7.575,-74.0645185814,-84.0211316227,-82.5447330764,-20.9430485837,-80.3810142209,-84.6529259337
7.58,-74.0766301038,-84.0239391383,-82.5854109239,-21.3339469458,-80.2107111299,-84.6422796132
7.585,-74.0886864065,-84.0267015098,-82.6253699902,-21.7260889452,-80.0342893315,-84.6311759346
7.59,-74.1006881584,-84.02941948,-82.6646244058,-22.1196209492,-79.8516072512,-84.6195973641
7.595,-74.1126360199,-84.032093779,-82.7031879557,-22.5146911405,-79.6625205397,-84.6075257875
7.6,-74.1245306426,-84.0347251245,-82.7410740905,-22.9114494685,-79.4668805421,-84.5949425132
7.605,-74.1363726697,-84.037314222,-82.7782959377,-23.3100476085,-79.2645328261,-84.5818282755
7.61,-74.148162736,-84.0398617649,-82.8148663121,-23.7106389223,-79.0553158278,-84.56816324
7.615,-74.159901468,-84.0423684351,-82.8507977257,-24.1133784207,-78.8390596616,-84.5539270083
7.62,-74.1715894842,-84.044834903,-82.886102398,-24.518422721,-78.6155851146,-84.539098622
7.625,-74.1832273947,-84.0472618275,-82.9207922651,-24.9259299969,-78.3847028268,-84.523656566
7.63,-74.1948158022,-84.0496498569,-82.9548789888,-25.3360599154,-78.146212628,-84.5075787703
7.635,-74.2063553012,-84.0519996283,-82.9883739655,-25.7489735555,-77.8999029808,-84.4908426082
7.64,-74.2178464786,-84.0543117685,-83.0212883339,-26.1648333043,-77.645550453,-84.4734248939
7.645,-74.2292899137,-84.0565868938,-83.0536329839,-26.5838027255,-77.3829191244,-84.4553018748
7.65,-74.2406861784,-84.0588256103,-83.0854185632,-27.0060463948,-77.1117598168,-84.4364492224
7.655,-74.252035837,-84.0610285142,-83.1166554854,-27.4317296973,-76.8318090245,-84.4168420185
7.66,-74.2633394467,-84.063196192,-83.1473539366,-27.8610185833,-76.5427874204,-84.3964547385
7.665,-74.2745975574,-84.0653292203,-83.1775238821,-28.294079275,-76.2443978088,-84.3752612301
7.67,-74.285810712,-84.0674281665,-83.207175073,-28.7310779228,-75.9363224053,-84.3532346896
7.675,-74.2969794463,-84.0694935889,-83.2363170522,-29.1721802028,-75.6182193338,-84.3303476328
7.68,-74.3081042894,-84.0715260364,-83.2649591602,-29.6175508543,-75.2897182465,-84.3065718629
7.685,-74.3191857632,-84.0735260493,-83.2931105411,-30.0673531505,-74.950414994,-84.2818784334
7.69,-74.3302243833,-84.0754941591,-83.3207801479,-30.521748299,-74.5998652928,-84.256237606
7.695,-74.3412206585,-84.0774308885,-83.3479767474,-30.9808947683,-74.2375773599,-84.229618803
7.7,-74.352175091,-84.0793367522,-83.374708926,-31.4449475362,-73.8630035019,-84.2019905529
7.705,-74.3630881767,-84.0812122564,-83.400985094,-31.914057257,-73.4755306568,-84.173320428
7.71,-74.373960405,-84.0830578991,-83.4268134903,-32.3883693448,-73.0744698935,-84.1435749731
7.715,-74.3847922591,-84.0848741706,-83.4522021874,-32.8680229709,-72.6590448747,-84.112719622
7.72,-74.3955842161,-84.0866615533,-83.4771590955,-33.3531499742,-72.228379304,-84.0807186014
7.725,-74.4063367469,-84.0884205218,-83.5016919668,-33.8438736844,-71.7814834181,-84.0475348191
7.73,-74.4170503163,-84.0901515433,-83.5258084,-34.3403076591,-71.3172396867,-84.0131297334
7.735,-74.4277253833,-84.0918550775,-83.5495158435,-34.8425543383,-70.8343880849,-83.9774632009
7.74,-74.4383624009,-84.093531577,-83.5728216004,-35.3507036194,-70.3315116433,-83.9404933014
7.745,-74.4489618166,-84.095181487,-83.5957328316,-35.8648313606,-69.807023498,-83.9021761329
7.75,-74.4595240718,-84.0968052458,-83.6182565594,-36.3849978202,-69.2591573477,-83.8624655778
7.755,-74.4700496025,-84.0984032849,-83.6403996718,-36.9112460444,-68.685964027,-83.8213130336
7.76,-74.4805388392,-84.0999760289,-83.6621689253,-37.4436002165,-68.0853176557,-83.7786671075
7.765,-74.4909922067,-84.1015238956,-83.6835709485,-37.9820639849,-67.4549352484,-83.7344732713
7.77,-74.5014101247,-84.1030472965,-83.7046122457,-38.526618791,-66.7924133487,-83.6886734778
7.775,-74.5117930072,-84.1045466366,-83.7252991997,-39.0772222185,-66.0952837511,-83.6412057376
7.78,-74.5221412632,-84.1060223144,-83.7456380751,-39.6338063919,-65.3610873426,-83.5920036628
7.785,-74.5324552964,-84.1074747223,-83.7656350212,-40.1962764546,-64.5874606149,-83.5409959829
7.79,-74.5427355054,-84.1089042466,-83.7852960752,-40.7645091562,-63.7722241548,-83.4881060476
7.795,-74.5529822838,-84.1103112675,-83.8046271648,-41.3383515866,-62.9134578497,-83.4332513297
7.8,-74.5631960201,-84.1116961592,-83.8236341108,-41.9176200915,-62.0095455173,-83.3763429514
7.805,-74.5733770979,-84.1130592903,-83.8423226301,-42.502099407,-61.0591738375,-83.3172852556
7.81,-74.5835258959,-84.1144010234,-83.8606983382,-43.0915420503,-60.0612775002,-83.2559754462
7.815,-74.5936427882,-84.1157217157,-83.8787667512,-43.685668001,-59.0149334251,-83.192303317
7.82,-74.603728144,-84.1170217186,-83.8965332887,-44.2841647068,-57.9192193382,-83.1261510852
7.825,-74.6137823277,-84.1183013784,-83.9140032761,-44.8866874395,-56.7730626972,-83.0573933328
7.83,-74.6238056994,-84.1195610355,-83.9311819461,-45.4928600227,-55.5751120773,-82.9858970481
7.835,-74.6337986145,-84.1208010255,-83.9480744417,-46.1022759449,-54.3236628483,-82.9115217502
7.84,-74.6437614237,-84.1220216785,-83.9646858175,-46.7144998592,-53.0166620141,-82.8341196643
7.845,-74.6536944736,-84.1232233197,-83.981021042,-47.3290694648,-51.6518044345,-82.7535359139
7.85,-74.6635981063,-84.124406269,-83.9970849993,-47.9454977487,-50.2267164569,-82.6696086941
7.855,-74.6734726596,-84.1255708416,-84.0128824908,-48.563275561,-48.7392062478,-82.5821693971
7.86,-74.6833184668,-84.1267173476,-84.028418237,-49.1818744828,-47.1875463457,-82.491042675
7.865,-74.6931358574,-84.1278460924,-84.0436968789,-49.8007499406,-45.5707465156,-82.3960464441
7.87,-74.7029251565,-84.1289573766,-84.0587229796,-50.4193445161,-43.8887760161,-82.2969918541
7.875,-74.7126866851,-84.1300514963,-84.0735010259,-51.0370913987,-42.1427038509,-82.1936832649
7.88,-74.7224207602,-84.1311287427,-84.0880354291,-51.6534179274,-40.3347409249,-82.085918289
7.885,-74.7321276949,-84.1321894029,-84.1023305271,-52.2677491771,-38.4681850691,-81.9734879606
7.89,-74.7418077981,-84.1332337593,-84.1163905849,-52.8795115432,-36.5472844778,-81.8561770935
7.895,-74.751461375,-84.1342620898,-84.130219796,-53.4881362888,-34.5770447265,-81.7337648725
7.9,-74.7610887271,-84.1352746683,-84.1438222836,-54.0930630243,-32.5630089929,-81.6060257052
7.905,-74.7706901518,-84.1362717643,-84.1572021016,-54.6937430921,-30.5110415499,-81.4727303332
7.91,-74.7802659428,-84.137253643,-84.1703632355,-55.289642828,-28.4271421115,-81.3336471733
7.915,-74.7898163904,-84.1382205657,-84.1833096032,-55.8802466573,-26.3173132466,-81.1885438317
7.92,-74.799341781,-84.1391727895,-84.1960450562,-56.4650600248,-24.1874942532,-81.0371887125
7.925,-74.8088423973,-84.1401105676,-84.2085733805,-57.0436121145,-22.0435626592,-80.8793526247
7.93,-74.8183185187,-84.1410341492,-84.2208982968,-57.6154583254,-19.8913905794,-80.7148102865
7.935,-74.827770421,-84.1419437797,-84.2330234621,-58.1801824645,-17.7369307436,-80.5433416258
7.94,-74.8371983765,-84.1428397006,-84.2449524699,-58.7373986474,-15.5862997252,-80.3647327871
7.945,-74.8466026541,-84.1437221498,-84.2566888508,-59.2867528775,-13.4458261536,-80.1787767701
7.95,-74.8559835193,-84.1445913613,-84.268236074,-59.827924188,-11.3220397093,-79.9852736456
7.955,-74.8653412342,-84.1454475655,-84.279597547,-60.3606254662,-9.2215904503,-79.7840303169
7.96,-74.8746760579,-84.1462909895,-84.2907766168,-60.8846031346,-7.15110411771,-79.5748598156
7.965,-74.8839882458,-84.1471218565,-84.3017765705,-61.3996379351,-5.1169938656,-79.357580143
7.97,-74.8932780506,-84.1479403864,-84.312600636,-61.9055451227,-3.12525943387,-79.1320126894
7.975,-74.9025457213,-84.1487467956,-84.3232519822,-62.4021737077,-1.18130938019,-78.8979802834
7.98,-74.9117915041,-84.1495412974,-84.3337337202,-62.8894054397,0.710159954207,-78.6553049536
7.985,-74.9210156422,-84.1503241013,-84.3440489035,-63.3671535516,2.54520311695,-78.4038055076
7.99,-74.9302183754,-84.1510954139,-84.3542005287,-63.8353613064,4.32056917527,-78.1432950749
7.995,-74.9393999408,-84.1518554386,-84.3641915365,-64.2940003834,6.03355363815,-77.8735787933
8,-74.9485605724,-84.1526043754,-84.3740248115,-64.7430690615,7.68177870103,-77.5944518582
8.005,-74.9577005013,-84.1533424213,-84.3837031837,-65.1825903048,9.26293645181,-77.3056981816
8.01,-74.9668199555,-84.1540697703,-84.3932294287,-65.6126097601,10.7745393178,-77.0070899188
8.015,-74.9759191605,-84.1547866132,-84.4026062684,-66.0331936984,12.2137242481,-76.6983881071
8.02,-74.9849983388,-84.155493138,-84.4118363714,-66.4444269584,13.5771505635,-76.3793446053
8.025,-74.9940577099,-84.1561895296,-84.4209223543,-66.8464109237,14.8610164939,-76.0497054351
8.03,-75.0030974909,-84.1568759703,-84.4298667819,-67.2392615553,16.061198714,-75.709215491
8.035,-75.012117896,-84.1575526392,-84.4386721676,-67.6231074999,17.173496994,-75.3576244265
8.04,-75.0211191366,-84.1582197128,-84.4473409751,-67.9980882933,18.1939474383,-74.9946933541
8.045,-75.0301014217,-84.1588773649,-84.455875618,-68.3643526726,19.1191569083,-74.6202018355
8.05,-75.0390649575,-84.1595257664,-84.4642784611,-68.7220570141,19.9466102278,-74.2339545148
8.055,-75.0480099478,-84.1601650857,-84.4725518214,-69.0713638996,20.6749100564,-73.8357866862
8.06,-75.0569365934,-84.1607954884,-84.480697968,-69.4124408048,21.3039240019,-73.4255680905
8.065,-75.0658450932,-84.1614171378,-84.4887191238,-69.7454589163,21.8348305322,-73.0032043252
8.07,-75.0747356431,-84.1620301944,-84.4966174655,-70.0705920676,22.2700706188,-72.5686353969
8.075,-75.0836084367,-84.1626348162,-84.5043951251,-70.3880157957,22.6132230859,-72.1218311472
8.08,-75.0924636654,-84.1632311589,-84.51205419,-70.6979065118,22.8688272874,-71.6627835008
8.085,-75.1013015178,-84.1638193755,-84.5195967043,-71.0004407774,23.0421774413,-71.1914957017
8.09,-75.1101221804,-84.164399617,-84.5270246696,-71.295794677,23.139110033,-70.707968892
8.095,-75.1189258372,-84.1649720317,-84.5343400455,-71.5841432771,23.1658008145,-70.2121865307
8.1,-75.1277126701,-84.1655367658,-84.5415447506,-71.8656601627,23.1285824703,-69.7040972419
8.105,-75.1364828585,-84.166093963,-84.5486406636,-72.140517041,23.0337890129,-69.1835967179
8.11,-75.1452365796,-84.166643765,-84.5556296236,-72.4088834066,22.8876289346,-68.6505092917
8.115,-75.1539740084,-84.1671863111,-84.5625134315,-72.670926259,22.6960862542,-68.1045697404
8.12,-75.1626953178,-84.1677217386,-84.5692938506,-72.926809867,22.4648467834,-67.5454058065
8.125,-75.1714006783,-84.1682501824,-84.5759726072,-73.1766955732,22.1992460196,-66.9725218236
8.13,-75.1800902585,-84.1687717757,-84.582551392,-73.4207416326,21.9042348118,-66.3852837395
8.135,-75.1887642246,-84.1692866491,-84.5890318603,-73.6591030815,21.5843591363,-65.782905727
8.14,-75.1974227409,-84.1697949317,-84.5954156336,-73.8919316323,21.2437507873,-65.1644384909
8.145,-75.2060659697,-84.1702967502,-84.6017042996,-74.1193755909,20.8861263783,-64.5287593116
8.15,-75.214694071,-84.1707922294,-84.6078994137,-74.3415797938,20.5147926804,-63.8745638264
8.155,-75.223307203,-84.1712814924,-84.6140024994,-74.5586855621,20.132656906,-63.20035955
8.16,-75.2319055219,-84.1717646601,-84.6200150493,-74.7708306696,19.7422410336,-62.5044611924
8.165,-75.2404891818,-84.1722418516,-84.6259385259,-74.9781493239,19.3456996232,-61.7849879564
8.17,-75.2490583348,-84.1727131841,-84.6317743624,-75.180772158,18.9448407807,-61.0398632091
8.175,-75.2576131314,-84.1731787732,-84.6375239633,-75.3788262311,18.5411499735,-60.2668172341
8.18,-75.26615372,-84.1736387325,-84.6431887052,-75.5724350384,18.1358163111,-59.4633941655
8.185,-75.2746802469,-84.1740931738,-84.6487699379,-75.7617185286,17.7297607008,-58.6269646532
8.19,-75.283192857,-84.1745422073,-84.6542689846,-75.946793128,17.3236650246,-57.7547462057
8.195,-75.2916916931,-84.1749859413,-84.659687143,-76.1277717719,16.9180012267,-56.8438333825
8.2,-75.3001768961,-84.1754244827,-84.6650256858,-76.3047639418,16.5130590129,-55.8912398416
8.205,-75.3086486055,-84.1758579365,-84.6702858616,-76.477875709,16.1089708207,-54.8939534647
8.21,-75.3171069586,-84.1762864061,-84.6754688953,-76.6472097828,15.7057328803,-53.849004227
8.215,-75.3255520912,-84.1767099935,-84.6805759888,-76.8128655651,15.3032215732,-52.7535420887
8.22,-75.3339841374,-84.1771287987,-84.6856083217,-76.9749392093,14.9012049169,-51.6049192538
8.225,-75.3424032295,-84.1775429206,-84.6905670521,-77.1335236847,14.4993497921,-50.4007682284
8.23,-75.3508094981,-84.1779524562,-84.6954533169,-77.2887088449,14.0972263655,-49.1390651591
8.235,-75.3592030722,-84.1783575013,-84.7002682323,-77.4405815015,13.6943118855,-47.8181679196
8.24,-75.3675840792,-84.1787581501,-84.7050128947,-77.5892255008,13.2899964398,-46.4368210695
8.245,-75.3759526449,-84.1791544951,-84.709688381,-77.7347218053,12.8835931953,-44.9941251676
8.25,-75.3843088933,-84.1795466278,-84.7142957493,-77.8771485777,12.4743550258,-43.4894750915
8.255,-75.3926529471,-84.1799346378,-84.7188360391,-78.0165812684,12.0614983145,-41.9224792675
8.26,-75.4009849272,-84.1803186138,-84.7233102721,-78.1530927055,11.6442333188,-40.2928768962
8.265,-75.4093049532,-84.1806986428,-84.7277194524,-78.2867531871,11.2217990927,-38.6004715474
8.27,-75.4176131429,-84.1810748104,-84.7320645673,-78.4176305749,10.7934999141,-36.8450960506
8.275,-75.4259096128,-84.1814472012,-84.7363465872,-78.5457903891,10.3587396863,-35.0266160915
8.28,-75.4341944779,-84.1818158982,-84.7405664667,-78.6712959047,9.91705096229,-33.1449704495
8.285,-75.4424678516,-84.1821809831,-84.7447251443,-78.7942082473,9.4681159935,-31.2002374395
8.29,-75.4507298459,-84.1825425366,-84.7488235433,-78.914586489,9.01177831593,-29.1927129411
8.295,-75.4589805716,-84.1829006379,-84.752862572,-79.0324877442,8.54804459978,-27.1229874414
8.3,-75.4672201377,-84.1832553651,-84.7568431239,-79.147967263,8.07707757152,-24.992017856
8.305,-75.4754486521,-84.1836067949,-84.7607660783,-79.2610785243,7.59918161605,-22.8012022148
8.31,-75.4836662211,-84.1839550031,-84.7646323005,-79.3718733256,7.11478311696,-20.5524772655
8.315,-75.4918729499,-84.1843000641,-84.7684426421,-79.4804018718,6.62440770869,-18.2484654365
8.32,-75.5000689421,-84.1846420512,-84.7721979412,-79.5867128597,6.12865645987,-15.8926939999
8.325,-75.5082543001,-84.1849810365,-84.7758990231,-79.6908535602,5.62818266889,-13.4898937689
8.33,-75.516429125,-84.1853170912,-84.7795467,-79.7928698974,5.12367051852,-11.0463590069
8.335,-75.5245935164,-84.1856502851,-84.7831417717,-79.8928065232,4.61581638356,-8.57031999325
8.34,-75.532747573,-84.1859806871,-84.7866850257,-79.9907068887,4.10531316993,-6.0722534101
8.345,-75.5408913917,-84.186308365,-84.7901772375,-80.0866133118,3.59283772469,-3.56504279545
8.35,-75.5490250688,-84.1866333855,-84.7936191707,-80.1805670398,3.07904110994,-1.06390924834
8.355,-75.5571486988,-84.1869558143,-84.7970115773,-80.2726083095,2.56454138308,1.41393612399
8.36,-75.5652623752,-84.187275716,-84.8003551981,-80.3627764016,2.04991846019,3.8499164976
8.365,-75.5733661903,-84.1875931543,-84.8036507626,-80.451109692,1.53571064041,6.22493183042
8.37,-75.5814602353,-84.1879081919,-84.8068989894,-80.537645699,1.02241241626,8.52031283342
8.375,-75.5895445999,-84.1882208903,-84.8101005863,-80.6224211259,0.510473266519,10.7187547708
8.38,-75.5976193731,-84.1885313104,-84.8132562506,-80.7054719006,0.000297206687373,12.8051055006
8.385,-75.6056846423,-84.1888395119,-84.8163666692,-80.7868332115,-0.507757056651,14.7669169941
8.39,-75.613740494,-84.1891455536,-84.8194325186,-80.8665395386,-1.01337546513,16.5947219637
8.395,-75.6217870135,-84.1894494934,-84.8224544656,-80.9446246833,-1.51628750229,18.2820513108
8.4,-75.6298242851,-84.1897513884,-84.8254331669,-81.0211217934,-2.01626468378,19.8252491984
8.405,-75.6378523919,-84.1900512945,-84.8283692693,-81.0960633862,-2.51311868282,21.2231621089
8.41,-75.645871416,-84.1903492671,-84.8312634104,-81.1694813679,-3.00669913586,22.4767758138
8.415,-75.6538814383,-84.1906453604,-84.834116218,-81.2414070521,-3.49689118441,23.588855998
8.42,-75.6618825388,-84.1909396281,-84.8369283108,-81.3118711741,-3.98361281955,24.5636236175
8.425,-75.6698747962,-84.1912321226,-84.8397002985,-81.3809039052,-4.46681210286,25.4064733933
8.43,-75.6778582886,-84.1915228959,-84.8424327814,-81.4485348634,-4.94646433951,26.1237283171
8.435,-75.6858330926,-84.191811999,-84.8451263511,-81.5147931243,-5.4225692757,26.7224159754
8.44,-75.6937992841,-84.192099482,-84.8477815906,-81.5797072289,-5.89514838493,27.2100523033
8.445,-75.701756938,-84.1923853944,-84.8503990741,-81.6433051922,-6.36424229642,27.5944222274
8.45,-75.709706128,-84.1926697847,-84.8529793672,-81.7056145088,-6.82990840687,27.8833520998
8.455,-75.717646927,-84.1929527009,-84.8555230274,-81.76666216,-7.29221870442,28.0844746934
8.46,-75.725579407,-84.19323419,-84.8580306035,-81.8264746183,-7.7512578224,28.2049939173
8.465,-75.7335036389,-84.1935142984,-84.8605026366,-81.8850778528,-8.2071213312,28.2514637325
8.47,-75.7414196926,-84.1937930717,-84.8629396595,-81.9424973338,-8.65991426891,28.2296034054
8.475,-75.7493276374,-84.1940705547,-84.865342197,-81.9987580377,-9.10974990517,28.1441766828
8.48,-75.7572275414,-84.1943467916,-84.8677107663,-82.053884451,-9.55674872803,27.9989616778
8.485,-75.7651194719,-84.1946218259,-84.8700458766,-82.1079005756,-10.0010376392,27.7968278546
8.49,-75.7730034952,-84.1948957003,-84.8723480298,-82.1608299332,-10.442749339,27.539916851
8.495,-75.7808796769,-84.195168457,-84.8746177199,-82.2126955701,-10.8820218783,27.2299006952
8.5,-75.7887480816,-84.1954401372,-84.876855434,-82.2635200631,-11.3189983504,26.8682732211
8.505,-75.7966087731,-84.1957107818,-84.8790616514,-82.3133255243,-11.7538266928,26.45662517
8.51,-75.8044618142,-84.1959804309,-84.8812368444,-82.3621336076,-12.1866595664,25.9968616674
8.515,-75.8123072672,-84.1962491237,-84.8833814783,-82.4099655142,-12.6176542795,25.4913378941
8.52,-75.8201451932,-84.1965168993,-84.8854960113,-82.4568419998,-13.0469727265,24.9429079978
8.525,-75.8279756527,-84.1967837957,-84.8875808945,-82.5027833809,-13.4747813149,24.3548979889
8.53,-75.8357987053,-84.1970498504,-84.8896365725,-82.547809542,-13.9012508623,23.7310227433
8.535,-75.8436144098,-84.1973151005,-84.8916634829,-82.5919399431,-14.3265564513,23.0752702047
8.54,-75.8514228243,-84.1975795823,-84.8936620569,-82.6351936272,-14.7508772373,22.391773952
8.545,-75.859224006,-84.1978433314,-84.8956327191,-82.6775892283,-15.1743962149,21.6846905603
8.55,-75.8670180114,-84.1981063832,-84.8975758874,-82.719144979,-15.5972999472,20.9580925224
8.555,-75.8748048963,-84.1983687721,-84.8994919739,-82.7598787193,-16.0197782721,20.2158822368
8.56,-75.8825847155,-84.1986305322,-84.9013813838,-82.7998079042,-16.4420239959,19.4617284413
8.565,-75.8903575234,-84.198891697,-84.9032445166,-82.8389496123,-16.8642325839,18.6990236989
8.57,-75.8981233733,-84.1991522994,-84.9050817655,-82.8773205541,-17.2866018573,17.9308600043
8.575,-75.9058823182,-84.1994123717,-84.9068935178,-82.9149370803,-17.709331699,17.1600189966
8.58,-75.9136344099,-84.1996719458,-84.9086801548,-82.9518151903,-18.132623768,16.3889733094
8.585,-75.9213796999,-84.199931053,-84.910442052,-82.9879705397,-18.5566812202,15.619895983
8.59,-75.9291182388,-84.2001897242,-84.9121795793,-83.0234184492,-18.9817084276,14.8546753934
8.595,-75.9368500765,-84.2004479895,-84.9138931008,-83.0581739122,-19.4079106885,14.0949336939
8.6,-75.9445752624,-84.2007058787,-84.915582975,-83.0922516023,-19.8354939202,13.342047246
8.605,-75.9522938449,-84.2009634212,-84.9172495551,-83.1256658815,-20.2646643241,12.5971679107
8.61,-75.960005872,-84.2012206458,-84.9188931886,-83.1584308073,-20.6956280166,11.8612443884
8.615,-75.967711391,-84.2014775807,-84.9205142181,-83.1905601398,-21.1285906183,11.1350430316
8.62,-75.9754104485,-84.2017342537,-84.9221129806,-83.222067349,-21.5637567973,10.4191677419
8.625,-75.9831030904,-84.2019906923,-84.923689808,-83.2529656217,-22.0013297619,9.71407869428
8.63,-75.9907893621,-84.2022469233,-84.9252450273,-83.2832678676,-22.4415107016,9.02010974042
8.635,-75.9984693083,-84.2025029732,-84.9267789602,-83.3129867261,-22.8844981745,8.33748441503
8.64,-76.0061429731,-84.202758868,-84.9282919237,-83.3421345724,-23.3304874409,7.66633052954
8.645,-76.0138103999,-84.2030146333,-84.92978423,-83.3707235231,-23.7796697437,7.00669337703
8.65,-76.0214716317,-84.203270294,-84.9312561861,-83.3987654422,-24.2322315367,6.35854760216
8.655,-76.0291267106,-84.2035258751,-84.9327080949,-83.4262719465,-24.6883536602,5.7218078093
8.66,-76.0367756784,-84.2037814006,-84.9341402541,-83.4532544109,-25.1482104677,5.09633799385
8.665,-76.0444185762,-84.2040368946,-84.9355529572,-83.4797239734,-25.6119689041,4.48195988811
8.67,-76.0520554445,-84.2042923803,-84.9369464929,-83.5056915402,-26.0797875382,3.87846031458
8.675,-76.0596863233,-84.2045478808,-84.9383211459,-83.5311677899,-26.5518155536,3.28559763835
8.68,-76.0673112518,-84.2048034188,-84.9396771961,-83.5561631786,-27.0281917014,2.70310740659
8.685,-76.0749302691,-84.2050590166,-84.9410149194,-83.580687944,-27.5090432222,2.1307072579
8.69,-76.0825434134,-84.2053146958,-84.9423345872,-83.6047521096,-27.9944847437,1.56810117892
8.695,-76.0901507223,-84.2055704781,-84.9436364671,-83.6283654885,-28.4846171642,1.01498317874
8.7,-76.0977522332,-84.2058263846,-84.9449208223,-83.6515376878,-28.9795265331,0.471040445994
8.705,-76.1053479827,-84.2060824358,-84.9461879122,-83.6742781119,-29.4792829418,-0.0640439530269
8.71,-76.112938007,-84.2063386523,-84.9474379919,-83.6965959662,-29.9839394398,-0.590588782275
8.715,-76.1205223418,-84.2065950539,-84.948671313,-83.7185002609,-30.4935309927,-1.10891270258
8.72,-76.128101022,-84.2068516604,-84.9498881229,-83.739999814,-31.0080734985,-1.61933265442
8.725,-76.1356740825,-84.207108491,-84.9510886655,-83.7611032547,-31.5275628818,-2.12216251875
8.73,-76.1432415573,-84.2073655647,-84.9522731807,-83.7818190267,-32.0519742801,-2.61771202202
8.735,-76.1508034801,-84.2076229,-84.9534419049,-83.8021553911,-32.581261343,-3.10628585485
8.74,-76.158359884,-84.2078805152,-84.9545950709,-83.8221204294,-33.1153556548,-3.58818297746
8.745,-76.1659108017,-84.2081384284,-84.9557329078,-83.8417220465,-33.6541662987,-4.06369608762
8.75,-76.1734562654,-84.208396657,-84.9568556413,-83.8609679738,-34.1975795709,-4.53311122969
8.755,-76.1809963069,-84.2086552183,-84.9579634937,-83.8798657713,-34.7454588553,-4.99670752562
8.76,-76.1885309575,-84.2089141294,-84.9590566839,-83.8984228308,-35.2976446676,-5.45475701103
8.765,-76.1960602479,-84.209173407,-84.9601354272,-83.9166463786,-35.853954875,-5.90752456125
8.77,-76.2035842086,-84.2094330673,-84.9611999359,-83.9345434778,-36.4141850939,-6.35526789399
8.775,-76.2111028695,-84.2096931264,-84.962250419,-83.9521210313,-36.9781092678,-6.79823763706
8.78,-76.21861626,-84.2099536001,-84.9632870823,-83.9693857839,-37.5454804247,-7.23667745058
8.785,-76.2261244092,-84.2102145038,-84.9643101284,-83.9863443251,-38.1160316101,-7.67082419473
8.79,-76.2336273458,-84.2104758528,-84.9653197569,-84.0030030915,-38.6894769901,-8.10090813496
8.795,-76.241125098,-84.2107376618,-84.9663161644,-84.0193683693,-39.2655131163,-8.52715317788
8.8,-76.2486176934,-84.2109999455,-84.9672995443,-84.0354462967,-39.8438203416,-8.94977713154
8.805,-76.2561051596,-84.2112627183,-84.9682700873,-84.0512428668,-40.4240643743,-9.36899198503
8.81,-76.2635875235,-84.2115259941,-84.969227981,-84.0667639292,-41.0058979534,-9.78500420285
8.815,-76.2710648116,-84.2117897868,-84.9701734104,-84.0820151935,-41.5889626271,-10.19801503
8.82,-76.2785370502,-84.2120541099,-84.9711065574,-84.0970022309,-42.1728906124,-10.6082208049
8.825,-76.2860042649,-84.2123189767,-84.9720276014,-84.1117304774,-42.7573067161,-11.0158132763
8.83,-76.2934664812,-84.2125844001,-84.9729367189,-84.1262052358,-43.341830287,-11.4209799234
8.835,-76.3009237241,-84.2128503929,-84.9738340838,-84.1404316786,-43.9260771822,-11.8239042755
8.84,-76.3083760182,-84.2131169675,-84.9747198675,-84.1544148501,-44.5096617353,-12.2247662308
8.845,-76.3158233877,-84.2133841363,-84.9755942386,-84.1681596697,-45.0921986961,-12.6237423717
8.85,-76.3232658565,-84.2136519113,-84.9764573632,-84.1816709335,-45.6733051258,-13.0210062766
8.855,-76.3307034482,-84.2139203042,-84.977309405,-84.194953318,-46.2526022237,-13.4167288271
8.86,-76.3381361859,-84.2141893265,-84.9781505252,-84.2080113817,-46.8297170638,-13.8110785088
8.865,-76.3455640925,-84.2144589896,-84.9789808825,-84.2208495687,-47.4042842341,-14.2042217063
8.87,-76.3529871903,-84.2147293045,-84.9798006333,-84.2334722105,-47.9759473622,-14.596322991
8.875,-76.3604055015,-84.2150002821,-84.9806099317,-84.2458835291,-48.5443605204,-14.9875454021
8.88,-76.3678190478,-84.215271933,-84.9814089293,-84.25808764,-49.1091894916,-15.3780507201
8.885,-76.3752278507,-84.2155442675,-84.9821977756,-84.2700885541,-49.6701129243,-15.7679997317
8.89,-76.3826319312,-84.2158172959,-84.9829766179,-84.281890181,-50.226823367,-16.1575524871
8.895,-76.3900313102,-84.2160910282,-84.9837456011,-84.2934963315,-50.7790281509,-16.5468685492
8.9,-76.397426008,-84.2163654741,-84.9845048682,-84.3049107203,-51.326450182,-16.9361072332
8.905,-76.4048160448,-84.2166406432,-84.9852545598,-84.3161369686,-51.8688286499,-17.3254278381
8.91,-76.4122014404,-84.2169165448,-84.9859948147,-84.327178607,-52.4059196238,-17.7149898683
8.915,-76.4195822143,-84.2171931881,-84.9867257694,-84.3380390778,-52.9374965,-18.1049532457
8.92,-76.4269583857,-84.217470582,-84.9874475585,-84.3487217377,-53.4633504193,-18.4954785112
8.925,-76.4343299733,-84.2177487353,-84.9881603146,-84.3592298606,-53.9832905778,-18.8867270161
8.93,-76.4416969959,-84.2180276566,-84.9888641683,-84.36956664,-54.4971444352,-19.2788611009
8.935,-76.4490594717,-84.2183073542,-84.9895592483,-84.3797351915,-55.0047578269,-19.6720442626
8.94,-76.4564174186,-84.2185878363,-84.9902456815,-84.3897385551,-55.5059949843,-20.0664413083
8.945,-76.4637708544,-84.218869111,-84.9909235927,-84.3995796982,-56.0007383969,-20.4622184941
8.95,-76.4711197964,-84.2191511861,-84.9915931052,-84.4092615172,-56.4888886938,-20.8595436491
8.955,-76.4784642619,-84.2194340691,-84.9922543401,-84.4187868406,-56.9703644155,-21.2585862806
8.96,-76.4858042675,-84.2197177677,-84.9929074171,-84.4281584306,-57.4451016205,-21.6595176622
8.965,-76.49313983,-84.220002289,-84.9935524539,-84.4373789858,-57.9130534194,-22.0625108996
8.97,-76.5004709656,-84.2202876403,-84.9941895666,-84.446451143,-58.3741893755,-22.4677409741
8.975,-76.5077976903,-84.2205738284,-84.9948188696,-84.4553774797,-58.8284950892,-22.8753847616
8.98,-76.5151200199,-84.2208608602,-84.9954404755,-84.4641605157,-59.2759714977,-23.2856210227
8.985,-76.5224379699,-84.2211487422,-84.9960544956,-84.4728027153,-59.7166341012,-23.6986303636
8.99,-76.5297515555,-84.2214374811,-84.9966610391,-84.4813064892,-60.1505121323,-24.1145951636
8.995,-76.5370607918,-84.221727083,-84.9972602141,-84.4896741964,-60.5776475698,-24.5336994668
9,-76.5443656935,-84.2220175541,-84.9978521268,-84.4979081458,-60.9980941929,-24.9561288343
9.005,-76.5516662751,-84.2223089004,-84.998436882,-84.5060105979,-61.4119168869,-25.3820701547
9.01,-76.5589625507,-84.2226011278,-84.999014583,-84.5139837666,-61.819190479,-25.8117114086
9.015,-76.5662545345,-84.222894242,-84.9995853315,-84.5218298209,-62.2199987011,-26.2452413847
9.02,-76.5735422402,-84.2231882485,-85.0001492279,-84.5295508859,-62.614433368,-26.6828493435
9.025,-76.5808256813,-84.2234831527,-85.000706371,-84.5371490449,-63.0025933095,-27.1247246263
9.03,-76.5881048711,-84.2237789598,-85.0012568583,-84.5446263401,-63.3845833419,-27.5710562053
9.035,-76.5953798227,-84.224075675,-85.0018007857,-84.5519847747,-63.7605132643,-28.0220321736
9.04,-76.602650549,-84.2243733033,-85.002338248,-84.5592263134,-64.1304968773,-28.4778391703
9.045,-76.6099170624,-84.2246718495,-85.0028693384,-84.5663528844,-64.4946510117,-28.9386617412
9.05,-76.6171793756,-84.2249713183,-85.0033941489,-84.5733663796,-64.8530944979,-29.4046816306
9.055,-76.6244375005,-84.2252717143,-85.0039127701,-84.5802686567,-65.2059472913,-29.8760770054
9.06,-76.6316914493,-84.2255730419,-85.0044252913,-84.5870615395,-65.5533297433,-30.3530216087
9.065,-76.6389412336,-84.2258753055,-85.0049318007,-84.5937468194,-65.895361844,-30.8356838441
9.07,-76.646186865,-84.2261785091,-85.0054323849,-84.6003262559,-66.2321624858,-31.3242257922
9.075,-76.6534283548,-84.2264826569,-85.0059271295,-84.6068015781,-66.5638487628,-31.8188021583
9.08,-76.6606657142,-84.2267877528,-85.0064161188,-84.6131744848,-66.8905353148,-32.319559158
9.085,-76.6678989541,-84.2270938006,-85.006899436,-84.6194466459,-67.2123337708,-32.8266333402
9.09,-76.6751280852,-84.2274008041,-85.0073771629,-84.6256197031,-67.5293522491,-33.3401503558
9.095,-76.682353118,-84.2277087667,-85.0078493802,-84.6316952704,-67.8416949126,-33.8602236762
9.1,-76.689574063,-84.2280176919,-85.0083161675,-84.6376749349,-68.1494615674,-34.3869532695
9.105,-76.6967909303,-84.228327583,-85.0087776032,-84.6435602577,-68.4527473465,-34.920424244
9.11,-76.7040037297,-84.2286384434,-85.0092337647,-84.649352774,-68.7516424647,-35.4607054674
9.115,-76.7112124713,-84.2289502761,-85.009684728,-84.6550539945,-69.0462320353,-36.0078481761
9.12,-76.7184171644,-84.229263084,-85.0101305683,-84.660665405,-69.3365959446,-36.5618845862
9.125,-76.7256178186,-84.2295768702,-85.0105713596,-84.6661884678,-69.6228087828,-37.1228265214
9.13,-76.732814443,-84.2298916373,-85.0110071748,-84.6716246218,-69.9049398336,-37.6906640763
9.135,-76.7400070468,-84.2302073881,-85.0114380857,-84.6769752828,-70.1830531243,-38.2653643317
9.14,-76.7471956388,-84.2305241251,-85.0118641632,-84.6822418447,-70.4572075313,-38.8468701432
9.145,-76.7543802278,-84.2308418508,-85.0122854772,-84.6874256791,-70.7274569268,-39.4350990246
9.15,-76.7615608223,-84.2311605677,-85.0127020963,-84.6925281361,-70.9938503731,-40.0299421485
9.155,-76.7687374307,-84.2314802778,-85.0131140884,-84.6975505449,-71.2564323581,-40.6312634874
9.16,-76.7759100612,-84.2318009835,-85.0135215202,-84.7024942139,-71.5152430652,-41.2388991208
9.165,-76.7830787218,-84.2321226868,-85.0139244577,-84.7073604312,-71.7703186697,-41.852656728
9.17,-76.7902434206,-84.2324453897,-85.0143229657,-84.7121504648,-72.0216916608,-42.4723152926
9.175,-76.7974041651,-84.232769094,-85.0147171082,-84.7168655633,-72.2693911838,-43.0976250352
9.18,-76.8045609631,-84.2330938016,-85.015106948,-84.7215069558,-72.5134433992,-43.728307593
9.185,-76.8117138219,-84.2334195142,-85.0154925473,-84.7260758524,-72.7538718516,-44.3640564583
9.19,-76.8188627488,-84.2337462333,-85.0158739672,-84.7305734448,-72.9906978455,-45.0045376841
9.195,-76.826007751,-84.2340739606,-85.016251268,-84.735000906,-73.2239408216,-45.6493908581
9.2,-76.8331488353,-84.2344026974,-85.0166245091,-84.739359391,-73.4536187284,-46.2982303408
9.205,-76.8402860088,-84.234732445,-85.016993749,-84.7436500371,-73.679748386,-46.9506467551
9.21,-76.8474192781,-84.2350632049,-85.0173590452,-84.747873964,-73.9023458377,-47.6062087107
9.215,-76.8545486497,-84.2353949781,-85.0177204546,-84.752032274,-74.1214266852,-48.2644647329
9.22,-76.8616741301,-84.2357277657,-85.0180780331,-84.7561260524,-74.3370064054,-48.9249453658
9.225,-76.8687957255,-84.2360615688,-85.0184318358,-84.7601563679,-74.5491006453,-49.5871654171
9.23,-76.8759134421,-84.2363963883,-85.0187819169,-84.7641242724,-74.7577254932,-50.2506263072
9.235,-76.8830272859,-84.236732225,-85.0191283301,-84.7680308016,-74.9628977251,-50.914818485
9.24,-76.8901372628,-84.2370690798,-85.0194711279,-84.7718769752,-75.1646350238,-51.5792238704
9.245,-76.8972433785,-84.2374069533,-85.0198103622,-84.7756637968,-75.3629561705,-52.2433182808
9.25,-76.9043456386,-84.2377458462,-85.0201460841,-84.7793922546,-75.5578812077,-52.9065738259
9.255,-76.9114440488,-84.238085759,-85.0204783441,-84.7830633213,-75.7494315735,-53.5684612531
9.26,-76.9185386143,-84.2384266922,-85.0208071916,-84.7866779543,-75.9376302079,-54.2284522206
9.265,-76.9256293404,-84.2387686463,-85.0211326756,-84.7902370961,-76.1225016309,-54.8860214665
9.27,-76.9327162322,-84.2391116215,-85.021454844,-84.7937416745,-76.3040719955,-55.5406489082
9.275,-76.9397992947,-84.2394556181,-85.0217737444,-84.7971926023,-76.4823691149,-56.1918216086
9.28,-76.9468785329,-84.2398006364,-85.0220894234,-84.8005907784,-76.6574224675,-56.839035639
9.285,-76.9539539515,-84.2401466764,-85.0224019269,-84.8039370872,-76.8292631801,-57.4817979158
9.29,-76.9610255552,-84.2404937383,-85.0227113001,-84.807232399,-76.9979239927,-58.1196278277
9.295,-76.9680933486,-84.240841822,-85.0230175877,-84.8104775705,-77.1634392057,-58.7520587962
9.3,-76.9751573361,-84.2411909275,-85.0233208336,-84.8136734447,-77.3258446121,-59.3786396759
9.305,-76.982217522,-84.2415410545,-85.0236210809,-84.8168208509,-77.4851774178,-59.9989357543
9.31,-76.9892739105,-84.2418922031,-85.0239183723,-84.8199206055,-77.6414761501,-60.6125300754
9.315,-76.9963265058,-84.2422443728,-85.0242127495,-84.8229735115,-77.794780558,-61.2190234988
9.32,-77.003375312,-84.2425975634,-85.024504254,-84.825980359,-77.9451315057,-61.8180363873
9.325,-77.0104203329,-84.2429517745,-85.0247929264,-84.8289419255,-78.0925708605,-62.4092091853
9.33,-77.0174615723,-84.2433070056,-85.0250788065,-84.8318589758,-78.2371413776,-62.9922028255
9.335,-77.024499034,-84.2436632563,-85.0253619339,-84.8347322622,-78.3788865828,-63.5666990506
9.34,-77.0315327215,-84.2440205261,-85.0256423474,-84.8375625248,-78.5178506543,-64.1324005958
9.345,-77.0385626385,-84.2443788142,-85.0259200851,-84.8403504917,-78.6540783051,-64.6890313416
9.35,-77.0455887883,-84.2447381201,-85.0261951846,-84.843096879,-78.7876146678,-65.2363364479
9.355,-77.0526111742,-84.2450984431,-85.0264676829,-84.845802391,-78.9185051805,-65.7740824436
9.36,-77.0596297996,-84.2454597822,-85.0267376166,-84.8484677203,-79.046795478,-66.3020572853
9.365,-77.0666446675,-84.2458221369,-85.0270050214,-84.8510935482,-79.1725312852,-66.8200704019
9.37,-77.0736557811,-84.246185506,-85.0272699328,-84.8536805447,-79.2957583172,-67.3279527346
9.375,-77.0806631432,-84.2465498889,-85.0275323854,-84.8562293684,-79.4165221829,-67.825556772
9.38,-77.0876667568,-84.2469152843,-85.0277924136,-84.8587406671,-79.5348682955,-68.3127565778
9.385,-77.0946666247,-84.2472816914,-85.0280500511,-84.8612150777,-79.6508417883,-68.7894478024
9.39,-77.1016627496,-84.247649109,-85.0283053309,-84.8636532265,-79.7644874366,-69.2555476594
9.395,-77.1086551341,-84.2480175361,-85.0285582859,-84.8660557288,-79.8758495867,-69.7109948517
9.4,-77.1156437807,-84.2483869714,-85.0288089481,-84.86842319,-79.98497209,-70.1557494272
9.405,-77.122628692,-84.2487574137,-85.0290573493,-84.8707562049,-80.091898245,-70.5897925497
9.41,-77.1296098704,-84.2491288618,-85.0293035205,-84.8730553583,-80.1966707441,-71.0131261699
9.415,-77.1365873181,-84.2495013143,-85.0295474925,-84.8753212248,-80.2993316285,-71.4257725881
9.42,-77.1435610374,-84.2498747699,-85.0297892955,-84.8775543693,-80.3999222474,-71.8277739024
9.425,-77.1505310305,-84.2502492272,-85.0300289592,-84.879755347,-80.498483225,-72.2191913394
9.43,-77.1574972994,-84.2506246847,-85.0302665128,-84.8819247033,-80.595054432,-72.6001044716
9.435,-77.1644598461,-84.251001141,-85.0305019852,-84.8840629744,-80.6896749633,-72.970610326
9.44,-77.1714186727,-84.2513785946,-85.0307354048,-84.8861706869,-80.7823831209,-73.3308223937
9.445,-77.1783737809,-84.2517570438,-85.0309667995,-84.8882483583,-80.8732164021,-73.680869553
9.45,-77.1853251726,-84.252136487,-85.0311961966,-84.8902964972,-80.9622114921,-74.0208949194
9.455,-77.1922728495,-84.2525169226,-85.0314236234,-84.892315603,-81.0494042611,-74.3510546392
9.46,-77.1992168132,-84.252898349,-85.0316491064,-84.8943061664,-81.1348297656,-74.6715166421
9.465,-77.2061570654,-84.2532807643,-85.0318726719,-84.8962686695,-81.2185222536,-74.9824593711
9.47,-77.2130936077,-84.2536641669,-85.0320943456,-84.8982035858,-81.3005151728,-75.284070504
9.475,-77.2200264414,-84.2540485549,-85.0323141529,-84.9001113802,-81.380841182,-75.5765456839
9.48,-77.226955568,-84.2544339264,-85.0325321189,-84.9019925095,-81.4595321655,-75.8600872721
9.485,-77.2338809888,-84.2548202797,-85.0327482682,-84.9038474223,-81.5366192497,-76.1349031366
9.49,-77.2408027052,-84.2552076128,-85.032962625,-84.9056765592,-81.6121328212,-76.4012054875
9.495,-77.2477207182,-84.2555959237,-85.0331752131,-84.9074803526,-81.6861025477,-76.6592097679
9.5,-77.2546350292,-84.2559852105,-85.0333860561,-84.9092592275,-81.7585573992,-76.9091336091
9.505,-77.2615456392,-84.2563754711,-85.033595177,-84.9110136008,-81.8295256713,-77.1511958554
9.51,-77.2684525492,-84.2567667036,-85.0338025987,-84.9127438822,-81.8990350082,-77.3856156614
9.515,-77.2753557602,-84.2571589058,-85.0340083435,-84.9144504737,-81.9671124276,-77.6126116668
9.52,-77.2822552733,-84.2575520757,-85.0342124334,-84.9161337701,-82.033784345,-77.832401247
9.525,-77.2891510892,-84.257946211,-85.0344148903,-84.9177941591,-82.0990765981,-78.0451998406
9.53,-77.2960432089,-84.2583413097,-85.0346157354,-84.919432021,-82.1630144719,-78.2512203528
9.535,-77.302931633,-84.2587373695,-85.0348149899,-84.9210477295,-82.2256227225,-78.4506726312
9.54,-77.3098163623,-84.2591343881,-85.0350126743,-84.9226416513,-82.2869256016,-78.643763012
9.545,-77.3166973975,-84.2595323634,-85.0352088092,-84.9242141462,-82.346946879,-78.8306939318
9.55,-77.3235747392,-84.2599312931,-85.0354034146,-84.9257655677,-82.405709866,-79.0116636028
9.555,-77.330448388,-84.2603311748,-85.0355965103,-84.9272962625,-82.4632374362,-79.1868657449
9.56,-77.3373183443,-84.2607320061,-85.0357881157,-84.9288065711,-82.5195520472,-79.3564893715
9.565,-77.3441846088,-84.2611337848,-85.03597825,-84.9302968277,-82.5746757599,-79.5207186243
9.57,-77.3510471818,-84.2615365083,-85.0361669321,-84.9317673602,-82.6286302571,-79.6797326518
9.575,-77.3579060638,-84.2619401744,-85.0363541805,-84.9332184906,-82.6814368616,-79.8337055286
9.58,-77.364761255,-84.2623447805,-85.0365400136,-84.9346505349,-82.7331165523,-79.9828062086
9.585,-77.3716127558,-84.2627503241,-85.0367244494,-84.9360638032,-82.7836899793,-80.1271985108
9.59,-77.3784605664,-84.2631568029,-85.0369075056,-84.9374585999,-82.8331774786,-80.2670411323
9.595,-77.3853046871,-84.2635642141,-85.0370891996,-84.9388352238,-82.8815990846,-80.4024876843
9.6,-77.392145118,-84.2639725554,-85.0372695487,-84.9401939682,-82.9289745418,-80.53368675
9.605,-77.3989818592,-84.2643818241,-85.0374485698,-84.9415351208,-82.975323316,-80.6607819581
9.61,-77.4058149109,-84.2647920176,-85.0376262795,-84.9428589642,-83.0206646033,-80.7839120725
9.615,-77.4126442731,-84.2652031334,-85.0378026944,-84.9441657756,-83.0650173388,-80.9032110929
9.62,-77.4194699458,-84.2656151687,-85.0379778305,-84.9454558273,-83.1084002043,-81.0188083653
9.625,-77.4262919291,-84.266028121,-85.0381517039,-84.9467293862,-83.1508316347,-81.1308287004
9.63,-77.4331102227,-84.2664419875,-85.0383243301,-84.9479867147,-83.1923298234,-81.2393924976
9.635,-77.4399248268,-84.2668567655,-85.0384957247,-84.9492280701,-83.2329127275,-81.3446158733
9.64,-77.446735741,-84.2672724524,-85.0386659028,-84.950453705,-83.2725980718,-81.4466107915
9.645,-77.4535429653,-84.2676890454,-85.0388348794,-84.9516638673,-83.311403352,-81.545485197
9.65,-77.4603464995,-84.2681065417,-85.0390026693,-84.9528588006,-83.3493458373,-81.6413431483
9.655,-77.4671463433,-84.2685249386,-85.0391692871,-84.9540387436,-83.3864425728,-81.73428495
9.66,-77.4739424965,-84.2689442332,-85.039334747,-84.955203931,-83.422710381,-81.8244072852
9.665,-77.4807349587,-84.2693644227,-85.0394990632,-84.9563545931,-83.4581658627,-81.9118033447
9.67,-77.4875237296,-84.2697855044,-85.0396622495,-84.9574909557,-83.4928253982,-81.9965629551
9.675,-77.494308809,-84.2702074753,-85.0398243197,-84.958613241,-83.5267051471,-82.0787727036
9.68,-77.5010901963,-84.2706303326,-85.0399852872,-84.9597216666,-83.5598210493,-82.1585160599
9.685,-77.5078678912,-84.2710540735,-85.0401451653,-84.9608164466,-83.592188824,-82.2358734946
9.69,-77.5146418932,-84.2714786949,-85.040303967,-84.9618977909,-83.62382397,-82.3109225947
9.695,-77.5214122019,-84.271904194,-85.0404617054,-84.9629659056,-83.6547417652,-82.3837381749
9.7,-77.5281788167,-84.2723305679,-85.040618393,-84.9640209933,-83.6849572661,-82.4543923854
9.705,-77.5349417371,-84.2727578136,-85.0407740424,-84.9650632526,-83.7144853071,-82.5229548156
9.71,-77.5417009625,-84.2731859282,-85.0409286659,-84.9660928789,-83.7433405,-82.5894925947
9.715,-77.5484564925,-84.2736149087,-85.0410822757,-84.9671100637,-83.7715372337,-82.6540704878
9.72,-77.5552083263,-84.2740447521,-85.0412348837,-84.9681149954,-83.7990896735,-82.7167509889
9.725,-77.5619564633,-84.2744754553,-85.0413865018,-84.9691078586,-83.8260117604,-82.7775944093
9.73,-77.5687009028,-84.2749070154,-85.0415371415,-84.9700888349,-83.8523172114,-82.8366589636
9.735,-77.5754416443,-84.2753394294,-85.0416868142,-84.9710581027,-83.8780195186,-82.8940008515
9.74,-77.5821786869,-84.2757726942,-85.0418355314,-84.972015837,-83.9031319494,-82.9496743356
9.745,-77.58891203,-84.2762068067,-85.0419833041,-84.9729622097,-83.9276675464,-83.0037318175
9.75,-77.5956416727,-84.276641764,-85.0421301432,-84.9738973898,-83.9516391278,-83.0562239091
9.755,-77.6023676144,-84.2770775628,-85.0422760596,-84.9748215432,-83.9750592872,-83.1071995015
9.76,-77.6090898543,-84.2775142001,-85.0424210639,-84.9757348329,-83.9979403945,-83.1567058315
9.765,-77.6158083914,-84.2779516729,-85.0425651666,-84.9766374189,-84.0202945962,-83.2047885436
9.77,-77.622523225,-84.2783899779,-85.0427083781,-84.9775294585,-84.0421338164,-83.2514917516
9.775,-77.6292343543,-84.2788291121,-85.0428507084,-84.9784111062,-84.0634697576,-83.2968580951
9.78,-77.6359417783,-84.2792690724,-85.0429921678,-84.9792825139,-84.0843139018,-83.3409287956
9.785,-77.6426454961,-84.2797098556,-85.0431327661,-84.9801438305,-84.1046775117,-83.3837437089
9.79,-77.6493455069,-84.2801514585,-85.043272513,-84.9809952027,-84.1245716322,-83.4253413758
9.795,-77.6560418098,-84.280593878,-85.0434114181,-84.9818367744,-84.1440070917,-83.4657590702
9.8,-77.6627344037,-84.2810371109,-85.0435494911,-84.982668687,-84.1629945042,-83.505032846
9.805,-77.6694232877,-84.281481154,-85.0436867411,-84.9834910796,-84.1815442705,-83.5431975807
9.81,-77.6761084609,-84.2819260042,-85.0438231775,-84.9843040888,-84.1996665808,-83.5802870185
9.815,-77.6827899222,-84.2823716583,-85.0439588093,-84.9851078487,-84.2173714164,-83.6163338104
9.82,-77.6894676706,-84.2828181129,-85.0440936456,-84.9859024912,-84.2346685516,-83.6513695536
9.825,-77.6961417052,-84.283265365,-85.044227695,-84.9866881461,-84.2515675567,-83.6854248287
9.83,-77.7028120248,-84.2837134113,-85.0443609664,-84.9874649407,-84.2680777997,-83.7185292355
9.835,-77.7094786285,-84.2841622486,-85.0444934683,-84.9882330003,-84.2842084493,-83.7507114271
9.84,-77.7161415151,-84.2846118736,-85.0446252093,-84.9889924479,-84.299968477,-83.7819991434
9.845,-77.7228006836,-84.2850622831,-85.0447561976,-84.9897434046,-84.3153666601,-83.8124192421
9.85,-77.7294561328,-84.2855134738,-85.0448864416,-84.9904859892,-84.3304115842,-83.8419977295
9.855,-77.7361078618,-84.2859654426,-85.0450159493,-84.9912203188,-84.3451116459,-83.8707597892
9.86,-77.7427558693,-84.286418186,-85.0451447287,-84.9919465081,-84.359475056,-83.8987298107
9.865,-77.7494001542,-84.2868717009,-85.0452727878,-84.9926646704,-84.3735098419,-83.9259314157
9.87,-77.7560407154,-84.287325984,-85.0454001344,-84.9933749166,-84.3872238507,-83.9523874844
9.875,-77.7626775517,-84.287781032,-85.0455267761,-84.994077356,-84.4006247523,-83.9781201801
9.88,-77.769310662,-84.2882368417,-85.0456527206,-84.9947720959,-84.4137200421,-84.0031509734
9.885,-77.7759400451,-84.2886934096,-85.0457779753,-84.9954592421,-84.4265170442,-84.0275006648
9.89,-77.7825656998,-84.2891507326,-85.0459025475,-84.9961388983,-84.4390229143,-84.0511894074
9.895,-77.7891876249,-84.2896088074,-85.0460264447,-84.9968111667,-84.4512446426,-84.0742367278
9.9,-77.7958058193,-84.2900676305,-85.0461496739,-84.9974761478,-84.4631890572,-84.0966615469
9.905,-77.8024202816,-84.2905271989,-85.0462722423,-84.9981339402,-84.4748628268,-84.1184821997
9.91,-77.8090310107,-84.290987509,-85.0463941568,-84.9987846413,-84.4862724639,-84.1397164543
9.915,-77.8156380054,-84.2914485576,-85.0465154243,-84.9994283464,-84.4974243276,-84.1603815303
9.92,-77.8222412644,-84.2919103414,-85.0466360517,-85.0000651497,-84.5083246268,-84.1804941166
9.925,-77.8288407866,-84.2923728571,-85.0467560456,-85.0006951436,-84.5189794233,-84.2000703887
9.93,-77.8354365705,-84.2928361013,-85.0468754127,-85.0013184191,-84.5293946345,-84.2191260247
9.935,-77.842028615,-84.2933000707,-85.0469941595,-85.0019350655,-84.5395760363,-84.2376762218
9.94,-77.8486169188,-84.293764762,-85.0471122925,-85.0025451711,-84.5495292667,-84.2557357116
9.945,-77.8552014807,-84.2942301719,-85.047229818,-85.0031488224,-84.5592598277,-84.2733187745
9.95,-77.8617822993,-84.2946962969,-85.0473467423,-85.0037461046,-84.5687730889,-84.2904392546
9.955,-77.8683593734,-84.2951631339,-85.0474630716,-85.0043371017,-84.5780742902,-84.3071105733
9.96,-77.8749327016,-84.2956306793,-85.047578812,-85.0049218961,-84.5871685445,-84.3233457426
9.965,-77.8815022828,-84.29609893,-85.0476939696,-85.005500569,-84.5960608404,-84.3391573785
9.97,-77.8880681156,-84.2965678825,-85.0478085503,-85.0060732005,-84.6047560453,-84.3545577127
9.975,-77.8946301987,-84.2970375335,-85.04792256,-85.0066398691,-84.6132589077,-84.3695586055
9.98,-77.9011885308,-84.2975078797,-85.0480360045,-85.0072006524,-84.62157406,-84.384171557
9.985,-77.9077431106,-84.2979789176,-85.0481488895,-85.0077556264,-84.6297060213,-84.3984077186
9.99,-77.9142939367,-84.2984506441,-85.0482612207,-85.0083048664,-84.6376591998,-84.4122779038
9.995,-77.9208410079,-84.2989230556,-85.0483730037,-85.008848446,-84.6454378953,-84.425792599
10,-77.9273843229,-84.2993961489,-85.0484842439,-85.0093864381,-84.6530463019,-84.4389619734
10.005,-77.9339238802,-84.2998699206,-85.0485949469,-85.0099189143,-84.6604885102,-84.4517958891
10.01,-77.9404596787,-84.3003443674,-85.048705118,-85.0104459449,-84.6677685101,-84.4643039106
10.015,-77.9469917169,-84.3008194859,-85.0488147624,-85.0109675996,-84.6748901927,-84.4764953141
10.02,-77.9535199935,-84.3012952727,-85.0489238855,-85.0114839465,-84.681857353,-84.4883790965
10.025,-77.9600445072,-84.3017717246,-85.0490324923,-85.011995053,-84.688673692,-84.499963984
10.03,-77.9665652567,-84.3022488381,-85.0491405881,-85.0125009855,-84.695342819,-84.5112584405
10.035,-77.9730822406,-84.3027266099,-85.0492481778,-85.0130018092,-84.7018682538,-84.5222706756
10.04,-77.9795954576,-84.3032050367,-85.0493552663,-85.0134975884,-84.7082534288,-84.5330086529
10.045,-77.9861049063,-84.3036841151,-85.0494618587,-85.0139883865,-84.7145016912,-84.5434800972
10.05,-77.9926105855,-84.3041638418,-85.0495679598,-85.0144742658,-84.720616305,-84.5536925018
10.055,-77.9991124937,-84.3046442133,-85.0496735743,-85.014955288,-84.726600453,-84.5636531362
10.06,-78.0056106296,-84.3051252264,-85.049778707,-85.0154315134,-84.7324572389,-84.5733690524
10.065,-78.012104992,-84.3056068778,-85.0498833626,-85.0159030018,-84.7381896891,-84.582847092
10.07,-78.0185955794,-84.306089164,-85.0499875456,-85.0163698121,-84.7438007547,-84.5920938924
10.075,-78.0250823905,-84.3065720818,-85.0500912607,-85.0168320021,-84.7492933133,-84.6011158934
10.08,-78.031565424,-84.3070556278,-85.0501945123,-85.0172896289,-84.7546701708,-84.6099193431
10.085,-78.0380446786,-84.3075397986,-85.0502973048,-85.0177427488,-84.7599340634,-84.6185103036
10.09,-78.0445201528,-84.3080245909,-85.0503996427,-85.0181914172,-84.7650876588,-84.6268946572
10.095,-78.0509918454,-84.3085100015,-85.0505015303,-85.0186356889,-84.7701335586,-84.6350781114
10.1,-78.057459755,-84.3089960269,-85.0506029719,-85.0190756177,-84.7750742994,-84.6430662046
10.105,-78.0639238803,-84.3094826638,-85.0507039717,-85.0195112566,-84.7799123545,-84.6508643112
10.11,-78.07038422,-84.3099699089,-85.0508045338,-85.0199426581,-84.784650136,-84.6584776467
10.115,-78.0768407727,-84.3104577588,-85.0509046625,-85.0203698737,-84.7892899956,-84.6659112723
10.12,-78.0832935372,-84.3109462104,-85.0510043617,-85.0207929543,-84.7938342265,-84.6731700999
10.125,-78.0897425119,-84.3114352601,-85.0511036356,-85.0212119501,-84.7982850649,-84.6802588967
10.13,-78.0961876958,-84.3119249048,-85.0512024881,-85.0216269106,-84.8026446915,-84.6871822892
10.135,-78.1026290874,-84.312415141,-85.0513009231,-85.0220378844,-84.8069152324,-84.6939447682
10.14,-78.1090666854,-84.3129059656,-85.0513989445,-85.0224449198,-84.8110987612,-84.7005506923
10.145,-78.1155004885,-84.3133973751,-85.0514965562,-85.0228480641,-84.8151972998,-84.7070042922
10.15,-78.1219304954,-84.3138893662,-85.0515937619,-85.023247364,-84.8192128199,-84.7133096746
10.155,-78.1283567048,-84.3143819358,-85.0516905654,-85.0236428659,-84.8231472443,-84.719470826
10.16,-78.1347791154,-84.3148750804,-85.0517869704,-85.024034615,-84.8270024481,-84.7254916164
10.165,-78.1411977258,-84.3153687967,-85.0518829805,-85.0244226564,-84.8307802599,-84.7313758027
10.17,-78.1476125348,-84.3158630816,-85.0519785994,-85.0248070342,-84.834482463,-84.7371270322
10.175,-78.1540235411,-84.3163579317,-85.0520738307,-85.0251877922,-84.8381107963,-84.7427488461
10.18,-78.1604307433,-84.3168533436,-85.0521686778,-85.0255649734,-84.8416669562,-84.7482446825
10.185,-78.1668341403,-84.3173493142,-85.0522631443,-85.0259386204,-84.8451525966,-84.7536178796
10.19,-78.1732337307,-84.3178458402,-85.0523572336,-85.026308775,-84.8485693309,-84.7588716789
10.195,-78.1796295132,-84.3183429182,-85.052450949,-85.0266754786,-84.8519187326,-84.7640092278
10.2,-78.1860214867,-84.318840545,-85.0525442941,-85.0270387721,-84.8552023362,-84.7690335828
10.205,-78.1924096497,-84.3193387174,-85.0526372721,-85.0273986957,-84.8584216386,-84.773947712
10.21,-78.198794001,-84.3198374321,-85.0527298863,-85.0277552892,-84.8615780999,-84.7787544981
10.215,-78.2051745394,-84.3203366858,-85.0528221399,-85.0281085918,-84.8646731439,-84.7834567405
10.22,-78.2115512637,-84.3208364753,-85.0529140362,-85.0284586422,-84.8677081599,-84.7880571583
10.225,-78.2179241725,-84.3213367973,-85.0530055784,-85.0288054786,-84.8706845027,-84.7925583925
10.23,-78.2242932647,-84.3218376487,-85.0530967695,-85.0291491387,-84.873603494,-84.7969630082
10.235,-78.230658539,-84.3223390261,-85.0531876127,-85.0294896597,-84.8764664233,-84.8012734972
10.24,-78.2370199941,-84.3228409263,-85.0532781111,-85.0298270784,-84.8792745483,-84.8054922803
10.245,-78.2433776288,-84.3233433461,-85.0533682676,-85.030161431,-84.882029096,-84.8096217089
10.25,-78.249731442,-84.3238462823,-85.0534580853,-85.0304927532,-84.8847312636,-84.8136640676
10.255,-78.2560814324,-84.3243497317,-85.0535475672,-85.0308210805,-84.8873822188,-84.817621576
10.26,-78.2624275987,-84.324853691,-85.0536367162,-85.0311464476,-84.8899831011,-84.8214963907
10.265,-78.2687699399,-84.3253581571,-85.0537255351,-85.0314688891,-84.8925350222,-84.8252906072
10.27,-78.2751084546,-84.3258631267,-85.0538140269,-85.0317884388,-84.8950390668,-84.8290062616
10.275,-78.2814431417,-84.3263685967,-85.0539021944,-85.0321051304,-84.8974962931,-84.8326453327
10.28,-78.287774,-84.3268745638,-85.0539900403,-85.032418997,-84.8999077339,-84.8362097434
10.285,-78.2941010284,-84.3273810249,-85.0540775675,-85.0327300712,-84.9022743969,-84.8397013625
10.29,-78.3004242256,-84.3278879768,-85.0541647787,-85.0330383854,-84.9045972654,-84.8431220063
10.295,-78.3067435905,-84.3283954164,-85.0542516765,-85.0333439714,-84.9068772989,-84.8464734404
10.3,-78.313059122,-84.3289033404,-85.0543382637,-85.0336468608,-84.9091154339,-84.8497573807
10.305,-78.3193708189,-84.3294117456,-85.054424543,-85.0339470846,-84.9113125842,-84.8529754954
10.31,-78.32567868,-84.329920629,-85.0545105168,-85.0342446736,-84.9134696418,-84.856129406
10.315,-78.3319827042,-84.3304299874,-85.0545961879,-85.034539658,-84.9155874771,-84.8592206892
10.32,-78.3382828904,-84.3309398177,-85.0546815588,-85.0348320677,-84.9176669398,-84.8622508778
10.325,-78.3445792375,-84.3314501166,-85.0547666319,-85.0351219324,-84.919708859,-84.8652214619
10.33,-78.3508717442,-84.3319608811,-85.0548514099,-85.0354092813,-84.9217140444,-84.8681338909
10.335,-78.3571604097,-84.332472108,-85.0549358952,-85.0356941431,-84.9236832859,-84.8709895738
10.34,-78.3634452327,-84.3329837943,-85.0550200902,-85.0359765464,-84.9256173548,-84.873789881
10.345,-78.3697262121,-84.3334959368,-85.0551039973,-85.0362565192,-84.9275170042,-84.8765361452
10.35,-78.3760033468,-84.3340085323,-85.055187619,-85.0365340895,-84.929382969,-84.8792296627
10.355,-78.3822766359,-84.3345215779,-85.0552709577,-85.0368092845,-84.9312159668,-84.8818716942
10.36,-78.3885460781,-84.3350350703,-85.0553540156,-85.0370821314,-84.9330166984,-84.884463466
10.365,-78.3948116725,-84.3355490066,-85.055436795,-85.037352657,-84.9347858476,-84.8870061713
10.37,-78.401073418,-84.3360633836,-85.0555192984,-85.0376208877,-84.9365240824,-84.8895009704
10.375,-78.4073313136,-84.3365781982,-85.0556015279,-85.0378868496,-84.9382320549,-84.8919489927
10.38,-78.4135853581,-84.3370934474,-85.0556834858,-85.0381505685,-84.9399104021,-84.8943513366
10.385,-78.4198355507,-84.3376091282,-85.0557651743,-85.0384120699,-84.9415597457,-84.8967090711
10.39,-78.4260818902,-84.3381252373,-85.0558465955,-85.0386713789,-84.9431806929,-84.8990232365
10.395,-78.4323243757,-84.3386417719,-85.0559277518,-85.0389285205,-84.944773837,-84.9012948451
10.4,-78.4385630061,-84.3391587289,-85.0560086452,-85.0391835192,-84.946339757,-84.903524882
10.405,-78.4447977804,-84.3396761052,-85.0560892778,-85.0394363992,-84.9478790188,-84.9057143061
10.41,-78.4510286977,-84.3401938978,-85.0561696517,-85.0396871845,-84.9493921747,-84.9078640508
10.415,-78.457255757,-84.3407121036,-85.0562497691,-85.0399358989,-84.9508797646,-84.9099750246
10.42,-78.4634789573,-84.3412307198,-85.0563296319,-85.0401825656,-84.9523423155,-84.9120481119
10.425,-78.4696982977,-84.3417497431,-85.0564092423,-85.0404272078,-84.9537803425,-84.9140841738
10.43,-78.4759137771,-84.3422691708,-85.0564886022,-85.0406698483,-84.9551943487,-84.9160840487
10.435,-78.4821253947,-84.3427889996,-85.0565677136,-85.0409105097,-84.9565848254,-84.9180485528
10.44,-78.4883331495,-84.3433092267,-85.0566465785,-85.0411492142,-84.9579522529,-84.9199784812
10.445,-78.4945370406,-84.3438298492,-85.0567251989,-85.041385984,-84.9592971002,-84.9218746079
10.45,-78.5007370671,-84.3443508639,-85.0568035766,-85.0416208406,-84.9606198258,-84.9237376867
10.455,-78.5069332281,-84.3448722679,-85.0568817136,-85.0418538056,-84.9619208775,-84.9255684521
10.46,-78.5131255225,-84.3453940584,-85.0569596118,-85.0420849003,-84.9632006929,-84.9273676192
10.465,-78.5193139497,-84.3459162322,-85.0570372731,-85.0423141455,-84.9644596998,-84.9291358849
10.47,-78.5254985086,-84.3464387865,-85.0571146992,-85.0425415621,-84.965698316,-84.9308739278
10.475,-78.5316791985,-84.3469617184,-85.057191892,-85.0427671704,-84.9669169501,-84.9325824093
10.48,-78.5378560184,-84.3474850249,-85.0572688534,-85.0429909908,-84.9681160011,-84.9342619738
10.485,-78.5440289675,-84.3480087031,-85.0573455851,-85.0432130432,-84.9692958593,-84.935913249
10.49,-78.5501980449,-84.34853275,-85.0574220889,-85.0434333473,-84.9704569061,-84.9375368469
10.495,-78.5563632499,-84.3490571628,-85.0574983666,-85.0436519226,-84.9715995142,-84.9391333638
10.5,-78.5625245815,-84.3495819385,-85.0575744199,-85.0438687885,-84.972724048,-84.9407033808
10.505,-78.568682039,-84.3501070744,-85.0576502505,-85.044083964,-84.9738308638,-84.9422474644
10.51,-78.5748356216,-84.3506325673,-85.0577258601,-85.0442974678,-84.9749203098,-84.9437661668
10.515,-78.5809853284,-84.3511584146,-85.0578012504,-85.0445093186,-84.9759927265,-84.9452600264
10.52,-78.5871311587,-84.3516846133,-85.0578764231,-85.0447195348,-84.9770484468,-84.9467295681
10.525,-78.5932731116,-84.3522111606,-85.0579513798,-85.0449281344,-84.9780877962,-84.9481753035
10.53,-78.5994111865,-84.3527380535,-85.0580261221,-85.0451351355,-84.979111093,-84.9495977317
10.535,-78.6055453826,-84.3532652894,-85.0581006518,-85.0453405558,-84.9801186484,-84.9509973393
10.54,-78.611675699,-84.3537928652,-85.0581749703,-85.0455444127,-84.9811107668,-84.952374601
10.545,-78.6178021351,-84.3543207782,-85.0582490792,-85.0457467235,-84.9820877458,-84.9537299796
10.55,-78.6239246902,-84.3548490255,-85.0583229802,-85.0459475054,-84.9830498766,-84.9550639266
10.555,-78.6300433634,-84.3553776044,-85.0583966747,-85.0461467753,-84.9839974438,-84.9563768824
10.56,-78.6361581541,-84.3559065119,-85.0584701644,-85.0463445497,-84.9849307261,-84.9576692769
10.565,-78.6422690616,-84.3564357454,-85.0585434507,-85.0465408453,-84.9858499956,-84.9589415292
10.57,-78.6483760853,-84.3569653021,-85.0586165351,-85.0467356783,-84.9867555191,-84.9601940483
10.575,-78.6544792243,-84.357495179,-85.0586894192,-85.0469290648,-84.9876475571,-84.9614272336
10.58,-78.660578478,-84.3580253735,-85.0587621043,-85.0471210208,-84.9885263646,-84.9626414745
10.585,-78.6666738458,-84.3585558827,-85.058834592,-85.0473115619,-84.9893921913,-84.9638371512
10.59,-78.672765327,-84.359086704,-85.0589068837,-85.0475007036,-84.9902452812,-84.9650146348
10.595,-78.678852921,-84.3596178345,-85.0589789809,-85.0476884614,-84.9910858731,-84.9661742877
10.6,-78.6849366272,-84.3601492715,-85.0590508849,-85.0478748503,-84.991914201,-84.9673164633
10.605,-78.6910164448,-84.3606810123,-85.0591225971,-85.0480598854,-84.9927304933,-84.9684415071
10.61,-78.6970923733,-84.3612130541,-85.059194119,-85.0482435815,-84.9935349741,-84.969549756
10.615,-78.7031644121,-84.3617453942,-85.0592654519,-85.0484259532,-84.9943278623,-84.9706415393
10.62,-78.7092325606,-84.3622780298,-85.0593365972,-85.0486070149,-84.9951093725,-84.9717171785
10.625,-78.7152968182,-84.3628109584,-85.0594075563,-85.048786781,-84.9958797143,-84.9727769873
10.63,-78.7213571843,-84.3633441771,-85.0594783303,-85.0489652655,-84.9966390933,-84.9738212726
10.635,-78.7274136584,-84.3638776833,-85.0595489208,-85.0491424825,-84.9973877104,-84.9748503338
10.64,-78.7334662399,-84.3644114742,-85.059619329,-85.0493184456,-84.9981257627,-84.9758644635
10.645,-78.7395149282,-84.3649455473,-85.0596895561,-85.0494931685,-84.9988534426,-84.9768639476
10.65,-78.7455597228,-84.3654798998,-85.0597596035,-85.0496666647,-84.9995709389,-84.9778490654
10.655,-78.7516006233,-84.3660145291,-85.0598294724,-85.0498389475,-85.0002784364,-84.9788200897
10.66,-78.757637629,-84.3665494325,-85.0598991642,-85.0500100299,-85.0009761157,-84.9797772872
10.665,-78.7636707395,-84.3670846074,-85.0599686799,-85.050179925,-85.0016641541,-84.9807209186
10.67,-78.7696999542,-84.3676200511,-85.060038021,-85.0503486456,-85.0023427249,-84.9816512386
10.675,-78.7757252727,-84.3681557609,-85.0601071885,-85.0505162044,-85.003011998,-84.9825684962
10.68,-78.7817466946,-84.3686917344,-85.0601761837,-85.0506826139,-85.0036721397,-84.9834729348
10.685,-78.7877642192,-84.3692279688,-85.0602450079,-85.0508478865,-85.0043233128,-84.9843647923
10.69,-78.7937778463,-84.3697644616,-85.0603136621,-85.0510120343,-85.0049656769,-84.9852443013
10.695,-78.7997875752,-84.3703012101,-85.0603821475,-85.0511750696,-85.0055993883,-84.9861116894
10.7,-78.8057934057,-84.3708382118,-85.0604504654,-85.0513370042,-85.0062245999,-84.986967179
10.705,-78.8117953372,-84.3713754641,-85.0605186169,-85.0514978499,-85.0068414619,-84.9878109876
10.71,-78.8177933694,-84.3719129644,-85.060586603,-85.0516576184,-85.007450121,-84.9886433279
10.715,-78.8237875018,-84.3724507101,-85.060654425,-85.0518163213,-85.0080507212,-84.9894644081
10.72,-78.829777734,-84.3729886987,-85.060722084,-85.0519739698,-85.0086434034,-84.9902744318
10.725,-78.8357640658,-84.3735269276,-85.060789581,-85.0521305752,-85.0092283059,-84.9910735979
10.73,-78.8417464965,-84.3740653943,-85.0608569172,-85.0522861488,-85.009805564,-84.9918621014
10.735,-78.847725026,-84.3746040962,-85.0609240936,-85.0524407013,-85.0103753103,-84.992640133
10.74,-78.8536996539,-84.3751430309,-85.0609911114,-85.0525942438,-85.0109376748,-84.993407879
10.745,-78.8596703797,-84.3756821958,-85.0610579715,-85.0527467868,-85.011492785,-84.9941655221
10.75,-78.8656372032,-84.3762215883,-85.0611246751,-85.0528983411,-85.0120407657,-84.9949132409
10.755,-78.8716001241,-84.3767612061,-85.0611912232,-85.0530489171,-85.0125817392,-84.9956512103
10.76,-78.8775591419,-84.3773010465,-85.0612576168,-85.0531985251,-85.0131158255,-84.9963796013
10.765,-78.8835142565,-84.3778411071,-85.0613238569,-85.0533471754,-85.0136431422,-84.9970985816
10.77,-78.8894654675,-84.3783813855,-85.0613899446,-85.053494878,-85.0141638045,-84.9978083152
10.775,-78.8954127747,-84.3789218791,-85.0614558809,-85.0536416429,-85.0146779253,-84.9985089626
10.78,-78.9013561777,-84.3794625855,-85.0615216668,-85.0537874801,-85.0151856156,-84.9992006811
10.785,-78.9072956762,-84.3800035023,-85.0615873032,-85.0539323992,-85.0156869838,-84.9998836246
10.79,-78.9132312701,-84.3805446269,-85.0616527912,-85.05407641,-85.0161821365,-85.000557944
10.795,-78.9191629591,-84.381085957,-85.0617181316,-85.0542195218,-85.016671178,-85.001223787
10.8,-78.9250907429,-84.3816274901,-85.0617833255,-85.0543617441,-85.0171542107,-85.0018812982
10.805,-78.9310146213,-84.3821692238,-85.0618483738,-85.0545030862,-85.0176313351,-85.0025306192
10.81,-78.9369345941,-84.3827111557,-85.0619132775,-85.0546435574,-85.0181026495,-85.0031718889
10.815,-78.942850661,-84.3832532834,-85.0619780375,-85.0547831665,-85.0185682505,-85.0038052433
10.82,-78.948762822,-84.3837956044,-85.0620426547,-85.0549219227,-85.0190282329,-85.0044308157
10.825,-78.9546710767,-84.3843381165,-85.06210713,-85.0550598348,-85.0194826894,-85.0050487364
10.83,-78.9605754251,-84.3848808171,-85.0621714643,-85.0551969116,-85.0199317113,-85.0056591336
10.835,-78.9664758669,-84.385423704,-85.0622356586,-85.0553331616,-85.0203753878,-85.0062621326
10.84,-78.9723724019,-84.3859667748,-85.0622997137,-85.0554685935,-85.0208138066,-85.0068578561
10.845,-78.9782650302,-84.386510027,-85.0623636305,-85.0556032157,-85.0212470538,-85.0074464248
10.85,-78.9841537514,-84.3870534585,-85.0624274099,-85.0557370365,-85.0216752138,-85.0080279566
10.855,-78.9900385654,-84.3875970667,-85.0624910527,-85.0558700642,-85.0220983692,-85.0086025673
10.86,-78.9959194722,-84.3881408494,-85.0625545598,-85.056002307,-85.0225166014,-85.0091703703
10.865,-79.0017964717,-84.3886848043,-85.0626179321,-85.0561337728,-85.02292999,-85.0097314768
10.87,-79.0076695636,-84.389228929,-85.0626811703,-85.0562644697,-85.0233386132,-85.010285996
10.875,-79.0135387481,-84.3897732213,-85.0627442754,-85.0563944056,-85.0237425478,-85.0108340348
10.88,-79.0194040248,-84.3903176788,-85.0628072482,-85.0565235881,-85.0241418691,-85.011375698
10.885,-79.0252653939,-84.3908622992,-85.0628700894,-85.056652025,-85.0245366511,-85.0119110886
10.89,-79.0311228552,-84.3914070802,-85.0629327999,-85.0567797239,-85.0249269662,-85.0124403074
10.895,-79.0369764087,-84.3919520196,-85.0629953805,-85.0569066922,-85.0253128856,-85.0129634534
10.9,-79.0428260543,-84.3924971152,-85.0630578319,-85.0570329374,-85.0256944794,-85.0134806237
10.905,-79.0486717919,-84.3930423645,-85.0631201551,-85.0571584669,-85.026071816,-85.0139919134
10.91,-79.0545136217,-84.3935877655,-85.0631823507,-85.0572832877,-85.0264449628,-85.0144974161
10.915,-79.0603515435,-84.3941333157,-85.0632444195,-85.0574074072,-85.0268139859,-85.0149972234
10.92,-79.0661855574,-84.3946790131,-85.0633063623,-85.0575308323,-85.0271789502,-85.0154914252
10.925,-79.0720156634,-84.3952248554,-85.0633681799,-85.05765357,-85.0275399195,-85.0159801099
10.93,-79.0778418615,-84.3957708402,-85.063429873,-85.0577756273,-85.0278969564,-85.0164633639
10.935,-79.0836641516,-84.3963169656,-85.0634914423,-85.0578970109,-85.0282501222,-85.0169412724
10.94,-79.0894825339,-84.3968632291,-85.0635528886,-85.0580177277,-85.0285994773,-85.0174139187
10.945,-79.0952970084,-84.3974096287,-85.0636142127,-85.0581377842,-85.0289450809,-85.0178813848
10.95,-79.1011075751,-84.3979561621,-85.0636754153,-85.0582571871,-85.0292869911,-85.0183437511
10.955,-79.1069142341,-84.3985028271,-85.063736497,-85.0583759428,-85.0296252653,-85.0188010964
10.96,-79.1127169855,-84.3990496217,-85.0637974586,-85.0584940577,-85.0299599593,-85.0192534982
10.965,-79.1185158293,-84.3995965435,-85.0638583008,-85.0586115383,-85.0302911284,-85.0197010326
10.97,-79.1243107657,-84.4001435905,-85.0639190243,-85.0587283908,-85.0306188266,-85.0201437743
10.975,-79.1301017947,-84.4006907605,-85.0639796298,-85.0588446215,-85.0309431071,-85.0205817966
10.98,-79.1358889164,-84.4012380513,-85.064040118,-85.0589602363,-85.0312640222,-85.0210151716
10.985,-79.1416721311,-84.4017854609,-85.0641004896,-85.0590752414,-85.0315816231,-85.0214439699
10.99,-79.1474514387,-84.4023329871,-85.0641607452,-85.0591896428,-85.0318959603,-85.021868261
10.995,-79.1532268395,-84.4028806277,-85.0642208855,-85.0593034464,-85.0322070832,-85.0222881131
11,-79.1589983335,-84.4034283807,-85.0642809112,-85.0594166581,-85.0325150405,-85.0227035933
11.005,-79.1647659211,-84.4039762439,-85.0643408229,-85.0595292836,-85.0328198799,-85.0231147673
11.01,-79.1705296022,-84.4045242154,-85.0644006213,-85.0596413285,-85.0331216485,-85.0235216998
11.015,-79.1762893771,-84.4050722928,-85.0644603071,-85.0597527987,-85.0334203923,-85.0239244543
11.02,-79.182045246,-84.4056204743,-85.0645198808,-85.0598636996,-85.0337161568,-85.0243230933
11.025,-79.187797209,-84.4061687577,-85.0645793432,-85.0599740368,-85.0340089863,-85.0247176779
11.03,-79.1935452664,-84.4067171409,-85.0646386948,-85.0600838157,-85.0342989248,-85.0251082686
11.035,-79.1992894184,-84.407265622,-85.0646979362,-85.0601930416,-85.0345860153,-85.0254949245
11.04,-79.2050296652,-84.4078141988,-85.0647570682,-85.06030172,-85.0348703,-85.0258777037
11.045,-79.210766007,-84.4083628692,-85.0648160912,-85.060409856,-85.0351518205,-85.0262566635
11.05,-79.2164984441,-84.4089116314,-85.064875006,-85.0605174549,-85.0354306176,-85.0266318599
11.055,-79.2222269766,-84.4094604832,-85.064933813,-85.0606245218,-85.0357067315,-85.0270033483
11.06,-79.227951605,-84.4100094226,-85.064992513,-85.0607310617,-85.0359802017,-85.0273711829
11.065,-79.2336723294,-84.4105584476,-85.0650511065,-85.0608370798,-85.0362510669,-85.0277354171
11.07,-79.2393891501,-84.4111075562,-85.065109594,-85.0609425809,-85.0365193654,-85.0280961033
11.075,-79.2451020674,-84.4116567464,-85.0651679762,-85.0610475699,-85.0367851344,-85.0284532931
11.08,-79.2508110816,-84.4122060163,-85.0652262537,-85.0611520517,-85.0370484111,-85.0288070371
11.085,-79.256516193,-84.4127553638,-85.065284427,-85.0612560311,-85.0373092315,-85.0291573852
11.09,-79.2622174019,-84.4133047869,-85.0653424966,-85.0613595127,-85.0375676312,-85.0295043863
11.095,-79.2679147087,-84.4138542838,-85.0654004632,-85.0614625014,-85.0378236454,-85.0298480887
11.1,-79.2736081135,-84.4144038524,-85.0654583273,-85.0615650016,-85.0380773085,-85.0301885398
11.105,-79.2792976169,-84.4149534907,-85.0655160894,-85.061667018,-85.0383286543,-85.030525786
11.11,-79.2849832191,-84.415503197,-85.0655737502,-85.0617685551,-85.0385777162,-85.0308598732
11.115,-79.2906649205,-84.4160529691,-85.06563131,-85.0618696173,-85.0388245268,-85.0311908465
11.12,-79.2963427215,-84.4166028052,-85.0656887696,-85.061970209,-85.0390691184,-85.0315187502
11.125,-79.3020166224,-84.4171527034,-85.0657461294,-85.0620703346,-85.0393115227,-85.0318436278
11.13,-79.3076866236,-84.4177026618,-85.0658033899,-85.0621699985,-85.0395517708,-85.0321655222
11.135,-79.3133527255,-84.4182526784,-85.0658605516,-85.0622692048,-85.0397898934,-85.0324844755
11.14,-79.3190149286,-84.4188027513,-85.0659176152,-85.0623679578,-85.0400259205,-85.0328005293
11.145,-79.3246732331,-84.4193528787,-85.065974581,-85.0624662616,-85.0402598819,-85.0331137243
11.15,-79.3303276395,-84.4199030586,-85.0660314497,-85.0625641203,-85.0404918067,-85.0334241006
11.155,-79.3359781483,-84.4204532893,-85.0660882217,-85.0626615381,-85.0407217235,-85.0337316978
11.16,-79.3416247599,-84.4210035688,-85.0661448974,-85.0627585189,-85.0409496605,-85.0340365546
11.165,-79.3472674747,-84.4215538952,-85.0662014775,-85.0628550666,-85.0411756456,-85.0343387094
11.17,-79.3529062932,-84.4221042668,-85.0662579624,-85.0629511853,-85.041399706,-85.0346381996
11.175,-79.3585412158,-84.4226546816,-85.0663143526,-85.0630468788,-85.0416218686,-85.0349350623
11.18,-79.364172243,-84.4232051379,-85.0663706486,-85.0631421508,-85.0418421598,-85.0352293339
11.185,-79.3697993752,-84.4237556337,-85.0664268508,-85.0632370054,-85.0420606055,-85.0355210502
11.19,-79.3754226131,-84.4243061674,-85.0664829598,-85.063331446,-85.0422772315,-85.0358102466
11.195,-79.3810419569,-84.424856737,-85.066538976,-85.0634254766,-85.0424920627,-85.0360969576
11.2,-79.3866574074,-84.4254073407,-85.0665948998,-85.0635191006,-85.0427051241,-85.0363812174
11.205,-79.3922689649,-84.4259579768,-85.0666507318,-85.0636123218,-85.0429164399,-85.0366630597
11.21,-79.3978766299,-84.4265086434,-85.0667064724,-85.0637051437,-85.0431260342,-85.0369425175
11.215,-79.4034804031,-84.4270593388,-85.0667621221,-85.0637975699,-85.0433339305,-85.0372196233
11.22,-79.4090802849,-84.4276100612,-85.0668176813,-85.0638896039,-85.0435401521,-85.0374944093
11.225,-79.4146762759,-84.4281608087,-85.0668731504,-85.063981249,-85.0437447218,-85.0377669069
11.23,-79.4202683766,-84.4287115798,-85.06692853,-85.0640725088,-85.0439476621,-85.0380371472
11.235,-79.4258565877,-84.4292623725,-85.0669838203,-85.0641633865,-85.0441489951,-85.0383051608
11.24,-79.4314409095,-84.4298131851,-85.067039022,-85.0642538856,-85.0443487426,-85.0385709778
11.245,-79.4370213428,-84.4303640159,-85.0670941354,-85.0643440093,-85.0445469261,-85.0388346278
11.25,-79.4425978881,-84.4309148632,-85.067149161,-85.064433761,-85.0447435667,-85.0390961399
11.255,-79.448170546,-84.4314657252,-85.0672040991,-85.0645231437,-85.044938685,-85.039355543
11.26,-79.4537393171,-84.4320166001,-85.0672589502,-85.0646121608,-85.0451323017,-85.0396128651
11.265,-79.4593042021,-84.4325674864,-85.0673137148,-85.0647008153,-85.0453244367,-85.0398681343
11.27,-79.4648652014,-84.4331183822,-85.0673683932,-85.0647891104,-85.04551511,-85.0401213779
11.275,-79.4704223159,-84.4336692859,-85.0674229858,-85.0648770492,-85.045704341,-85.0403726228
11.28,-79.4759755459,-84.4342201958,-85.0674774931,-85.0649646346,-85.0458921489,-85.0406218958
11.285,-79.4815248923,-84.4347711101,-85.0675319154,-85.0650518698,-85.0460785526,-85.0408692228
11.29,-79.4870703557,-84.4353220273,-85.0675862533,-85.0651387577,-85.0462635708,-85.0411146298
11.295,-79.4926119367,-84.4358729456,-85.067640507,-85.0652253012,-85.0464472216,-85.0413581421
11.3,-79.4981496359,-84.4364238633,-85.0676946769,-85.0653115033,-85.0466295233,-85.0415997847
11.305,-79.5036834541,-84.4369747789,-85.0677487635,-85.0653973668,-85.0468104935,-85.0418395821
11.31,-79.5092133919,-84.4375256906,-85.0678027672,-85.0654828945,-85.0469901498,-85.0420775588
11.315,-79.5147394501,-84.4380765968,-85.0678566883,-85.0655680894,-85.0471685093,-85.0423137385
11.32,-79.5202616293,-84.4386274958,-85.0679105272,-85.0656529541,-85.047345589,-85.0425481447
11.325,-79.5257799301,-84.4391783861,-85.0679642843,-85.0657374914,-85.0475214055,-85.0427808007
11.33,-79.5312943534,-84.439729266,-85.06801796,-85.065821704,-85.0476959754,-85.0430117292
11.335,-79.5368048998,-84.4402801339,-85.0680715546,-85.0659055947,-85.0478693149,-85.0432409527
11.34,-79.5423115701,-84.4408309882,-85.0681250686,-85.065989166,-85.0480414397,-85.0434684934
11.345,-79.547814365,-84.4413818272,-85.0681785022,-85.0660724206,-85.0482123658,-85.043694373
11.35,-79.5533132852,-84.4419326495,-85.0682318559,-85.0661553612,-85.0483821084,-85.0439186131
11.355,-79.5588083314,-84.4424834533,-85.0682851299,-85.0662379902,-85.0485506829,-85.0441412349
11.36,-79.5642995045,-84.4430342371,-85.0683383248,-85.0663203102,-85.0487181042,-85.0443622591
11.365,-79.5697868052,-84.4435849993,-85.0683914408,-85.0664023238,-85.0488843871,-85.0445817063
11.37,-79.5752702342,-84.4441357383,-85.0684444782,-85.0664840333,-85.0490495462,-85.0447995968
11.375,-79.5807497924,-84.4446864527,-85.0684974375,-85.0665654413,-85.0492135957,-85.0450159505
11.38,-79.5862254805,-84.4452371408,-85.068550319,-85.0666465502,-85.0493765499,-85.045230787
11.385,-79.5916972993,-84.445787801,-85.068603123,-85.0667273625,-85.0495384225,-85.0454441257
11.39,-79.5971652496,-84.4463384319,-85.0686558498,-85.0668078803,-85.0496992272,-85.0456559857
11.395,-79.6026293323,-84.4468890319,-85.0687084998,-85.0668881063,-85.0498589777,-85.0458663857
11.4,-79.608089548,-84.4474395994,-85.0687610734,-85.0669680425,-85.050017687,-85.0460753444
11.405,-79.6135458977,-84.447990133,-85.0688135709,-85.0670476914,-85.0501753684,-85.0462828798
11.41,-79.6189983822,-84.4485406311,-85.0688659925,-85.0671270552,-85.0503320347,-85.04648901
11.415,-79.6244470023,-84.4490910922,-85.0689183387,-85.0672061362,-85.0504876986,-85.0466937527
11.42,-79.6298917588,-84.4496415148,-85.0689706098,-85.0672849365,-85.0506423726,-85.0468971254
11.425,-79.6353326527,-84.4501918975,-85.069022806,-85.0673634585,-85.0507960691,-85.0470991453
11.43,-79.6407696847,-84.4507422386,-85.0690749277,-85.0674417041,-85.0509488001,-85.0472998293
11.435,-79.6462028557,-84.4512925368,-85.0691269752,-85.0675196757,-85.0511005777,-85.0474991941
11.44,-79.6516321667,-84.4518427905,-85.0691789489,-85.0675973754,-85.0512514136,-85.0476972562
11.445,-79.6570576184,-84.4523929983,-85.069230849,-85.0676748051,-85.0514013194,-85.0478940318
11.45,-79.6624792117,-84.4529431588,-85.0692826758,-85.0677519671,-85.0515503067,-85.0480895369
11.455,-79.6678969476,-84.4534932704,-85.0693344297,-85.0678288633,-85.0516983866,-85.0482837872
11.46,-79.6733108269,-84.4540433317,-85.069386111,-85.0679054958,-85.0518455702,-85.0484767984
11.465,-79.6787208506,-84.4545933412,-85.06943772,-85.0679818667,-85.0519918685,-85.0486685857
11.47,-79.6841270196,-84.4551432976,-85.0694892569,-85.0680579778,-85.0521372923,-85.0488591641
11.475,-79.6895293347,-84.4556931993,-85.0695407221,-85.0681338313,-85.0522818522,-85.0490485487
11.48,-79.694927797,-84.456243045,-85.0695921159,-85.0682094289,-85.0524255587,-85.0492367539
11.485,-79.7003224072,-84.4567928333,-85.0696434385,-85.0682847727,-85.052568422,-85.0494237943
11.49,-79.7057131665,-84.4573425627,-85.0696946902,-85.0683598646,-85.0527104525,-85.0496096841
11.495,-79.7111000757,-84.4578922318,-85.0697458714,-85.0684347063,-85.0528516599,-85.0497944374
11.5,-79.7164831357,-84.4584418392,-85.0697969824,-85.0685092999,-85.0529920544,-85.049978068
11.505,-79.7218623476,-84.4589913835,-85.0698480233,-85.0685836471,-85.0531316454,-85.0501605894
11.51,-79.7272377123,-84.4595408633,-85.0698989945,-85.0686577498,-85.0532704428,-85.0503420153
11.515,-79.7326092308,-84.4600902773,-85.0699498963,-85.0687316098,-85.0534084558,-85.0505223588
11.52,-79.737976904,-84.4606396241,-85.070000729,-85.0688052288,-85.0535456939,-85.0507016329
11.525,-79.743340733,-84.4611889023,-85.0700514927,-85.0688786087,-85.0536821662,-85.0508798506
11.53,-79.7487007188,-84.4617381105,-85.0701021879,-85.0689517511,-85.0538178817,-85.0510570246
11.535,-79.7540568622,-84.4622872474,-85.0701528148,-85.0690246578,-85.0539528494,-85.0512331673
11.54,-79.7594091644,-84.4628363116,-85.0702033735,-85.0690973305,-85.054087078,-85.0514082912
11.545,-79.7647576264,-84.4633853017,-85.0702538645,-85.0691697709,-85.0542205762,-85.0515824083
11.55,-79.7701022491,-84.4639342166,-85.070304288,-85.0692419807,-85.0543533525,-85.0517555308
11.555,-79.7754430336,-84.4644830547,-85.0703546442,-85.0693139615,-85.0544854154,-85.0519276703
11.56,-79.780779981,-84.4650318148,-85.0704049333,-85.0693857149,-85.0546167731,-85.0520988385
11.565,-79.7861130923,-84.4655804955,-85.0704551558,-85.0694572427,-85.0547474339,-85.0522690471
11.57,-79.7914423684,-84.4661290956,-85.0705053117,-85.0695285463,-85.0548774057,-85.0524383071
11.575,-79.7967678106,-84.4666776138,-85.0705554014,-85.0695996274,-85.0550066966,-85.05260663
11.58,-79.8020894198,-84.4672260486,-85.0706054251,-85.0696704876,-85.0551353142,-85.0527740266
11.585,-79.807407197,-84.4677743989,-85.0706553831,-85.0697411283,-85.0552632665,-85.0529405078
11.59,-79.8127211434,-84.4683226633,-85.0707052757,-85.0698115512,-85.0553905609,-85.0531060843
11.595,-79.8180312601,-84.4688708406,-85.0707551029,-85.0698817577,-85.055517205,-85.0532707667
11.6,-79.823337548,-84.4694189295,-85.0708048652,-85.0699517494,-85.0556432062,-85.0534345654
11.605,-79.8286400084,-84.4699669286,-85.0708545628,-85.0700215277,-85.0557685717,-85.0535974907
11.61,-79.8339386423,-84.4705148368,-85.0709041958,-85.0700910941,-85.0558933087,-85.0537595526
11.615,-79.8392334507,-84.4710626527,-85.0709537646,-85.0701604501,-85.0560174244,-85.0539207612
11.62,-79.8445244349,-84.4716103752,-85.0710032694,-85.0702295972,-85.0561409257,-85.0540811263
11.625,-79.8498115959,-84.4721580029,-85.0710527104,-85.0702985366,-85.0562638194,-85.0542406576
11.63,-79.8550949348,-84.4727055347,-85.0711020878,-85.07036727,-85.0563861125,-85.0543993646
11.635,-79.8603744528,-84.4732529692,-85.0711514019,-85.0704357985,-85.0565078115,-85.0545572569
11.64,-79.865650151,-84.4738003053,-85.0712006529,-85.0705041237,-85.0566289231,-85.0547143436
11.645,-79.8709220305,-84.4743475417,-85.071249841,-85.0705722469,-85.0567494538,-85.054870634
11.65,-79.8761900925,-84.4748946771,-85.0712989665,-85.0706401695,-85.0568694099,-85.0550261372
11.655,-79.8814543381,-84.4754417105,-85.0713480296,-85.0707078928,-85.0569887979,-85.0551808619
11.66,-79.8867147685,-84.4759886406,-85.0713970306,-85.070775418,-85.0571076239,-85.0553348171
11.665,-79.8919713849,-84.4765354661,-85.0714459695,-85.0708427467,-85.0572258941,-85.0554880114
11.67,-79.8972241883,-84.4770821859,-85.0714948467,-85.0709098799,-85.0573436146,-85.0556404534
11.675,-79.90247318,-84.4776287988,-85.0715436624,-85.0709768191,-85.0574607913,-85.0557921515
11.68,-79.9077183612,-84.4781753035,-85.0715924168,-85.0710435655,-85.0575774301,-85.055943114
11.685,-79.9129597331,-84.478721699,-85.0716411101,-85.0711101203,-85.0576935369,-85.0560933491
11.69,-79.9181972967,-84.479267984,-85.0716897426,-85.0711764848,-85.0578091174,-85.0562428649
11.695,-79.9234310534,-84.4798141574,-85.0717383144,-85.0712426603,-85.0579241772,-85.0563916694
11.7,-79.9286610044,-84.4803602179,-85.0717868257,-85.0713086479,-85.0580387219,-85.0565397705
11.705,-79.9338871507,-84.4809061645,-85.0718352768,-85.0713744489,-85.0581527569,-85.0566871759
11.71,-79.9391094937,-84.481451996,-85.0718836678,-85.0714400645,-85.0582662879,-85.0568338933
11.715,-79.9443280346,-84.4819977113,-85.0719319991,-85.0715054958,-85.0583793199,-85.0569799302
11.72,-79.9495427746,-84.4825433091,-85.0719802707,-85.071570744,-85.0584918584,-85.0571252941
11.725,-79.9547537149,-84.4830887884,-85.0720284829,-85.0716358103,-85.0586039086,-85.0572699923
11.73,-79.9599608568,-84.483634148,-85.0720766358,-85.0717006959,-85.0587154755,-85.0574140321
11.735,-79.9651642014,-84.4841793868,-85.0721247298,-85.0717654018,-85.0588265642,-85.0575574206
11.74,-79.9703637501,-84.4847245037,-85.072172765,-85.0718299292,-85.0589371797,-85.0577001648
11.745,-79.9755595041,-84.4852694975,-85.0722207415,-85.0718942792,-85.0590473269,-85.0578422717
11.75,-79.9807514646,-84.4858143673,-85.0722686596,-85.0719584529,-85.0591570107,-85.0579837482
11.755,-79.9859396329,-84.4863591117,-85.0723165195,-85.0720224515,-85.0592662359,-85.0581246009
11.76,-79.9911240104,-84.4869037298,-85.0723643214,-85.0720862759,-85.0593750071,-85.0582648367
11.765,-79.9963045981,-84.4874482205,-85.0724120654,-85.0721499273,-85.059483329,-85.058404462
11.77,-80.0014813976,-84.4879925827,-85.0724597517,-85.0722134067,-85.0595912063,-85.0585434833
11.775,-80.0066544099,-84.4885368152,-85.0725073806,-85.0722767151,-85.0596986434,-85.058681907
11.78,-80.0118236365,-84.489080917,-85.0725549523,-85.0723398537,-85.0598056448,-85.0588197395
11.785,-80.0169890785,-84.4896248871,-85.0726024668,-85.0724028235,-85.0599122148,-85.058956987
11.79,-80.0221507373,-84.4901687243,-85.0726499245,-85.0724656253,-85.060018358,-85.0590936556
11.795,-80.0273086143,-84.4907124277,-85.0726973254,-85.0725282604,-85.0601240784,-85.0592297513
11.8,-80.0324627106,-84.4912559961,-85.0727446698,-85.0725907296,-85.0602293804,-85.0593652801
11.805,-80.0376130277,-84.4917994285,-85.0727919579,-85.072653034,-85.0603342682,-85.059500248
11.81,-80.0427595668,-84.4923427238,-85.0728391897,-85.0727151745,-85.0604387458,-85.0596346607
11.815,-80.0479023294,-84.4928858811,-85.0728863656,-85.0727771521,-85.0605428172,-85.059768524
11.82,-80.0530413166,-84.4934288992,-85.0729334857,-85.0728389678,-85.0606464866,-85.0599018435
11.825,-80.0581765299,-84.4939717772,-85.0729805501,-85.0729006225,-85.0607497578,-85.0600346248
11.83,-80.0633079705,-84.494514514,-85.0730275591,-85.0729621172,-85.0608526347,-85.0601668733
11.835,-80.0684356399,-84.4950571086,-85.0730745128,-85.0730234527,-85.0609551212,-85.0602985947
11.84,-80.0735595394,-84.49559956,-85.0731214113,-85.0730846301,-85.0610572211,-85.0604297941
11.845,-80.0786796703,-84.4961418671,-85.0731682549,-85.0731456502,-85.0611589381,-85.0605604768
11.85,-80.083796034,-84.496684029,-85.0732150438,-85.073206514,-85.0612602758,-85.0606906481
11.855,-80.0889086319,-84.4972260447,-85.073261778,-85.0732672223,-85.061361238,-85.0608203132
11.86,-80.0940174653,-84.4977679131,-85.0733084578,-85.073327776,-85.0614618282,-85.060949477
11.865,-80.0991225356,-84.4983096334,-85.0733550833,-85.073388176,-85.0615620499,-85.0610781446
11.87,-80.1042238442,-84.4988512044,-85.0734016547,-85.0734484232,-85.0616619067,-85.0612063209
11.875,-80.1093213925,-84.4993926252,-85.0734481721,-85.0735085184,-85.061761402,-85.0613340108
11.88,-80.1144151818,-84.4999338949,-85.0734946358,-85.0735684626,-85.0618605391,-85.0614612191
11.885,-80.1195052136,-84.5004750124,-85.0735410459,-85.0736282565,-85.0619593215,-85.0615879505
11.89,-80.1245914893,-84.5010159769,-85.0735874025,-85.0736879009,-85.0620577525,-85.0617142097
11.895,-80.1296740102,-84.5015567872,-85.0736337058,-85.0737473968,-85.0621558353,-85.0618400013
11.9,-80.1347527778,-84.5020974426,-85.073679956,-85.073806745,-85.0622535731,-85.0619653299
11.905,-80.1398277935,-84.502637942,-85.0737261532,-85.0738659462,-85.0623509691,-85.0620901998
11.91,-80.1448990588,-84.5031782845,-85.0737722975,-85.0739250012,-85.0624480265,-85.0622146157
11.915,-80.1499665749,-84.5037184691,-85.0738183892,-85.0739839109,-85.0625447484,-85.0623385818
11.92,-80.1550303434,-84.504258495,-85.0738644284,-85.0740426761,-85.0626411377,-85.0624621024
11.925,-80.1600903658,-84.5047983611,-85.0739104152,-85.0741012976,-85.0627371975,-85.0625851818
11.93,-80.1651466433,-84.5053380666,-85.0739563498,-85.074159776,-85.0628329309,-85.0627078241
11.935,-80.1701991775,-84.5058776105,-85.0740022324,-85.0742181122,-85.0629283406,-85.0628300336
11.94,-80.1752479699,-84.5064169919,-85.0740480631,-85.0742763071,-85.0630234297,-85.0629518143
11.945,-80.1802930218,-84.5069562099,-85.0740938419,-85.0743343612,-85.0631182009,-85.0630731702
11.95,-80.1853343347,-84.5074952636,-85.0741395692,-85.0743922754,-85.0632126572,-85.0631941053
11.955,-80.1903719101,-84.5080341521,-85.0741852451,-85.0744500504,-85.0633068011,-85.0633146235
11.96,-80.1954057495,-84.5085728745,-85.0742308696,-85.0745076869,-85.0634006356,-85.0634347287
11.965,-80.2004358543,-84.5091114299,-85.0742764429,-85.0745651858,-85.0634941634,-85.0635544247
11.97,-80.205462226,-84.5096498174,-85.0743219652,-85.0746225476,-85.063587387,-85.0636737153
11.975,-80.2104848661,-84.5101880361,-85.0743674367,-85.0746797731,-85.0636803091,-85.0637926041
11.98,-80.215503776,-84.5107260852,-85.0744128574,-85.0747368631,-85.0637729324,-85.0639110949
11.985,-80.2205189573,-84.5112639637,-85.0744582275,-85.0747938182,-85.0638652594,-85.0640291912
11.99,-80.2255304114,-84.5118016708,-85.0745035471,-85.0748506391,-85.0639572926,-85.0641468966
11.995,-80.2305381398,-84.5123392057,-85.0745488165,-85.0749073266,-85.0640490345,-85.0642642147
12,-80.235542144,-84.5128765674,-85.0745940356,-85.0749638813,-85.0641404877,-85.0643811489
12.005,-80.2405424256,-84.5134137551,-85.0746392047,-85.0750203038,-85.0642316545,-85.0644977027
12.01,-80.2455389861,-84.513950768,-85.0746843239,-85.0750765949,-85.0643225373,-85.0646138793
12.015,-80.2505318269,-84.5144876052,-85.0747293934,-85.0751327552,-85.0644131386,-85.0647296823
12.02,-80.2555209495,-84.5150242659,-85.0747744132,-85.0751887854,-85.0645034606,-85.0648451147
12.025,-80.2605063556,-84.5155607492,-85.0748193835,-85.0752446861,-85.0645935057,-85.06496018
12.03,-80.2654880465,-84.5160970543,-85.0748643044,-85.075300458,-85.0646832761,-85.0650748813
12.035,-80.2704660239,-84.5166331804,-85.0749091762,-85.0753561018,-85.0647727741,-85.0651892217
12.04,-80.2754402893,-84.5171691266,-85.0749539988,-85.075411618,-85.064862002,-85.0653032044
12.045,-80.2804108443,-84.5177048921,-85.0749987724,-85.0754670073,-85.0649509619,-85.0654168325
12.05,-80.2853776902,-84.5182404761,-85.0750434973,-85.0755222703,-85.065039656,-85.065530109
12.055,-80.2903408288,-84.5187758778,-85.0750881734,-85.0755774077,-85.0651280864,-85.0656430369
12.06,-80.2953002615,-84.5193110964,-85.0751328009,-85.0756324201,-85.0652162553,-85.0657556191
12.065,-80.30025599,-84.5198461311,-85.07517738,-85.075687308,-85.0653041647,-85.0658678586
12.07,-80.3052080157,-84.520380981,-85.0752219107,-85.0757420721,-85.0653918166,-85.0659797583
12.075,-80.3101563402,-84.5209156454,-85.0752663933,-85.0757967129,-85.0654792132,-85.066091321
12.08,-80.3151009652,-84.5214501235,-85.0753108277,-85.0758512312,-85.0655663564,-85.0662025495
12.085,-80.320041892,-84.5219844146,-85.0753552143,-85.0759056274,-85.0656532481,-85.0663134465
12.09,-80.3249791225,-84.5225185177,-85.075399553,-85.0759599021,-85.0657398904,-85.0664240149
12.095,-80.329912658,-84.5230524322,-85.0754438439,-85.076014056,-85.0658262852,-85.0665342573
12.1,-80.3348425003,-84.5235861572,-85.0754880874,-85.0760680895,-85.0659124343,-85.0666441763
12.105,-80.3397686508,-84.524119692,-85.0755322833,-85.0761220033,-85.0659983397,-85.0667537746
12.11,-80.3446911112,-84.5246530359,-85.0755764319,-85.076175798,-85.0660840032,-85.0668630548
12.115,-80.349609883,-84.5251861881,-85.0756205333,-85.076229474,-85.0661694266,-85.0669720195
12.12,-80.3545249679,-84.5257191477,-85.0756645876,-85.076283032,-85.0662546118,-85.0670806711
12.125,-80.3594363675,-84.5262519142,-85.0757085949,-85.0763364725,-85.0663395604,-85.0671890122
12.13,-80.3643440833,-84.5267844866,-85.0757525554,-85.0763897961,-85.0664242744,-85.0672970451
12.135,-80.369248117,-84.5273168643,-85.0757964691,-85.0764430032,-85.0665087554,-85.0674047724
12.14,-80.3741484702,-84.5278490466,-85.0758403362,-85.0764960944,-85.0665930052,-85.0675121965
12.145,-80.3790451446,-84.5283810326,-85.0758841567,-85.0765490703,-85.0666770253,-85.0676193196
12.15,-80.3839381416,-84.5289128217,-85.0759279309,-85.0766019313,-85.0667608176,-85.0677261441
12.155,-80.3888274629,-84.5294444131,-85.0759716587,-85.0766546781,-85.0668443837,-85.0678326724
12.16,-80.3937131103,-84.5299758062,-85.0760153404,-85.0767073111,-85.0669277252,-85.0679389067
12.165,-80.3985950852,-84.5305070001,-85.0760589761,-85.0767598308,-85.0670108436,-85.0680448492
12.17,-80.4034733894,-84.5310379942,-85.0761025657,-85.0768122378,-85.0670937407,-85.0681505021
12.175,-80.4083480245,-84.5315687877,-85.0761461096,-85.0768645325,-85.067176418,-85.0682558677
12.18,-80.413218992,-84.53209938,-85.0761896077,-85.0769167155,-85.067258877,-85.0683609481
12.185,-80.4180862938,-84.5326297704,-85.0762330602,-85.0769687872,-85.0673411192,-85.0684657454
12.19,-80.4229499313,-84.5331599581,-85.0762764672,-85.0770207482,-85.0674231462,-85.0685702617
12.195,-80.4278099063,-84.5336899424,-85.0763198288,-85.0770725989,-85.0675049595,-85.0686744991
12.2,-80.4326662205,-84.5342197227,-85.0763631451,-85.0771243398,-85.0675865606,-85.0687784597
12.205,-80.4375188754,-84.5347492983,-85.0764064163,-85.0771759714,-85.0676679508,-85.0688821454
12.21,-80.4423678727,-84.5352786685,-85.0764496423,-85.0772274943,-85.0677491317,-85.0689855582
12.215,-80.4472132141,-84.5358078326,-85.0764928234,-85.0772789087,-85.0678301046,-85.0690887002
12.22,-80.4520549013,-84.5363367899,-85.0765359596,-85.0773302154,-85.067910871,-85.0691915732
12.225,-80.456892936,-84.5368655397,-85.0765790511,-85.0773814146,-85.0679914323,-85.0692941792
12.23,-80.4617273197,-84.5373940814,-85.0766220979,-85.0774325068,-85.0680717897,-85.0693965201
12.235,-80.4665580543,-84.5379224144,-85.0766651001,-85.0774834926,-85.0681519448,-85.0694985977
12.24,-80.4713851414,-84.5384505379,-85.0767080579,-85.0775343723,-85.0682318988,-85.0696004139
12.245,-80.4762085826,-84.5389784513,-85.0767509714,-85.0775851465,-85.068311653,-85.0697019705
12.25,-80.4810283796,-84.539506154,-85.0767938406,-85.0776358156,-85.0683912087,-85.0698032694
12.255,-80.4858445342,-84.5400336453,-85.0768366657,-85.0776863799,-85.0684705673,-85.0699043121
12.26,-80.4906570481,-84.5405609245,-85.0768794467,-85.0777368401,-85.0685497299,-85.0700051006
12.265,-80.4954659229,-84.541087991,-85.0769221838,-85.0777871964,-85.0686286979,-85.0701056366
12.27,-80.5002711604,-84.5416148442,-85.0769648771,-85.0778374494,-85.0687074725,-85.0702059217
12.275,-80.5050727622,-84.5421414834,-85.0770075266,-85.0778875994,-85.0687860549,-85.0703059577
12.28,-80.5098707301,-84.5426679081,-85.0770501325,-85.0779376469,-85.0688644464,-85.0704057462
12.285,-80.5146650658,-84.5431941175,-85.0770926948,-85.0779875924,-85.068942648,-85.0705052889
12.29,-80.519455771,-84.543720111,-85.0771352137,-85.0780374361,-85.0690206611,-85.0706045873
12.295,-80.5242428473,-84.5442458881,-85.0771776892,-85.0780871787,-85.0690984868,-85.0707036431
12.3,-80.5290262967,-84.5447714482,-85.0772201215,-85.0781368204,-85.0691761261,-85.0708024579
12.305,-80.5338061206,-84.5452967905,-85.0772625106,-85.0781863617,-85.0692535804,-85.0709010332
12.31,-80.5385823209,-84.5458219145,-85.0773048566,-85.078235803,-85.0693308506,-85.0709993706
12.315,-80.5433548994,-84.5463468196,-85.0773471597,-85.0782851447,-85.069407938,-85.0710974715
12.32,-80.5481238577,-84.5468715051,-85.0773894199,-85.0783343872,-85.0694848435,-85.0711953375
12.325,-80.5528891975,-84.5473959706,-85.0774316373,-85.0783835309,-85.0695615684,-85.0712929702
12.33,-80.5576509207,-84.5479202154,-85.0774738121,-85.0784325762,-85.0696381136,-85.0713903708
12.335,-80.562409029,-84.5484442388,-85.0775159442,-85.0784815235,-85.0697144802,-85.0714875409
12.34,-80.5671635241,-84.5489680404,-85.0775580338,-85.0785303732,-85.0697906693,-85.071584482
12.345,-80.5719144078,-84.5494916195,-85.077600081,-85.0785791257,-85.0698666819,-85.0716811954
12.35,-80.5766616818,-84.5500149755,-85.0776420859,-85.0786277813,-85.0699425191,-85.0717776825
12.355,-80.5814053478,-84.5505381079,-85.0776840486,-85.0786763405,-85.0700181817,-85.0718739447
12.36,-80.5861454077,-84.5510610161,-85.0777259691,-85.0787248035,-85.070093671,-85.0719699833
12.365,-80.5908818631,-84.5515836995,-85.0777678476,-85.0787731709,-85.0701689877,-85.0720657997
12.37,-80.595614716,-84.5521061576,-85.0778096841,-85.078821443,-85.070244133,-85.0721613953
12.375,-80.6003439679,-84.5526283898,-85.0778514788,-85.07886962,-85.0703191077,-85.0722567713
12.38,-80.6050696208,-84.5531503955,-85.0778932317,-85.0789177025,-85.0703939128,-85.072351929
12.385,-80.6097916762,-84.5536721742,-85.0779349428,-85.0789656908,-85.0704685493,-85.0724468697
12.39,-80.6145101362,-84.5541937253,-85.0779766124,-85.0790135852,-85.0705430181,-85.0725415947
12.395,-80.6192250023,-84.5547150482,-85.0780182404,-85.0790613862,-85.0706173202,-85.0726361052
12.4,-80.6239362765,-84.5552361425,-85.078059827,-85.0791090939,-85.0706914563,-85.0727304024
12.405,-80.6286439604,-84.5557570076,-85.0781013723,-85.0791567089,-85.0707654275,-85.0728244875
12.41,-80.6333480559,-84.5562776429,-85.0781428763,-85.0792042315,-85.0708392345,-85.0729183618
12.415,-80.6380485648,-84.5567980479,-85.0781843391,-85.079251662,-85.0709128784,-85.0730120265
12.42,-80.6427454888,-84.5573182221,-85.0782257608,-85.0792990007,-85.07098636,-85.0731054826
12.425,-80.6474388298,-84.557838165,-85.0782671415,-85.079346248,-85.07105968,-85.0731987314
12.43,-80.6521285895,-84.5583578759,-85.0783084813,-85.0793934044,-85.0711328394,-85.0732917741
12.435,-80.6568147697,-84.5588773544,-85.0783497802,-85.07944047,-85.071205839,-85.0733846116
12.44,-80.6614973723,-84.5593966001,-85.0783910384,-85.0794874452,-85.0712786797,-85.0734772452
12.445,-80.6661763991,-84.5599156122,-85.0784322559,-85.0795343304,-85.0713513622,-85.073569676
12.45,-80.6708518518,-84.5604343904,-85.0784734328,-85.0795811259,-85.0714238874,-85.073661905
12.455,-80.6755237323,-84.5609529342,-85.0785145691,-85.0796278321,-85.071496256,-85.0737539333
12.46,-80.6801920423,-84.5614712429,-85.0785556651,-85.0796744492,-85.0715684689,-85.0738457619
12.465,-80.6848567838,-84.5619893162,-85.0785967207,-85.0797209776,-85.0716405269,-85.0739373921
12.47,-80.6895179585,-84.5625071535,-85.078637736,-85.0797674176,-85.0717124306,-85.0740288246
12.475,-80.6941755682,-84.5630247543,-85.0786787112,-85.0798137696,-85.071784181,-85.0741200607
12.48,-80.6988296148,-84.5635421181,-85.0787196462,-85.0798600338,-85.0718557787,-85.0742111012
12.485,-80.7034801001,-84.5640592445,-85.0787605412,-85.0799062106,-85.0719272245,-85.0743019473
12.49,-80.7081270259,-84.5645761329,-85.0788013962,-85.0799523003,-85.0719985191,-85.0743925998
12.495,-80.712770394,-84.5650927829,-85.0788422114,-85.0799983032,-85.0720696633,-85.0744830598
12.5,-80.7174102063,-84.5656091939,-85.0788829867,-85.0800442196,-85.0721406578,-85.0745733282
12.505,-80.7220464647,-84.5661253655,-85.0789237224,-85.0800900498,-85.0722115033,-85.074663406
12.51,-80.7266791709,-84.5666412973,-85.0789644184,-85.0801357942,-85.0722822005,-85.0747532942
12.515,-80.7313083268,-84.5671569887,-85.0790050748,-85.080181453,-85.0723527502,-85.0748429936
12.52,-80.7359339343,-84.5676724393,-85.0790456917,-85.0802270266,-85.0724231529,-85.0749325051
12.525,-80.7405559952,-84.5681876486,-85.0790862693,-85.0802725152,-85.0724934095,-85.0750218298
12.53,-80.7451745113,-84.5687026162,-85.0791268074,-85.0803179192,-85.0725635205,-85.0751109684
12.535,-80.7497894845,-84.5692173416,-85.0791673064,-85.0803632388,-85.0726334867,-85.0751999219
12.54,-80.7544009166,-84.5697318242,-85.0792077661,-85.0804084743,-85.0727033087,-85.0752886912
12.545,-80.7590088095,-84.5702460638,-85.0792481867,-85.0804536261,-85.0727729872,-85.0753772771
12.55,-80.7636131651,-84.5707600598,-85.0792885683,-85.0804986944,-85.0728425228,-85.0754656804
12.555,-80.7682139852,-84.5712738117,-85.0793289109,-85.0805436796,-85.0729119162,-85.0755539021
12.56,-80.7728112717,-84.5717873192,-85.0793692147,-85.0805885818,-85.0729811679,-85.075641943
12.565,-80.7774050264,-84.5723005818,-85.0794094796,-85.0806334014,-85.0730502787,-85.0757298038
12.57,-80.7819952512,-84.572813599,-85.0794497058,-85.0806781387,-85.0731192492,-85.0758174855
12.575,-80.786581948,-84.5733263705,-85.0794898933,-85.080722794,-85.0731880799,-85.0759049888
12.58,-80.7911651187,-84.5738388957,-85.0795300422,-85.0807673675,-85.0732567716,-85.0759923145
12.585,-80.7957447651,-84.5743511742,-85.0795701525,-85.0808118595,-85.0733253246,-85.0760794634
12.59,-80.8003208892,-84.5748632057,-85.0796102245,-85.0808562703,-85.0733937398,-85.0761664363
12.595,-80.8048934927,-84.5753749897,-85.079650258,-85.0809006002,-85.0734620177,-85.076253234
12.6,-80.8094625775,-84.5758865257,-85.0796902532,-85.0809448494,-85.0735301588,-85.0763398572
12.605,-80.8140281456,-84.5763978134,-85.0797302102,-85.0809890183,-85.0735981638,-85.0764263068
12.61,-80.8185901989,-84.5769088524,-85.079770129,-85.081033107,-85.0736660331,-85.0765125833
12.615,-80.8231487391,-84.5774196421,-85.0798100097,-85.0810771159,-85.0737337675,-85.0765986877
12.62,-80.8277037683,-84.5779301823,-85.0798498523,-85.0811210452,-85.0738013674,-85.0766846206
12.625,-80.8322552882,-84.5784404724,-85.079889657,-85.0811648952,-85.0738688334,-85.0767703827
12.63,-80.8368033009,-84.5789505122,-85.0799294239,-85.0812086662,-85.073936166,-85.0768559748
12.635,-80.8413478082,-84.5794603011,-85.0799691528,-85.0812523584,-85.0740033658,-85.0769413975
12.64,-80.8458888119,-84.5799698389,-85.0800088441,-85.081295972,-85.0740704334,-85.0770266516
12.645,-80.850426314,-84.580479125,-85.0800484976,-85.0813395074,-85.0741373692,-85.0771117378
12.65,-80.8549603165,-84.5809881592,-85.0800881135,-85.0813829648,-85.0742041738,-85.0771966567
12.655,-80.8594908211,-84.5814969409,-85.0801276918,-85.0814263445,-85.0742708478,-85.077281409
12.66,-80.8640178298,-84.5820054699,-85.0801672327,-85.0814696466,-85.0743373916,-85.0773659954
12.665,-80.8685413445,-84.5825137457,-85.0802067362,-85.0815128715,-85.0744038057,-85.0774504166
12.67,-80.8730613671,-84.5830217679,-85.0802462023,-85.0815560195,-85.0744700907,-85.0775346731
12.675,-80.8775778996,-84.5835295363,-85.0802856311,-85.0815990906,-85.074536247,-85.0776187658
12.68,-80.8820909438,-84.5840370503,-85.0803250226,-85.0816420853,-85.0746022752,-85.0777026951
12.685,-80.8866005017,-84.5845443096,-85.0803643771,-85.0816850038,-85.0746681757,-85.0777864618
12.69,-80.8911065751,-84.5850513139,-85.0804036944,-85.0817278462,-85.0747339491,-85.0778700664
12.695,-80.8956091661,-84.5855580628,-85.0804429747,-85.0817706129,-85.0747995958,-85.0779535097
12.7,-80.9001082765,-84.5860645558,-85.0804822181,-85.0818133041,-85.0748651163,-85.0780367921
12.705,-80.9046039082,-84.5865707927,-85.0805214245,-85.08185592,-85.0749305111,-85.0781199143
12.71,-80.9090960632,-84.5870767731,-85.0805605942,-85.0818984609,-85.0749957806,-85.078202877
12.715,-80.9135847434,-84.5875824966,-85.080599727,-85.081940927,-85.0750609254,-85.0782856807
12.72,-80.9180699507,-84.5880879629,-85.0806388232,-85.0819833186,-85.0751259458,-85.0783683259
12.725,-80.9225516871,-84.5885931716,-85.0806778827,-85.0820256358,-85.0751908424,-85.0784508134
12.73,-80.9270299544,-84.5890981223,-85.0807169056,-85.0820678789,-85.0752556155,-85.0785331436
12.735,-80.9315047547,-84.5896028147,-85.0807558921,-85.0821100482,-85.0753202657,-85.0786153172
12.74,-80.9359760898,-84.5901072485,-85.0807948421,-85.0821521439,-85.0753847933,-85.0786973347
12.745,-80.9404439618,-84.5906114234,-85.0808337556,-85.0821941662,-85.0754491989,-85.0787791966
12.75,-80.9449083725,-84.5911153389,-85.0808726329,-85.0822361154,-85.0755134828,-85.0788609035
12.755,-80.9493693239,-84.5916189947,-85.0809114739,-85.0822779916,-85.0755776455,-85.0789424561
12.76,-80.9538268179,-84.5921223905,-85.0809502787,-85.0823197951,-85.0756416874,-85.0790238547
12.765,-80.9582808565,-84.592625526,-85.0809890474,-85.0823615261,-85.0757056089,-85.0791051
12.77,-80.9627314416,-84.5931284008,-85.08102778,-85.0824031849,-85.0757694106,-85.0791861925
12.775,-80.9671785752,-84.5936310147,-85.0810664765,-85.0824447717,-85.0758330926,-85.0792671327
12.78,-80.9716222592,-84.5941333672,-85.0811051371,-85.0824862867,-85.0758966556,-85.0793479211
12.785,-80.9760624956,-84.5946354581,-85.0811437618,-85.08252773,-85.0759600999,-85.0794285583
12.79,-80.9804992863,-84.595137287,-85.0811823507,-85.082569102,-85.0760234259,-85.0795090448
12.795,-80.9849326333,-84.5956388536,-85.0812209038,-85.0826104029,-85.076086634,-85.079589381
12.8,-80.9893625386,-84.5961401576,-85.0812594212,-85.0826516328,-85.0761497245,-85.0796695676
12.805,-80.9937890041,-84.5966411987,-85.0812979029,-85.082692792,-85.076212698,-85.0797496049
12.81,-80.9982120317,-84.5971419765,-85.081336349,-85.0827338808,-85.0762755548,-85.0798294935
12.815,-81.0026316235,-84.5976424908,-85.0813747596,-85.0827748992,-85.0763382953,-85.0799092338
12.82,-81.0070477813,-84.5981427413,-85.0814131347,-85.0828158476,-85.0764009198,-85.0799888264
12.825,-81.0114605072,-84.5986427276,-85.0814514744,-85.0828567261,-85.0764634288,-85.0800682718
12.83,-81.0158698032,-84.5991424495,-85.0814897787,-85.0828975349,-85.0765258226,-85.0801475703
12.835,-81.0202756711,-84.5996419066,-85.0815280477,-85.0829382743,-85.0765881017,-85.0802267225
12.84,-81.024678113,-84.6001410986,-85.0815662815,-85.0829789445,-85.0766502663,-85.0803057288
12.845,-81.0290771308,-84.6006400253,-85.0816044801,-85.0830195457,-85.0767123168,-85.0803845898
12.85,-81.0334727266,-84.6011386864,-85.0816426435,-85.083060078,-85.0767742536,-85.0804633058
12.855,-81.0378649022,-84.6016370815,-85.0816807719,-85.0831005417,-85.0768360772,-85.0805418774
12.86,-81.0422536598,-84.6021352104,-85.0817188653,-85.083140937,-85.0768977877,-85.0806203049
12.865,-81.0466390011,-84.6026330728,-85.0817569237,-85.0831812641,-85.0769593857,-85.0806985888
12.87,-81.0510209283,-84.6031306684,-85.0817949472,-85.0832215232,-85.0770208714,-85.0807767295
12.875,-81.0553994433,-84.603627997,-85.0818329358,-85.0832617145,-85.0770822452,-85.0808547276
12.88,-81.0597745481,-84.6041250582,-85.0818708897,-85.0833018381,-85.0771435074,-85.0809325834
12.885,-81.0641462447,-84.6046218517,-85.0819088088,-85.0833418944,-85.0772046585,-85.0810102974
12.89,-81.068514535,-84.6051183774,-85.0819466933,-85.0833818835,-85.0772656987,-85.0810878699
12.895,-81.0728794211,-84.6056146348,-85.0819845431,-85.0834218055,-85.0773266283,-85.0811653014
12.9,-81.0772409049,-84.6061106239,-85.0820223583,-85.0834616607,-85.0773874478,-85.0812425924
12.905,-81.0815989885,-84.6066063442,-85.0820601391,-85.0835014494,-85.0774481574,-85.0813197432
12.91,-81.0859536738,-84.6071017955,-85.0820978854,-85.0835411715,-85.0775087575,-85.0813967543
12.915,-81.0903049628,-84.6075969776,-85.0821355973,-85.0835808275,-85.0775692485,-85.081473626
12.92,-81.0946528575,-84.6080918902,-85.0821732748,-85.0836204174,-85.0776296305,-85.0815503589
12.925,-81.0989973599,-84.608586533,-85.082210918,-85.0836599414,-85.0776899041,-85.0816269531
12.93,-81.103338472,-84.6090809057,-85.082248527,-85.0836993998,-85.0777500694,-85.0817034093
12.935,-81.1076761959,-84.6095750082,-85.0822861019,-85.0837387927,-85.0778101268,-85.0817797277
12.94,-81.1120105334,-84.6100688402,-85.0823236425,-85.0837781203,-85.0778700766,-85.0818559088
12.945,-81.1163414866,-84.6105624014,-85.0823611492,-85.0838173828,-85.0779299192,-85.0819319529
12.95,-81.1206690576,-84.6110556916,-85.0823986217,-85.0838565805,-85.0779896549,-85.0820078605
12.955,-81.1249932482,-84.6115487104,-85.0824360604,-85.0838957133,-85.0780492839,-85.0820836318
12.96,-81.1293140606,-84.6120414578,-85.082473465,-85.0839347817,-85.0781088066,-85.0821592674
12.965,-81.1336314967,-84.6125339334,-85.0825108359,-85.0839737857,-85.0781682233,-85.0822347675
12.97,-81.1379455585,-84.613026137,-85.0825481729,-85.0840127255,-85.0782275342,-85.0823101326
12.975,-81.1422562481,-84.6135180683,-85.0825854762,-85.0840516013,-85.0782867398,-85.082385363
12.98,-81.1465635674,-84.6140097272,-85.0826227457,-85.0840904133,-85.0783458402,-85.0824604591
12.985,-81.1508675185,-84.6145011133,-85.0826599816,-85.0841291616,-85.0784048358,-85.0825354213
12.99,-81.1551681034,-84.6149922265,-85.0826971839,-85.0841678465,-85.0784637269,-85.0826102498
12.995,-81.1594653241,-84.6154830665,-85.0827343526,-85.0842064682,-85.0785225138,-85.0826849452
13,-81.1637591825,-84.6159736331,-85.0827714879,-85.0842450267,-85.0785811967,-85.0827595076
13.005,-81.1680496809,-84.6164639261,-85.0828085897,-85.0842835223,-85.078639776,-85.0828339376
13.01,-81.172336821,-84.6169539453,-85.0828456581,-85.0843219552,-85.078698252,-85.0829082353
13.015,-81.176620605,-84.6174436904,-85.0828826931,-85.0843603255,-85.0787566248,-85.0829824013
13.02,-81.180901035,-84.6179331611,-85.0829196949,-85.0843986334,-85.0788148949,-85.0830564358
13.025,-81.1851781128,-84.6184223574,-85.0829566634,-85.0844368791,-85.0788730625,-85.0831303391
13.03,-81.1894518405,-84.6189112789,-85.0829935987,-85.0844750627,-85.0789311278,-85.0832041117
13.035,-81.1937222201,-84.6193999255,-85.0830305009,-85.0845131845,-85.0789890912,-85.0832777539
13.04,-81.1979892538,-84.6198882969,-85.08306737,-85.0845512445,-85.0790469529,-85.0833512659
13.045,-81.2022529435,-84.620376393,-85.083104206,-85.084589243,-85.0791047132,-85.0834246481
13.05,-81.2065132912,-84.6208642135,-85.0831410091,-85.0846271802,-85.0791623724,-85.083497901
13.055,-81.2107702989,-84.6213517582,-85.0831777792,-85.0846650561,-85.0792199307,-85.0835710246
13.06,-81.2150239688,-84.621839027,-85.0832145164,-85.0847028711,-85.0792773885,-85.0836440196
13.065,-81.2192743028,-84.6223260196,-85.0832512208,-85.0847406251,-85.0793347459,-85.083716886
13.07,-81.223521303,-84.6228127357,-85.0832878924,-85.0847783185,-85.0793920033,-85.0837896243
13.075,-81.2277649713,-84.6232991753,-85.0833245312,-85.0848159513,-85.0794491609,-85.0838622348
13.08,-81.2320053098,-84.6237853382,-85.0833611374,-85.0848535238,-85.079506219,-85.0839347178
13.085,-81.2362423206,-84.624271224,-85.0833977108,-85.0848910361,-85.0795631778,-85.0840070736
13.09,-81.2404760057,-84.6247568327,-85.0834342517,-85.0849284883,-85.0796200375,-85.0840793026
13.095,-81.2447063671,-84.625242164,-85.0834707601,-85.0849658807,-85.0796767986,-85.084151405
13.1,-81.2489334068,-84.6257272178,-85.0835072359,-85.0850032133,-85.0797334611,-85.0842233811
13.105,-81.253157127,-84.6262119938,-85.0835436793,-85.0850404864,-85.0797900254,-85.0842952313
13.11,-81.2573775297,-84.626696492,-85.0835800903,-85.0850777002,-85.0798464918,-85.0843669559
13.115,-81.2615946168,-84.627180712,-85.0836164689,-85.0851148546,-85.0799028604,-85.0844385552
13.12,-81.2658083904,-84.6276646538,-85.0836528153,-85.0851519501,-85.0799591315,-85.0845100294
13.125,-81.2700188526,-84.6281483171,-85.0836891293,-85.0851889866,-85.0800153054,-85.0845813789
13.13,-81.2742260055,-84.6286317017,-85.0837254112,-85.0852259643,-85.0800713822,-85.084652604
13.135,-81.278429851,-84.6291148076,-85.0837616608,-85.0852628835,-85.0801273624,-85.0847237049
13.14,-81.2826303912,-84.6295976344,-85.0837978784,-85.0852997442,-85.080183246,-85.0847946821
13.145,-81.2868276282,-84.6300801821,-85.0838340639,-85.0853365467,-85.0802390334,-85.0848655357
13.15,-81.291021564,-84.6305624505,-85.0838702174,-85.085373291,-85.0802947248,-85.084936266
13.155,-81.2952122007,-84.6310444393,-85.0839063388,-85.0854099774,-85.0803503204,-85.0850068734
13.16,-81.2993995402,-84.6315261485,-85.0839424284,-85.0854466059,-85.0804058205,-85.0850773581
13.165,-81.3035835847,-84.6320075779,-85.0839784861,-85.0854831768,-85.0804612253,-85.0851477204
13.17,-81.3077643362,-84.6324887273,-85.0840145119,-85.0855196901,-85.080516535,-85.0852179607
13.175,-81.3119417968,-84.6329695965,-85.0840505059,-85.0855561461,-85.0805717499,-85.0852880791
13.18,-81.3161159685,-84.6334501854,-85.0840864682,-85.0855925449,-85.0806268702,-85.085358076
13.185,-81.3202868533,-84.6339304938,-85.0841223988,-85.0856288867,-85.0806818961,-85.0854279516
13.19,-81.3244544534,-84.6344105216,-85.0841582978,-85.0856651715,-85.0807368279,-85.0854977063
13.195,-81.3286187707,-84.6348902686,-85.0841941651,-85.0857013996,-85.0807916658,-85.0855673402
13.2,-81.3327798074,-84.6353697346,-85.0842300009,-85.085737571,-85.0808464101,-85.0856368538
13.205,-81.3369375655,-84.6358489196,-85.0842658051,-85.0857736861,-85.0809010609,-85.0857062472
13.21,-81.341092047,-84.6363278233,-85.0843015779,-85.0858097448,-85.0809556185,-85.0857755207
13.215,-81.345243254,-84.6368064457,-85.0843373192,-85.0858457473,-85.0810100831,-85.0858446746
13.22,-81.3493911886,-84.6372847865,-85.0843730292,-85.0858816938,-85.0810644549,-85.0859137092
13.225,-81.3535358529,-84.6377628456,-85.0844087078,-85.0859175845,-85.0811187342,-85.0859826247
13.23,-81.3576772488,-84.6382406229,-85.0844443552,-85.0859534194,-85.0811729212,-85.0860514215
13.235,-81.3618153785,-84.6387181182,-85.0844799713,-85.0859891988,-85.0812270161,-85.0861200997
13.24,-81.365950244,-84.6391953315,-85.0845155561,-85.0860249227,-85.081281019,-85.0861886596
13.245,-81.3700818474,-84.6396722625,-85.0845511099,-85.0860605913,-85.0813349304,-85.0862571015
13.25,-81.3742101908,-84.6401489111,-85.0845866325,-85.0860962048,-85.0813887503,-85.0863254257
13.255,-81.3783352761,-84.6406252772,-85.084622124,-85.0861317632,-85.0814424789,-85.0863936324
13.26,-81.3824571056,-84.6411013606,-85.0846575846,-85.0861672668,-85.0814961166,-85.0864617218
13.265,-81.3865756812,-84.6415771613,-85.0846930141,-85.0862027157,-85.0815496634,-85.0865296943
13.27,-81.3906910049,-84.6420526791,-85.0847284127,-85.08623811,-85.0816031197,-85.0865975501
13.275,-81.394803079,-84.6425279138,-85.0847637804,-85.0862734499,-85.0816564856,-85.0866652895
13.28,-81.3989119055,-84.6430028654,-85.0847991173,-85.0863087354,-85.0817097614,-85.0867329126
13.285,-81.4030174863,-84.6434775337,-85.0848344233,-85.0863439668,-85.0817629472,-85.0868004198
13.29,-81.4071198237,-84.6439519185,-85.0848696986,-85.0863791442,-85.0818160432,-85.0868678113
13.295,-81.4112189196,-84.6444260199,-85.0849049431,-85.0864142677,-85.0818690498,-85.0869350874
13.3,-81.4153147762,-84.6448998376,-85.084940157,-85.0864493374,-85.081921967,-85.0870022482
13.305,-81.4194073954,-84.6453733715,-85.0849753403,-85.0864843536,-85.0819747951,-85.0870692942
13.31,-81.4234967795,-84.6458466215,-85.0850104929,-85.0865193162,-85.0820275343,-85.0871362254
13.315,-81.4275829304,-84.6463195875,-85.0850456151,-85.0865542256,-85.0820801847,-85.0872030421
13.32,-81.4316658502,-84.6467922694,-85.0850807067,-85.0865890817,-85.0821327467,-85.0872697447
13.325,-81.4357455411,-84.6472646671,-85.0851157678,-85.0866238847,-85.0821852204,-85.0873363333
13.33,-81.439822005,-84.6477367804,-85.0851507985,-85.0866586349,-85.082237606,-85.0874028082
13.335,-81.443895244,-84.6482086093,-85.0851857989,-85.0866933322,-85.0822899037,-85.0874691696
13.34,-81.4479652604,-84.6486801536,-85.0852207689,-85.0867279768,-85.0823421137,-85.0875354177
13.345,-81.452032056,-84.6491514132,-85.0852557086,-85.086762569,-85.0823942362,-85.0876015529
13.35,-81.456095633,-84.6496223881,-85.085290618,-85.0867971087,-85.0824462714,-85.0876675753
13.355,-81.4601559935,-84.6500930781,-85.0853254973,-85.0868315962,-85.0824982196,-85.0877334852
13.36,-81.4642131395,-84.6505634831,-85.0853603463,-85.0868660315,-85.0825500808,-85.0877992828
13.365,-81.4682670732,-84.651033603,-85.0853951653,-85.0869004148,-85.0826018553,-85.0878649684
13.37,-81.4723177966,-84.6515034377,-85.0854299542,-85.0869347463,-85.0826535434,-85.0879305421
13.375,-81.4763653117,-84.6519729872,-85.085464713,-85.086969026,-85.0827051451,-85.0879960043
13.38,-81.4804096208,-84.6524422513,-85.0854994418,-85.0870032541,-85.0827566607,-85.0880613551
13.385,-81.4844507258,-84.6529112299,-85.0855341407,-85.0870374307,-85.0828080904,-85.0881265949
13.39,-81.4884886288,-84.653379923,-85.0855688096,-85.0870715559,-85.0828594343,-85.0881917237
13.395,-81.492523332,-84.6538483304,-85.0856034486,-85.08710563,-85.0829106928,-85.0882567419
13.4,-81.4965548373,-84.6543164521,-85.0856380579,-85.0871396529,-85.0829618658,-85.0883216497
13.405,-81.500583147,-84.6547842879,-85.0856726373,-85.0871736248,-85.0830129538,-85.0883864473
13.41,-81.504608263,-84.6552518378,-85.0857071869,-85.0872075459,-85.0830639567,-85.0884511349
13.415,-81.5086301874,-84.6557191017,-85.0857417069,-85.0872414163,-85.0831148749,-85.0885157128
13.42,-81.5126489224,-84.6561860795,-85.0857761972,-85.0872752361,-85.0831657085,-85.0885801812
13.425,-81.5166644701,-84.6566527711,-85.0858106578,-85.0873090054,-85.0832164577,-85.0886445404
13.43,-81.5206768325,-84.6571191765,-85.0858450888,-85.0873427244,-85.0832671226,-85.0887087904
13.435,-81.5246860116,-84.6575852955,-85.0858794903,-85.0873763932,-85.0833177036,-85.0887729317
13.44,-81.5286920096,-84.6580511282,-85.0859138623,-85.0874100119,-85.0833682007,-85.0888369643
13.445,-81.5326948286,-84.6585166743,-85.0859482048,-85.0874435806,-85.0834186141,-85.0889008886
13.45,-81.5366944707,-84.6589819338,-85.0859825179,-85.0874770994,-85.0834689441,-85.0889647047
13.455,-81.540690938,-84.6594469067,-85.0860168015,-85.0875105685,-85.0835191908,-85.0890284128
13.46,-81.5446842324,-84.6599115929,-85.0860510558,-85.0875439881,-85.0835693544,-85.0890920132
13.465,-81.5486743563,-84.6603759922,-85.0860852808,-85.0875773581,-85.0836194351,-85.0891555062
13.47,-81.5526613115,-84.6608401047,-85.0861194766,-85.0876106788,-85.083669433,-85.0892188918
13.475,-81.5566451002,-84.6613039303,-85.0861536431,-85.0876439502,-85.0837193484,-85.0892821704
13.48,-81.5606257246,-84.6617674689,-85.0861877804,-85.0876771726,-85.0837691814,-85.0893453422
13.485,-81.5646031866,-84.6622307203,-85.0862218885,-85.0877103459,-85.0838189322,-85.0894084073
13.49,-81.5685774885,-84.6626936847,-85.0862559675,-85.0877434704,-85.0838686009,-85.089471366
13.495,-81.5725486322,-84.6631563618,-85.0862900174,-85.087776546,-85.0839181879,-85.0895342186
13.5,-81.5765166199,-84.6636187517,-85.0863240383,-85.0878095731,-85.0839676931,-85.0895969651
13.505,-81.5804814536,-84.6640808542,-85.0863580302,-85.0878425516,-85.0840171169,-85.0896596059
13.51,-81.5844431355,-84.6645426694,-85.0863919932,-85.0878754818,-85.0840664594,-85.0897221411
13.515,-81.5884016677,-84.6650041971,-85.0864259272,-85.0879083636,-85.0841157207,-85.089784571
13.52,-81.5923570522,-84.6654654372,-85.0864598323,-85.0879411973,-85.0841649011,-85.0898468958
13.525,-81.5963092911,-84.6659263899,-85.0864937086,-85.0879739829,-85.0842140007,-85.0899091156
13.53,-81.6002583866,-84.6663870549,-85.0865275561,-85.0880067206,-85.0842630197,-85.0899712308
13.535,-81.6042043406,-84.6668474322,-85.0865613748,-85.0880394105,-85.0843119583,-85.0900332415
13.54,-81.6081471555,-84.6673075218,-85.0865951647,-85.0880720527,-85.0843608166,-85.0900951479
13.545,-81.6120868331,-84.6677673236,-85.086628926,-85.0881046473,-85.0844095948,-85.0901569502
13.55,-81.6160233756,-84.6682268375,-85.0866626586,-85.0881371944,-85.0844582932,-85.0902186486
13.555,-81.6199567851,-84.6686860636,-85.0866963626,-85.0881696941,-85.0845069117,-85.0902802434
13.56,-81.6238870638,-84.6691450018,-85.0867300381,-85.0882021467,-85.0845554507,-85.0903417348
13.565,-81.6278142136,-84.669603652,-85.086763685,-85.088234552,-85.0846039104,-85.0904031229
13.57,-81.6317382368,-84.6700620141,-85.0867973033,-85.0882669104,-85.0846522907,-85.090464408
13.575,-81.6356591353,-84.6705200882,-85.0868308933,-85.0882992219,-85.0847005921,-85.0905255903
13.58,-81.6395769113,-84.6709778742,-85.0868644547,-85.0883314866,-85.0847488145,-85.09058667
13.585,-81.6434915669,-84.671435372,-85.0868979878,-85.0883637045,-85.0847969582,-85.0906476472
13.59,-81.6474031042,-84.6718925816,-85.0869314926,-85.088395876,-85.0848450234,-85.0907085222
13.595,-81.6513115252,-84.672349503,-85.086964969,-85.088428001,-85.0848930102,-85.0907692952
13.6,-81.6552168322,-84.6728061361,-85.0869984172,-85.0884600796,-85.0849409187,-85.0908299665
13.605,-81.6591190271,-84.6732624809,-85.0870318371,-85.088492112,-85.0849887493,-85.0908905361
13.61,-81.6630181121,-84.6737185373,-85.0870652288,-85.0885240983,-85.0850365019,-85.0909510043
13.615,-81.6669140892,-84.6741743054,-85.0870985923,-85.0885560385,-85.0850841768,-85.0910113714
13.62,-81.6708069606,-84.674629785,-85.0871319278,-85.0885879329,-85.0851317742,-85.0910716374
13.625,-81.6746967285,-84.6750849762,-85.0871652351,-85.0886197815,-85.0851792942,-85.0911318026
13.63,-81.6785833947,-84.6755398789,-85.0871985143,-85.0886515843,-85.085226737,-85.0911918673
13.635,-81.6824669616,-84.6759944931,-85.0872317656,-85.0886833417,-85.0852741027,-85.0912518316
13.64,-81.6863474311,-84.6764488188,-85.0872649889,-85.0887150535,-85.0853213915,-85.0913116957
13.645,-81.6902248054,-84.6769028558,-85.0872981842,-85.08874672,-85.0853686036,-85.0913714598
13.65,-81.6940990865,-84.6773566043,-85.0873313516,-85.0887783412,-85.0854157392,-85.0914311241
13.655,-81.6979702766,-84.6778100642,-85.0873644911,-85.0888099173,-85.0854627983,-85.0914906888
13.66,-81.7018383778,-84.6782632354,-85.0873976028,-85.0888414483,-85.0855097812,-85.0915501541
13.665,-81.7057033922,-84.6787161179,-85.0874306867,-85.0888729344,-85.085556688,-85.0916095202
13.67,-81.7095653218,-84.6791687117,-85.0874637428,-85.0889043757,-85.0856035189,-85.0916687873
13.675,-81.7134241687,-84.6796210168,-85.0874967712,-85.0889357723,-85.085650274,-85.0917279556
13.68,-81.7172799352,-84.6800730332,-85.087529772,-85.0889671242,-85.0856969535,-85.0917870253
13.685,-81.7211326232,-84.6805247608,-85.087562745,-85.0889984317,-85.0857435576,-85.0918459965
13.69,-81.7249822349,-84.6809761996,-85.0875956904,-85.0890296947,-85.0857900865,-85.0919048696
13.695,-81.7288287724,-84.6814273497,-85.0876286083,-85.0890609135,-85.0858365402,-85.0919636446
13.7,-81.7326722377,-84.6818782109,-85.0876614986,-85.089092088,-85.0858829189,-85.0920223218
13.705,-81.736512633,-84.6823287833,-85.0876943614,-85.0891232185,-85.0859292228,-85.0920809014
13.71,-81.7403499604,-84.6827790668,-85.0877271967,-85.0891543049,-85.0859754521,-85.0921393835
13.715,-81.744184222,-84.6832290615,-85.0877600046,-85.0891853475,-85.0860216069,-85.0921977684
13.72,-81.7480154198,-84.6836787674,-85.087792785,-85.0892163463,-85.0860676874,-85.0922560562
13.725,-81.751843556,-84.6841281843,-85.0878255381,-85.0892473014,-85.0861136937,-85.0923142472
13.73,-81.7556686327,-84.6845773124,-85.0878582639,-85.089278213,-85.086159626,-85.0923723415
13.735,-81.759490652,-84.6850261516,-85.0878909623,-85.089309081,-85.0862054844,-85.0924303393
13.74,-81.763309616,-84.6854747018,-85.0879236335,-85.0893399057,-85.0862512692,-85.0924882408
13.745,-81.7671255267,-84.6859229632,-85.0879562775,-85.0893706871,-85.0862969803,-85.0925460462
13.75,-81.7709383863,-84.6863709356,-85.0879888942,-85.0894014254,-85.0863426181,-85.0926037557
13.755,-81.7747481969,-84.6868186192,-85.0880214838,-85.0894321205,-85.0863881826,-85.0926613695
13.76,-81.7785549606,-84.6872660138,-85.0880540463,-85.0894627727,-85.0864336741,-85.0927188877
13.765,-81.7823586795,-84.6877131194,-85.0880865817,-85.089493382,-85.0864790926,-85.0927763107
13.77,-81.7861593557,-84.6881599361,-85.08811909,-85.0895239486,-85.0865244383,-85.0928336384
13.775,-81.7899569913,-84.6886064639,-85.0881515713,-85.0895544725,-85.0865697114,-85.0928908712
13.78,-81.7937515883,-84.6890527028,-85.0881840256,-85.0895849538,-85.086614912,-85.0929480093
13.785,-81.797543149,-84.6894986527,-85.088216453,-85.0896153926,-85.0866600403,-85.0930050527
13.79,-81.8013316753,-84.6899443138,-85.0882488535,-85.0896457891,-85.0867050965,-85.0930620018
13.795,-81.8051171695,-84.6903896858,-85.088281227,-85.0896761432,-85.0867500806,-85.0931188566
13.8,-81.8088996335,-84.690834769,-85.0883135737,-85.0897064552,-85.0867949928,-85.0931756174
13.805,-81.8126790696,-84.6912795632,-85.0883458936,-85.0897367251,-85.0868398334,-85.0932322844
13.81,-81.8164554797,-84.6917240686,-85.0883781868,-85.0897669531,-85.0868846023,-85.0932888577
13.815,-81.8202288661,-84.692168285,-85.0884104531,-85.0897971391,-85.0869292999,-85.0933453375
13.82,-81.8239992307,-84.6926122125,-85.0884426928,-85.0898272834,-85.0869739261,-85.0934017241
13.825,-81.8277665758,-84.6930558512,-85.0884749058,-85.0898573859,-85.0870184813,-85.0934580176
13.83,-81.8315309034,-84.693499201,-85.0885070921,-85.0898874469,-85.0870629655,-85.0935142181
13.835,-81.8352922156,-84.6939422619,-85.0885392518,-85.0899174663,-85.0871073789,-85.093570326
13.84,-81.8390505145,-84.6943850339,-85.088571385,-85.0899474443,-85.0871517216,-85.0936263412
13.845,-81.8428058022,-84.6948275171,-85.0886034916,-85.089977381,-85.0871959937,-85.0936822642
13.85,-81.8465580808,-84.6952697115,-85.0886355717,-85.0900072765,-85.0872401955,-85.0937380949
13.855,-81.8503073525,-84.6957116171,-85.0886676253,-85.0900371309,-85.0872843271,-85.0937938337
13.86,-81.8540536192,-84.6961532338,-85.0886996525,-85.0900669443,-85.0873283886,-85.0938494806
13.865,-81.8577968832,-84.6965945618,-85.0887316533,-85.0900967167,-85.0873723801,-85.0939050359
13.87,-81.8615371464,-84.697035601,-85.0887636277,-85.0901264482,-85.0874163019,-85.0939604998
13.875,-81.8652744111,-84.6974763515,-85.0887955757,-85.0901561391,-85.087460154,-85.0940158724
13.88,-81.8690086793,-84.6979168132,-85.0888274974,-85.0901857892,-85.0875039366,-85.0940711539
13.885,-81.8727399531,-84.6983569863,-85.0888593929,-85.0902153988,-85.0875476499,-85.0941263445
13.89,-81.8764682347,-84.6987968706,-85.0888912621,-85.0902449679,-85.087591294,-85.0941814444
13.895,-81.880193526,-84.6992364663,-85.0889231051,-85.0902744967,-85.087634869,-85.0942364538
13.9,-81.8839158293,-84.6996757733,-85.088954922,-85.0903039852,-85.087678375,-85.0942913727
13.905,-81.8876351466,-84.7001147917,-85.0889867127,-85.0903334334,-85.0877218124,-85.0943462016
13.91,-81.89135148,-84.7005535215,-85.0890184772,-85.0903628416,-85.087765181,-85.0944009404
13.915,-81.8950648316,-84.7009919628,-85.0890502158,-85.0903922097,-85.0878084812,-85.0944555893
13.92,-81.8987752035,-84.7014301155,-85.0890819282,-85.090421538,-85.0878517131,-85.0945101487
13.925,-81.9024825978,-84.7018679796,-85.0891136147,-85.0904508264,-85.0878948768,-85.0945646186
13.93,-81.9061870166,-84.7023055553,-85.0891452751,-85.090480075,-85.0879379724,-85.0946189991
13.935,-81.909888462,-84.7027428425,-85.0891769096,-85.090509284,-85.087981,-85.0946732906
13.94,-81.9135869362,-84.7031798413,-85.0892085182,-85.0905384535,-85.08802396,-85.0947274932
13.945,-81.9172824411,-84.7036165517,-85.089240101,-85.0905675835,-85.0880668522,-85.094781607
13.95,-81.920974979,-84.7040529737,-85.0892716578,-85.0905966741,-85.088109677,-85.0948356322
13.955,-81.9246645518,-84.7044891074,-85.0893031889,-85.0906257254,-85.0881524345,-85.094889569
13.96,-81.9283511617,-84.7049249528,-85.0893346941,-85.0906547375,-85.0881951247,-85.0949434176
13.965,-81.9320348109,-84.7053605098,-85.0893661737,-85.0906837105,-85.0882377479,-85.0949971781
13.97,-81.9357155013,-84.7057957787,-85.0893976275,-85.0907126444,-85.0882803041,-85.0950508508
13.975,-81.9393932351,-84.7062307593,-85.0894290556,-85.0907415395,-85.0883227936,-85.0951044358
13.98,-81.9430680144,-84.7066654518,-85.089460458,-85.0907703956,-85.0883652164,-85.0951579332
13.985,-81.9467398413,-84.7070998562,-85.0894918348,-85.090799213,-85.0884075727,-85.0952113434
13.99,-81.9504087179,-84.7075339724,-85.0895231861,-85.0908279918,-85.0884498626,-85.0952646663
13.995,-81.9540746462,-84.7079678006,-85.0895545117,-85.0908567319,-85.0884920864,-85.0953179023
14,-81.9577376284,-84.7084013408,-85.0895858119,-85.0908854336,-85.088534244,-85.0953710514
14.005,-81.9613976666,-84.708834593,-85.0896170865,-85.0909140968,-85.0885763357,-85.0954241139
14.01,-81.9650547628,-84.7092675572,-85.0896483357,-85.0909427217,-85.0886183615,-85.0954770899
14.015,-81.9687089192,-84.7097002336,-85.0896795594,-85.0909713084,-85.0886603217,-85.0955299796
14.02,-81.9723601379,-84.7101326221,-85.0897107578,-85.0909998569,-85.0887022163,-85.0955827832
14.025,-81.9760084208,-84.7105647228,-85.0897419307,-85.0910283673,-85.0887440456,-85.0956355008
14.03,-81.9796537703,-84.7109965358,-85.0897730784,-85.0910568397,-85.0887858095,-85.0956881327
14.035,-81.9832961883,-84.711428061,-85.0898042007,-85.0910852743,-85.0888275084,-85.0957406789
14.04,-81.9869356768,-84.7118592985,-85.0898352977,-85.091113671,-85.0888691422,-85.0957931397
14.045,-81.9905722381,-84.7122902484,-85.0898663695,-85.09114203,-85.0889107112,-85.0958455152
14.05,-81.9942058743,-84.7127209108,-85.0898974161,-85.0911703513,-85.0889522155,-85.0958978057
14.055,-81.9978365873,-84.7131512856,-85.0899284375,-85.0911986351,-85.0889936552,-85.0959500112
14.06,-82.0014643794,-84.7135813729,-85.0899594338,-85.0912268814,-85.0890350304,-85.096002132
14.065,-82.0050892525,-84.7140111728,-85.0899904049,-85.0912550903,-85.0890763414,-85.0960541682
14.07,-82.0087112088,-84.7144406852,-85.090021351,-85.0912832619,-85.0891175881,-85.09610612
14.075,-82.0123302504,-84.7148699104,-85.0900522719,-85.0913113962,-85.0891587708,-85.0961579875
14.08,-82.0159463793,-84.7152988482,-85.0900831679,-85.0913394934,-85.0891998896,-85.096209771
14.085,-82.0195595977,-84.7157274989,-85.0901140389,-85.0913675536,-85.0892409446,-85.0962614706
14.09,-82.0231699077,-84.7161558623,-85.0901448849,-85.0913955767,-85.089281936,-85.0963130864
14.095,-82.0267773113,-84.7165839386,-85.0901757059,-85.091423563,-85.0893228639,-85.0963646187
14.1,-82.0303818106,-84.7170117279,-85.0902065021,-85.0914515124,-85.0893637284,-85.0964160676
14.105,-82.0339834077,-84.7174392301,-85.0902372734,-85.0914794251,-85.0894045296,-85.0964674333
14.11,-82.0375821047,-84.7178664454,-85.0902680198,-85.0915073012,-85.0894452677,-85.0965187159
14.115,-82.0411779037,-84.7182933737,-85.0902987414,-85.0915351406,-85.0894859429,-85.0965699156
14.12,-82.0447708069,-84.7187200152,-85.0903294383,-85.0915629436,-85.0895265552,-85.0966210326
14.125,-82.0483608161,-84.7191463699,-85.0903601104,-85.0915907102,-85.0895671048,-85.0966720671
14.13,-82.0519479337,-84.7195724379,-85.0903907577,-85.0916184404,-85.0896075918,-85.0967230191
14.135,-82.0555321616,-84.7199982192,-85.0904213804,-85.0916461344,-85.0896480164,-85.096773889
14.14,-82.0591135019,-84.7204237139,-85.0904519784,-85.0916737922,-85.0896883786,-85.0968246768
14.145,-82.0626919567,-84.7208489221,-85.0904825518,-85.0917014139,-85.0897286786,-85.0968753827
14.15,-82.0662675282,-84.7212738437,-85.0905131006,-85.0917289996,-85.0897689166,-85.0969260069
14.155,-82.0698402184,-84.7216984789,-85.0905436248,-85.0917565493,-85.0898090927,-85.0969765496
14.16,-82.0734100293,-84.7221228278,-85.0905741245,-85.0917840633,-85.0898492069,-85.0970270108
14.165,-82.0769769631,-84.7225468903,-85.0906045997,-85.0918115414,-85.0898892595,-85.0970773909
14.17,-82.0805410218,-84.7229706666,-85.0906350504,-85.0918389838,-85.0899292506,-85.0971276898
14.175,-82.0841022076,-84.7233941567,-85.0906654766,-85.0918663907,-85.0899691802,-85.0971779079
14.18,-82.0876605225,-84.7238173607,-85.0906958784,-85.0918937619,-85.0900090486,-85.0972280453
14.185,-82.0912159686,-84.7242402787,-85.0907262558,-85.0919210977,-85.0900488558,-85.0972781021
14.19,-82.094768548,-84.7246629107,-85.0907566089,-85.0919483982,-85.0900886019,-85.0973280785
14.195,-82.0983182627,-84.7250852567,-85.0907869376,-85.0919756633,-85.0901282872,-85.0973779747
14.2,-82.1018651149,-84.725507317,-85.0908172421,-85.0920028932,-85.0901679117,-85.0974277908
14.205,-82.1054091067,-84.7259290914,-85.0908475222,-85.092030088,-85.0902074756,-85.097477527
14.21,-82.10895024,-84.7263505801,-85.0908777782,-85.0920572476,-85.0902469789,-85.0975271835
14.215,-82.112488517,-84.7267717832,-85.0909080099,-85.0920843723,-85.0902864219,-85.0975767604
14.22,-82.1160239398,-84.7271927008,-85.0909382174,-85.092111462,-85.0903258046,-85.0976262578
14.225,-82.1195565105,-84.7276133328,-85.0909684008,-85.0921385169,-85.0903651272,-85.097675676
14.23,-82.1230862311,-84.7280336794,-85.09099856,-85.0921655371,-85.0904043898,-85.0977250152
14.235,-82.1266131037,-84.7284537407,-85.0910286952,-85.0921925225,-85.0904435925,-85.0977742753
14.24,-82.1301371304,-84.7288735167,-85.0910588063,-85.0922194733,-85.0904827354,-85.0978234568
14.245,-82.1336583133,-84.7292930074,-85.0910888933,-85.0922463896,-85.0905218187,-85.0978725596
14.25,-82.1371766544,-84.7297122131,-85.0911189564,-85.0922732714,-85.0905608426,-85.0979215839
14.255,-82.1406921558,-84.7301311337,-85.0911489954,-85.0923001189,-85.090599807,-85.09797053
14.26,-82.1442048196,-84.7305497692,-85.0911790106,-85.092326932,-85.0906387122,-85.098019398
14.265,-82.147714648,-84.7309681199,-85.0912090018,-85.0923537108,-85.0906775582,-85.098068188
14.27,-82.1512216428,-84.7313861858,-85.0912389691,-85.0923804555,-85.0907163453,-85.0981169001
14.275,-82.1547258063,-84.7318039669,-85.0912689125,-85.0924071661,-85.0907550735,-85.0981655347
14.28,-82.1582271405,-84.7322214633,-85.0912988321,-85.0924338427,-85.0907937429,-85.0982140917
14.285,-82.1617256475,-84.7326386752,-85.0913287279,-85.0924604853,-85.0908323537,-85.0982625715
14.29,-82.1652213294,-84.7330556025,-85.0913586,-85.0924870941,-85.090870906,-85.098310974
14.295,-82.1687141881,-84.7334722453,-85.0913884483,-85.092513669,-85.0909093999,-85.0983592996
14.3,-82.1722042259,-84.7338886039,-85.0914182728,-85.0925402102,-85.0909478355,-85.0984075483
14.305,-82.1756914447,-84.7343046781,-85.0914480737,-85.0925667178,-85.090986213,-85.0984557203
14.31,-82.1791758467,-84.7347204681,-85.0914778509,-85.0925931918,-85.0910245325,-85.0985038158
14.315,-82.1826574339,-84.735135974,-85.0915076045,-85.0926196323,-85.0910627941,-85.0985518349
14.32,-82.1861362083,-84.7355511959,-85.0915373345,-85.0926460393,-85.091100998,-85.0985997778
14.325,-82.1896121721,-84.7359661339,-85.0915670409,-85.092672413,-85.0911391442,-85.0986476447
14.33,-82.1930853274,-84.7363807879,-85.0915967238,-85.0926987534,-85.0911772328,-85.0986954356
14.335,-82.1965556761,-84.7367951582,-85.0916263831,-85.0927250606,-85.0912152641,-85.0987431508
14.34,-82.2000232204,-84.7372092448,-85.091656019,-85.0927513346,-85.0912532381,-85.0987907904
14.345,-82.2034879623,-84.7376230477,-85.0916856314,-85.0927775756,-85.0912911549,-85.0988383546
14.35,-82.2069499039,-84.7380365672,-85.0917152203,-85.0928037835,-85.0913290146,-85.0988858435
14.355,-82.2104090473,-84.7384498031,-85.0917447859,-85.0928299585,-85.0913668175,-85.0989332573
14.36,-82.2138653945,-84.7388627558,-85.091774328,-85.0928561007,-85.0914045636,-85.0989805961
14.365,-82.2173189476,-84.7392754251,-85.0918038469,-85.09288221,-85.0914422529,-85.0990278601
14.37,-82.2207697087,-84.7396878113,-85.0918333424,-85.0929082867,-85.0914798857,-85.0990750494
14.375,-82.2242176798,-84.7400999144,-85.0918628146,-85.0929343307,-85.0915174621,-85.0991221643
14.38,-82.227662863,-84.7405117345,-85.0918922635,-85.092960342,-85.0915549822,-85.0991692048
14.385,-82.2311052604,-84.7409232716,-85.0919216892,-85.0929863209,-85.091592446,-85.0992161711
14.39,-82.2345448739,-84.741334526,-85.0919510917,-85.0930122674,-85.0916298538,-85.0992630634
14.395,-82.2379817058,-84.7417454976,-85.0919804711,-85.0930381814,-85.0916672056,-85.0993098818
14.4,-82.241415758,-84.7421561865,-85.0920098272,-85.0930640632,-85.0917045015,-85.0993566265
14.405,-82.2448470326,-84.7425665929,-85.0920391603,-85.0930899127,-85.0917417418,-85.0994032976
14.41,-82.2482755316,-84.7429767169,-85.0920684702,-85.0931157301,-85.0917789264,-85.0994498953
14.415,-82.2517012572,-84.7433865584,-85.0920977571,-85.0931415153,-85.0918160555,-85.0994964197
14.42,-82.2551242113,-84.7437961177,-85.0921270209,-85.0931672686,-85.0918531293,-85.099542871
14.425,-82.2585443962,-84.7442053948,-85.0921562617,-85.0931929899,-85.0918901478,-85.0995892493
14.43,-82.2619618137,-84.7446143899,-85.0921854795,-85.0932186792,-85.0919271111,-85.0996355549
14.435,-82.265376466,-84.7450231029,-85.0922146744,-85.0932443368,-85.0919640194,-85.0996817877
14.44,-82.2687883551,-84.745431534,-85.0922438463,-85.0932699626,-85.0920008729,-85.0997279481
14.445,-82.272197483,-84.7458396833,-85.0922729953,-85.0932955567,-85.0920376715,-85.0997740361
14.45,-82.2756038519,-84.7462475509,-85.0923021215,-85.0933211192,-85.0920744155,-85.0998200519
14.455,-82.2790074638,-84.7466551369,-85.0923312248,-85.0933466501,-85.0921111049,-85.0998659957
14.46,-82.2824083207,-84.7470624414,-85.0923603053,-85.0933721496,-85.0921477398,-85.0999118675
14.465,-82.2858064247,-84.7474694645,-85.0923893629,-85.0933976176,-85.0921843205,-85.0999576676
14.47,-82.2892017778,-84.7478762062,-85.0924183978,-85.0934230543,-85.0922208469,-85.1000033961
14.475,-82.2925943821,-84.7482826667,-85.09244741,-85.0934484596,-85.0922573192,-85.1000490531
14.48,-82.2959842397,-84.7486888461,-85.0924763994,-85.0934738338,-85.0922937376,-85.1000946389
14.485,-82.2993713527,-84.7490947445,-85.0925053662,-85.0934991768,-85.0923301021,-85.1001401535
14.49,-82.3027557229,-84.7495003619,-85.0925343103,-85.0935244887,-85.0923664128,-85.100185597
14.495,-82.3061373526,-84.7499056986,-85.0925632318,-85.0935497696,-85.0924026699,-85.1002309698
14.5,-82.3095162437,-84.7503107544,-85.0925921306,-85.0935750196,-85.0924388734,-85.1002762718
14.505,-82.3128923983,-84.7507155297,-85.0926210069,-85.0936002386,-85.0924750236,-85.1003215032
14.51,-82.3162658184,-84.7511200245,-85.0926498606,-85.0936254268,-85.0925111204,-85.1003666643
14.515,-82.3196365062,-84.7515242388,-85.0926786918,-85.0936505843,-85.0925471641,-85.1004117551
14.52,-82.3230044636,-84.7519281728,-85.0927075005,-85.093675711,-85.0925831547,-85.1004567758
14.525,-82.3263696927,-84.7523318266,-85.0927362867,-85.0937008072,-85.0926190924,-85.1005017265
14.53,-82.3297321955,-84.7527352003,-85.0927650505,-85.0937258727,-85.0926549772,-85.1005466074
14.535,-82.3330919741,-84.753138294,-85.0927937918,-85.0937509078,-85.0926908092,-85.1005914186
14.54,-82.3364490305,-84.7535411077,-85.0928225108,-85.0937759124,-85.0927265887,-85.1006361603
14.545,-82.3398033668,-84.7539436417,-85.0928512074,-85.0938008866,-85.0927623156,-85.1006808326
14.55,-82.3431549851,-84.754345896,-85.0928798816,-85.0938258306,-85.0927979901,-85.1007254357
14.555,-82.3465038872,-84.7547478707,-85.0929085336,-85.0938507443,-85.0928336124,-85.1007699697
14.56,-82.3498500754,-84.7551495659,-85.0929371632,-85.0938756278,-85.0928691825,-85.1008144347
14.565,-82.3531935516,-84.7555509817,-85.0929657706,-85.0939004811,-85.0929047005,-85.100858831
14.57,-82.3565343179,-84.7559521183,-85.0929943558,-85.0939253045,-85.0929401665,-85.1009031586
14.575,-82.3598723763,-84.7563529757,-85.0930229187,-85.0939500978,-85.0929755807,-85.1009474177
14.58,-82.3632077288,-84.756753554,-85.0930514595,-85.0939748612,-85.0930109432,-85.1009916084
14.585,-82.3665403776,-84.7571538534,-85.0930799781,-85.0939995947,-85.0930462541,-85.1010357309
14.59,-82.3698703245,-84.757553874,-85.0931084746,-85.0940242984,-85.0930815134,-85.1010797854
14.595,-82.3731975718,-84.7579536158,-85.0931369489,-85.0940489724,-85.0931167214,-85.1011237719
14.6,-82.3765221213,-84.758353079,-85.0931654012,-85.0940736167,-85.093151878,-85.1011676906
14.605,-82.3798439752,-84.7587522637,-85.0931938315,-85.0940982314,-85.0931869835,-85.1012115417
14.61,-82.3831631354,-84.75915117,-85.0932222397,-85.0941228165,-85.0932220379,-85.1012553253
14.615,-82.3864796041,-84.759549798,-85.0932506259,-85.0941473721,-85.0932570414,-85.1012990416
14.62,-82.3897933831,-84.7599481479,-85.0932789901,-85.0941718983,-85.0932919939,-85.1013426906
14.625,-82.3931044747,-84.7603462196,-85.0933073324,-85.0941963951,-85.0933268958,-85.1013862726
14.63,-82.3964128808,-84.7607440134,-85.0933356528,-85.0942208626,-85.0933617469,-85.1014297876
14.635,-82.3997186033,-84.7611415294,-85.0933639513,-85.0942453009,-85.0933965476,-85.1014732359
14.64,-82.4030216445,-84.7615387676,-85.0933922279,-85.09426971,-85.0934312978,-85.1015166175
14.645,-82.4063220062,-84.7619357282,-85.0934204826,-85.0942940899,-85.0934659977,-85.1015599326
14.65,-82.4096196906,-84.7623324113,-85.0934487156,-85.0943184408,-85.0935006474,-85.1016031813
14.655,-82.4129146996,-84.7627288171,-85.0934769267,-85.0943427626,-85.093535247,-85.1016463638
14.66,-82.4162070353,-84.7631249455,-85.0935051161,-85.0943670555,-85.0935697966,-85.1016894802
14.665,-82.4194966997,-84.7635207968,-85.0935332837,-85.0943913196,-85.0936042963,-85.1017325307
14.67,-82.4227836948,-84.763916371,-85.0935614296,-85.0944155548,-85.0936387463,-85.1017755154
14.675,-82.4260680227,-84.7643116683,-85.0935895538,-85.0944397612,-85.0936731465,-85.1018184345
14.68,-82.4293496854,-84.7647066887,-85.0936176564,-85.0944639389,-85.0937074972,-85.101861288
14.685,-82.4326286848,-84.7651014325,-85.0936457373,-85.094488088,-85.0937417984,-85.1019040761
14.69,-82.4359050231,-84.7654958997,-85.0936737966,-85.0945122084,-85.0937760503,-85.101946799
14.695,-82.4391787022,-84.7658900904,-85.0937018343,-85.0945363004,-85.0938102529,-85.1019894568
14.7,-82.4424497242,-84.7662840048,-85.0937298505,-85.0945603639,-85.0938444064,-85.1020320497
14.705,-82.445718091,-84.7666776429,-85.0937578451,-85.0945843989,-85.0938785108,-85.1020745777
14.71,-82.4489838047,-84.7670710049,-85.0937858182,-85.0946084056,-85.0939125663,-85.102117041
14.715,-82.4522468674,-84.7674640909,-85.0938137698,-85.094632384,-85.0939465729,-85.1021594398
14.72,-82.455507281,-84.767856901,-85.0938416999,-85.0946563342,-85.0939805308,-85.1022017741
14.725,-82.4587650476,-84.7682494354,-85.0938696086,-85.0946802562,-85.0940144401,-85.1022440442
14.73,-82.4620201691,-84.7686416941,-85.0938974959,-85.0947041501,-85.0940483008,-85.1022862502
14.735,-82.4652726476,-84.7690336773,-85.0939253618,-85.0947280159,-85.0940821132,-85.1023283921
14.74,-82.4685224852,-84.7694253851,-85.0939532063,-85.0947518537,-85.0941158772,-85.1023704702
14.745,-82.4717696837,-84.7698168176,-85.0939810295,-85.0947756636,-85.094149593,-85.1024124846
14.75,-82.4750142453,-84.7702079749,-85.0940088314,-85.0947994455,-85.0941832607,-85.1024544354
14.755,-82.478256172,-84.7705988572,-85.0940366119,-85.0948231997,-85.0942168804,-85.1024963227
14.76,-82.4814954656,-84.7709894646,-85.0940643713,-85.094846926,-85.0942504522,-85.1025381467
14.765,-82.4847321284,-84.7713797972,-85.0940921094,-85.0948706246,-85.0942839762,-85.1025799075
14.77,-82.4879661622,-84.771769855,-85.0941198262,-85.0948942956,-85.0943174525,-85.1026216053
14.775,-82.4911975691,-84.7721596384,-85.0941475219,-85.094917939,-85.0943508812,-85.1026632401
14.78,-82.4944263511,-84.7725491473,-85.0941751964,-85.0949415548,-85.0943842625,-85.1027048122
14.785,-82.4976525102,-84.7729383819,-85.0942028498,-85.0949651431,-85.0944175963,-85.1027463217
14.79,-82.5008760484,-84.7733273423,-85.094230482,-85.094988704,-85.0944508828,-85.1027877686
14.795,-82.5040969677,-84.7737160286,-85.0942580932,-85.0950122375,-85.0944841221,-85.1028291531
14.8,-82.5073152701,-84.774104441,-85.0942856833,-85.0950357437,-85.0945173144,-85.1028704754
14.805,-82.5105309576,-84.7744925796,-85.0943132523,-85.0950592226,-85.0945504596,-85.1029117356
14.81,-82.5137440323,-84.7748804445,-85.0943408004,-85.0950826743,-85.094583558,-85.1029529339
14.815,-82.5169544961,-84.7752680358,-85.0943683274,-85.0951060989,-85.0946166095,-85.1029940702
14.82,-82.520162351,-84.7756553537,-85.0943958335,-85.0951294963,-85.0946496144,-85.1030351449
14.825,-82.523367599,-84.7760423983,-85.0944233186,-85.0951528667,-85.0946825727,-85.103076158
14.83,-82.5265702422,-84.7764291696,-85.0944507828,-85.0951762101,-85.0947154845,-85.1031171097
14.835,-82.5297702825,-84.776815668,-85.0944782261,-85.0951995266,-85.0947483499,-85.103158
14.84,-82.5329677219,-84.7772018933,-85.0945056485,-85.0952228162,-85.0947811691,-85.1031988291
14.845,-82.5361625624,-84.7775878459,-85.0945330501,-85.095246079,-85.094813942,-85.1032395972
14.85,-82.5393548061,-84.7779735257,-85.0945604309,-85.0952693149,-85.0948466688,-85.1032803044
14.855,-82.5425444549,-84.778358933,-85.0945877908,-85.0952925242,-85.0948793497,-85.1033209508
14.86,-82.5457315108,-84.7787440679,-85.09461513,-85.0953157068,-85.0949119846,-85.1033615366
14.865,-82.5489159757,-84.7791289305,-85.0946424484,-85.0953388628,-85.0949445738,-85.1034020618
14.87,-82.5520978518,-84.7795135209,-85.0946697461,-85.0953619922,-85.0949771172,-85.1034425266
14.875,-82.555277141,-84.7798978392,-85.0946970231,-85.0953850952,-85.0950096151,-85.1034829311
14.88,-82.5584538452,-84.7802818857,-85.0947242794,-85.0954081717,-85.0950420674,-85.1035232755
14.885,-82.5616279665,-84.7806656603,-85.0947515151,-85.0954312217,-85.0950744744,-85.1035635599
14.89,-82.5647995069,-84.7810491633,-85.0947787301,-85.0954542455,-85.095106836,-85.1036037845
14.895,-82.5679684684,-84.7814323947,-85.0948059245,-85.0954772429,-85.0951391524,-85.1036439492
14.9,-82.5711348528,-84.7818153548,-85.0948330984,-85.0955002142,-85.0951714237,-85.1036840544
14.905,-82.5742986623,-84.7821980435,-85.0948602517,-85.0955231592,-85.09520365,-85.1037241001
14.91,-82.5774598988,-84.7825804612,-85.0948873844,-85.0955460781,-85.0952358313,-85.1037640863
14.915,-82.5806185643,-84.7829626078,-85.0949144966,-85.0955689709,-85.0952679679,-85.1038040134
14.92,-82.5837746608,-84.7833444835,-85.0949415883,-85.0955918377,-85.0953000597,-85.1038438813
14.925,-82.5869281902,-84.7837260885,-85.0949686596,-85.0956146786,-85.0953321068,-85.1038836903
14.93,-82.5900791546,-84.7841074229,-85.0949957104,-85.0956374935,-85.0953641095,-85.1039234404
14.935,-82.5932275559,-84.7844884868,-85.0950227408,-85.0956602825,-85.0953960676,-85.1039631318
14.94,-82.5963733961,-84.7848692803,-85.0950497509,-85.0956830458,-85.0954279815,-85.1040027646
14.945,-82.5995166772,-84.7852498036,-85.0950767405,-85.0957057832,-85.095459851,-85.1040423389
14.95,-82.6026574012,-84.7856300569,-85.0951037098,-85.095728495,-85.0954916765,-85.1040818549
14.955,-82.60579557,-84.7860100401,-85.0951306587,-85.0957511811,-85.0955234578,-85.1041213126
14.96,-82.6089311856,-84.7863897536,-85.0951575874,-85.0957738415,-85.0955551952,-85.1041607122
14.965,-82.61206425,-84.7867691973,-85.0951844958,-85.0957964765,-85.0955868887,-85.1042000539
14.97,-82.6151947653,-84.7871483715,-85.0952113839,-85.0958190859,-85.0956185384,-85.1042393377
14.975,-82.6183227332,-84.7875272763,-85.0952382518,-85.0958416698,-85.0956501444,-85.1042785638
14.98,-82.6214481559,-84.7879059118,-85.0952650995,-85.0958642284,-85.0956817069,-85.1043177323
14.985,-82.6245710352,-84.7882842781,-85.095291927,-85.0958867616,-85.0957132258,-85.1043568434
14.99,-82.6276913733,-84.7886623754,-85.0953187343,-85.0959092695,-85.0957447013,-85.104395897
14.995,-82.6308091719,-84.7890402039,-85.0953455215,-85.0959317521,-85.0957761335,-85.1044348935
15,-82.6339244332,-84.7894177635,-85.0953722886,-85.0959542096,-85.0958075225,-85.1044738329
15.005,-82.637037159,-84.7897950546,-85.0953990356,-85.0959766419,-85.0958388684,-85.1045127152
15.01,-82.6401473514,-84.7901720772,-85.0954257625,-85.0959990491,-85.0958701712,-85.1045515408
15.015,-82.6432550123,-84.7905488314,-85.0954524694,-85.0960214312,-85.095901431,-85.1045903096
15.02,-82.6463601437,-84.7909253175,-85.0954791562,-85.0960437883,-85.095932648,-85.1046290217
15.025,-82.6494627475,-84.7913015354,-85.0955058231,-85.0960661205,-85.0959638223,-85.1046676774
15.03,-82.6525628257,-84.7916774854,-85.0955324699,-85.0960884278,-85.0959949539,-85.1047062768
15.035,-82.6556603803,-84.7920531676,-85.0955590968,-85.0961107102,-85.0960260429,-85.1047448199
15.04,-82.6587554132,-84.7924285822,-85.0955857038,-85.0961329678,-85.0960570894,-85.1047833068
15.045,-82.6618479264,-84.7928037292,-85.0956122909,-85.0961552007,-85.0960880935,-85.1048217378
15.05,-82.6649379219,-84.7931786089,-85.095638858,-85.0961774088,-85.0961190553,-85.1048601129
15.055,-82.6680254016,-84.7935532213,-85.0956654054,-85.0961995923,-85.0961499748,-85.1048984323
15.06,-82.6711103675,-84.7939275666,-85.0956919328,-85.0962217512,-85.0961808523,-85.104936696
15.065,-82.6741928215,-84.7943016449,-85.0957184405,-85.0962438856,-85.0962116877,-85.1049749042
15.07,-82.6772727655,-84.7946754563,-85.0957449283,-85.0962659954,-85.0962424812,-85.105013057
15.075,-82.6803502017,-84.7950490011,-85.0957713964,-85.0962880807,-85.0962732328,-85.1050511545
15.08,-82.6834251318,-84.7954222793,-85.0957978447,-85.0963101417,-85.0963039426,-85.1050891968
15.085,-82.6864975578,-84.7957952911,-85.0958242734,-85.0963321783,-85.0963346108,-85.1051271842
15.09,-82.6895674818,-84.7961680366,-85.0958506822,-85.0963541905,-85.0963652373,-85.1051651166
15.095,-82.6926349056,-84.796540516,-85.0958770715,-85.0963761785,-85.0963958224,-85.1052029942
15.1,-82.6956998313,-84.7969127294,-85.095903441,-85.0963981423,-85.0964263661,-85.1052408171
15.105,-82.6987622607,-84.7972846769,-85.0959297909,-85.0964200819,-85.0964568684,-85.1052785855
15.11,-82.7018221958,-84.7976563587,-85.0959561212,-85.0964419974,-85.0964873295,-85.1053162994
15.115,-82.7048796386,-84.7980277749,-85.0959824319,-85.0964638888,-85.0965177494,-85.105353959
15.12,-82.7079345909,-84.7983989257,-85.096008723,-85.0964857561,-85.0965481283,-85.1053915644
15.125,-82.7109870549,-84.7987698111,-85.0960349946,-85.0965075995,-85.0965784662,-85.1054291157
15.13,-82.7140370323,-84.7991404314,-85.0960612466,-85.0965294189,-85.0966087633,-85.105466613
15.135,-82.7170845251,-84.7995107867,-85.0960874792,-85.0965512145,-85.0966390195,-85.1055040565
15.14,-82.7201295354,-84.7998808771,-85.0961136922,-85.0965729862,-85.096669235,-85.1055414463
15.145,-82.7231720649,-84.8002507028,-85.0961398858,-85.0965947341,-85.0966994099,-85.1055787824
15.15,-82.7262121157,-84.8006202638,-85.09616606,-85.0966164583,-85.0967295443,-85.105616065
15.155,-82.7292496898,-84.8009895604,-85.0961922147,-85.0966381587,-85.0967596382,-85.1056532942
15.16,-82.732284789,-84.8013585927,-85.0962183501,-85.0966598355,-85.0967896918,-85.1056904702
15.165,-82.7353174152,-84.8017273609,-85.0962444661,-85.0966814887,-85.0968197051,-85.1057275929
15.17,-82.7383475705,-84.802095865,-85.0962705627,-85.0967031183,-85.0968496782,-85.1057646627
15.175,-82.7413752568,-84.8024641052,-85.09629664,-85.0967247244,-85.0968796111,-85.1058016795
15.18,-82.7444004759,-84.8028320817,-85.0963226979,-85.0967463071,-85.0969095041,-85.1058386435
15.185,-82.7474232299,-84.8031997946,-85.0963487366,-85.0967678663,-85.0969393571,-85.1058755548
15.19,-82.7504435206,-84.803567244,-85.0963747561,-85.0967894021,-85.0969691703,-85.1059124135
15.195,-82.7534613501,-84.8039344301,-85.0964007563,-85.0968109146,-85.0969989437,-85.1059492198
15.2,-82.7564767201,-84.804301353,-85.0964267372,-85.0968324038,-85.0970286775,-85.1059859737
15.205,-82.7594896327,-84.8046680129,-85.096452699,-85.0968538697,-85.0970583716,-85.1060226753
15.21,-82.7625000898,-84.80503441,-85.0964786416,-85.0968753125,-85.0970880262,-85.1060593248
15.215,-82.7655080933,-84.8054005443,-85.096504565,-85.0968967321,-85.0971176414,-85.1060959223
15.22,-82.7685136452,-84.805766416,-85.0965304693,-85.0969181286,-85.0971472173,-85.1061324679
15.225,-82.7715167473,-84.8061320252,-85.0965563545,-85.096939502,-85.0971767539,-85.1061689617
15.23,-82.7745174016,-84.8064973722,-85.0965822206,-85.0969608524,-85.0972062514,-85.1062054038
15.235,-82.7775156101,-84.8068624569,-85.0966080677,-85.0969821799,-85.0972357097,-85.1062417944
15.24,-82.7805113746,-84.8072272797,-85.0966338957,-85.0970034844,-85.097265129,-85.1062781335
15.245,-82.783504697,-84.8075918406,-85.0966597046,-85.097024766,-85.0972945095,-85.1063144213
15.25,-82.7864955794,-84.8079561398,-85.0966854946,-85.0970460247,-85.097323851,-85.1063506578
15.255,-82.7894840235,-84.8083201774,-85.0967112656,-85.0970672607,-85.0973531538,-85.1063868432
15.26,-82.7924700314,-84.8086839535,-85.0967370176,-85.0970884739,-85.097382418,-85.1064229776
15.265,-82.7954536049,-84.8090474684,-85.0967627506,-85.0971096645,-85.0974116435,-85.1064590611
15.27,-82.798434746,-84.8094107221,-85.0967884648,-85.0971308323,-85.0974408305,-85.1064950938
15.275,-82.8014134566,-84.8097737149,-85.0968141601,-85.0971519775,-85.0974699792,-85.1065310758
15.28,-82.8043897386,-84.8101364468,-85.0968398364,-85.0971731002,-85.0974990894,-85.1065670073
15.285,-82.8073635938,-84.8104989179,-85.096865494,-85.0971942003,-85.0975281614,-85.1066028883
15.29,-82.8103350243,-84.8108611285,-85.0968911327,-85.0972152779,-85.0975571952,-85.1066387189
15.295,-82.8133040319,-84.8112230787,-85.0969167525,-85.0972363331,-85.0975861909,-85.1066744993
15.3,-82.8162706186,-84.8115847687,-85.0969423536,-85.0972573659,-85.0976151486,-85.1067102296
15.305,-82.8192347862,-84.8119461985,-85.0969679359,-85.0972783763,-85.0976440683,-85.1067459098
15.31,-82.8221965367,-84.8123073684,-85.0969934995,-85.0972993643,-85.0976729502,-85.1067815402
15.315,-82.825155872,-84.8126682784,-85.0970190443,-85.0973203302,-85.0977017943,-85.1068171207
15.32,-82.828112794,-84.8130289287,-85.0970445705,-85.0973412737,-85.0977306007,-85.1068526515
15.325,-82.8310673045,-84.8133893196,-85.0970700779,-85.0973621951,-85.0977593695,-85.1068881328
15.33,-82.8340194056,-84.813749451,-85.0970955667,-85.0973830944,-85.0977881007,-85.1069235645
15.335,-82.836969099,-84.8141093232,-85.0971210368,-85.0974039715,-85.0978167945,-85.1069589469
15.34,-82.8399163867,-84.8144689364,-85.0971464883,-85.0974248266,-85.0978454509,-85.10699428
15.345,-82.8428612707,-84.8148282906,-85.0971719213,-85.0974456596,-85.09787407,-85.107029564
15.35,-82.8458037527,-84.815187386,-85.0971973356,-85.0974664707,-85.0979026519,-85.1070647989
15.355,-82.8487438348,-84.8155462227,-85.0972227313,-85.0974872598,-85.0979311966,-85.1070999848
15.36,-82.8516815187,-84.815904801,-85.0972481086,-85.097508027,-85.0979597043,-85.1071351219
15.365,-82.8546168065,-84.8162631209,-85.0972734673,-85.0975287724,-85.097988175,-85.1071702103
15.37,-82.8575496999,-84.8166211827,-85.0972988075,-85.097549496,-85.0980166087,-85.1072052501
15.375,-82.860480201,-84.8169789863,-85.0973241292,-85.0975701978,-85.0980450057,-85.1072402413
15.38,-82.8634083115,-84.8173365321,-85.0973494325,-85.0975908779,-85.0980733659,-85.1072751841
15.385,-82.8663340334,-84.8176938202,-85.0973747173,-85.0976115363,-85.0981016894,-85.1073100785
15.39,-82.8692573686,-84.8180508506,-85.0973999837,-85.097632173,-85.0981299764,-85.1073449248
15.395,-82.872178319,-84.8184076236,-85.0974252318,-85.0976527881,-85.0981582268,-85.107379723
15.4,-82.8750968864,-84.8187641393,-85.0974504614,-85.0976733817,-85.0981864407,-85.1074144731
15.405,-82.8780130727,-84.8191203979,-85.0974756727,-85.0976939537,-85.0982146184,-85.1074491754
15.41,-82.8809268799,-84.8194763994,-85.0975008657,-85.0977145043,-85.0982427597,-85.1074838298
15.415,-82.8838383098,-84.8198321442,-85.0975260403,-85.0977350334,-85.0982708648,-85.1075184366
15.42,-82.8867473644,-84.8201876322,-85.0975511967,-85.0977555411,-85.0982989338,-85.1075529958
15.425,-82.8896540454,-84.8205428636,-85.0975763347,-85.0977760275,-85.0983269667,-85.1075875075
15.43,-82.8925583548,-84.8208978387,-85.0976014546,-85.0977964926,-85.0983549637,-85.1076219718
15.435,-82.8954602945,-84.8212525575,-85.0976265562,-85.0978169363,-85.0983829248,-85.1076563889
15.44,-82.8983598663,-84.8216070202,-85.0976516395,-85.0978373588,-85.09841085,-85.1076907587
15.445,-82.9012570721,-84.821961227,-85.0976767047,-85.0978577602,-85.0984387395,-85.1077250815
15.45,-82.9041519139,-84.822315178,-85.0977017518,-85.0978781403,-85.0984665933,-85.1077593574
15.455,-82.9070443934,-84.8226688733,-85.0977267806,-85.0978984994,-85.0984944115,-85.1077935863
15.46,-82.9099345126,-84.8230223132,-85.0977517914,-85.0979188373,-85.0985221941,-85.1078277685
15.465,-82.9128222733,-84.8233754977,-85.097776784,-85.0979391543,-85.0985499414,-85.107861904
15.47,-82.9157076774,-84.823728427,-85.0978017585,-85.0979594502,-85.0985776532,-85.1078959929
15.475,-82.9185907268,-84.8240811012,-85.097826715,-85.0979797252,-85.0986053298,-85.1079300354
15.48,-82.9214714234,-84.8244335206,-85.0978516534,-85.0979999792,-85.0986329711,-85.1079640315
15.485,-82.924349769,-84.8247856853,-85.0978765738,-85.0980202124,-85.0986605773,-85.1079979814
15.49,-82.9272257655,-84.8251375953,-85.0979014762,-85.0980404247,-85.0986881484,-85.108031885
15.495,-82.9300994148,-84.8254892509,-85.0979263606,-85.0980606162,-85.0987156845,-85.1080657427
15.5,-82.9329707187,-84.8258406523,-85.097951227,-85.098080787,-85.0987431857,-85.1080995543
15.505,-82.9358396792,-84.8261917995,-85.0979760754,-85.098100937,-85.098770652,-85.1081333201
15.51,-82.938706298,-84.8265426928,-85.098000906,-85.0981210663,-85.0987980835,-85.1081670401
15.515,-82.9415705771,-84.8268933322,-85.0980257186,-85.098141175,-85.0988254803,-85.1082007145
15.52,-82.9444325183,-84.8272437179,-85.0980505133,-85.0981612631,-85.0988528425,-85.1082343432
15.525,-82.9472921234,-84.8275938502,-85.0980752902,-85.0981813306,-85.0988801702,-85.1082679265
15.53,-82.9501493944,-84.827943729,-85.0981000492,-85.0982013776,-85.0989074633,-85.1083014645
15.535,-82.9530043331,-84.8282933547,-85.0981247904,-85.0982214041,-85.098934722,-85.1083349571
15.54,-82.9558569414,-84.8286427273,-85.0981495137,-85.0982414101,-85.0989619464,-85.1083684046
15.545,-82.9587072211,-84.8289918469,-85.0981742193,-85.0982613957,-85.0989891365,-85.108401807
15.55,-82.961555174,-84.8293407139,-85.0981989071,-85.098281361,-85.0990162924,-85.1084351644
15.555,-82.9644008021,-84.8296893282,-85.0982235771,-85.0983013058,-85.0990434142,-85.1084684769
15.56,-82.9672441072,-84.8300376901,-85.0982482294,-85.0983212304,-85.0990705019,-85.1085017447
15.565,-82.9700850911,-84.8303857996,-85.098272864,-85.0983411348,-85.0990975557,-85.1085349677
15.57,-82.9729237557,-84.8307336571,-85.0982974809,-85.0983610188,-85.0991245755,-85.1085681462
15.575,-82.9757601028,-84.8310812625,-85.0983220802,-85.0983808828,-85.0991515615,-85.1086012801
15.58,-82.9785941344,-84.8314286161,-85.0983466618,-85.0984007265,-85.0991785137,-85.1086343697
15.585,-82.9814258522,-84.8317757181,-85.0983712257,-85.0984205501,-85.0992054322,-85.1086674149
15.59,-82.9842552582,-84.8321225685,-85.098395772,-85.0984403537,-85.0992323171,-85.108700416
15.595,-82.987082354,-84.8324691675,-85.0984203007,-85.0984601372,-85.0992591685,-85.1087333729
15.6,-82.9899071417,-84.8328155153,-85.0984448119,-85.0984799007,-85.0992859863,-85.1087662858
15.605,-82.9927296231,-84.833161612,-85.0984693055,-85.0984996443,-85.0993127707,-85.1087991548
15.61,-82.9955497999,-84.8335074579,-85.0984937815,-85.0985193679,-85.0993395218,-85.1088319799
15.615,-82.998367674,-84.8338530529,-85.0985182401,-85.0985390716,-85.0993662396,-85.1088647613
15.62,-83.0011832474,-84.8341983974,-85.0985426811,-85.0985587554,-85.0993929242,-85.1088974991
15.625,-83.0039965217,-84.8345434914,-85.0985671047,-85.0985784195,-85.0994195757,-85.1089301933
15.63,-83.006807499,-84.8348883351,-85.0985915107,-85.0985980637,-85.0994461941,-85.108962844
15.635,-83.0096161809,-84.8352329287,-85.0986158994,-85.0986176883,-85.0994727795,-85.1089954514
15.64,-83.0124225693,-84.8355772723,-85.0986402706,-85.0986372931,-85.0994993319,-85.1090280155
15.645,-83.0152266662,-84.8359213661,-85.0986646244,-85.0986568782,-85.0995258515,-85.1090605365
15.65,-83.0180284732,-84.8362652102,-85.0986889609,-85.0986764437,-85.0995523384,-85.1090930143
15.655,-83.0208279923,-84.8366088047,-85.0987132799,-85.0986959896,-85.0995787924,-85.1091254492
15.66,-83.0236252253,-84.8369521499,-85.0987375817,-85.0987155159,-85.0996052139,-85.1091578412
15.665,-83.026420174,-84.8372952459,-85.0987618661,-85.0987350227,-85.0996316027,-85.1091901904
15.67,-83.0292128402,-84.8376380928,-85.0987861331,-85.09875451,-85.099657959,-85.1092224968
15.675,-83.0320032258,-84.8379806909,-85.0988103829,-85.0987739778,-85.0996842829,-85.1092547606
15.68,-83.0347913326,-84.8383230401,-85.0988346155,-85.0987934262,-85.0997105744,-85.109286982
15.685,-83.0375771625,-84.8386651408,-85.0988588307,-85.0988128552,-85.0997368336,-85.1093191608
15.69,-83.0403607172,-84.8390069931,-85.0988830288,-85.0988322649,-85.0997630605,-85.1093512973
15.695,-83.0431419986,-84.839348597,-85.0989072096,-85.0988516553,-85.0997892553,-85.1093833916
15.7,-83.0459210085,-84.8396899529,-85.0989313732,-85.0988710263,-85.0998154179,-85.1094154437
15.705,-83.0486977488,-84.8400310607,-85.0989555197,-85.0988903782,-85.0998415485,-85.1094474537
15.71,-83.0514722212,-84.8403719208,-85.098979649,-85.0989097108,-85.0998676471,-85.1094794218
15.715,-83.0542444276,-84.8407125332,-85.0990037612,-85.0989290242,-85.0998937138,-85.1095113479
15.72,-83.0570143698,-84.8410528981,-85.0990278562,-85.0989483185,-85.0999197486,-85.1095432323
15.725,-83.0597820496,-84.8413930156,-85.0990519341,-85.0989675937,-85.0999457517,-85.1095750749
15.73,-83.0625474689,-84.8417328859,-85.099075995,-85.0989868498,-85.0999717231,-85.1096068759
15.735,-83.0653106295,-84.8420725093,-85.0991000388,-85.0990060869,-85.0999976628,-85.1096386353
15.74,-83.0680715331,-84.8424118857,-85.0991240655,-85.099025305,-85.1000235709,-85.1096703534
15.745,-83.0708301816,-84.8427510154,-85.0991480752,-85.0990445041,-85.1000494475,-85.10970203
15.75,-83.0735865768,-84.8430898985,-85.0991720679,-85.0990636843,-85.1000752927,-85.1097336654
15.755,-83.0763407205,-84.8434285352,-85.0991960437,-85.0990828456,-85.1001011064,-85.1097652596
15.76,-83.0790926145,-84.8437669257,-85.0992200024,-85.099101988,-85.1001268889,-85.1097968127
15.765,-83.0818422607,-84.8441050701,-85.0992439442,-85.0991211116,-85.1001526401,-85.1098283248
15.77,-83.0845896609,-84.8444429685,-85.0992678691,-85.0991402164,-85.1001783601,-85.109859796
15.775,-83.0873348167,-84.8447806211,-85.099291777,-85.0991593025,-85.100204049,-85.1098912264
15.78,-83.0900777302,-84.8451180281,-85.0993156681,-85.0991783698,-85.1002297068,-85.109922616
15.785,-83.092818403,-84.8454551897,-85.0993395422,-85.0991974184,-85.1002553336,-85.1099539649
15.79,-83.095556837,-84.8457921059,-85.0993633995,-85.0992164483,-85.1002809295,-85.1099852733
15.795,-83.098293034,-84.8461287769,-85.09938724,-85.0992354596,-85.1003064946,-85.1100165412
15.8,-83.1010269958,-84.846465203,-85.0994110637,-85.0992544524,-85.1003320288,-85.1100477687
15.805,-83.1037587241,-84.8468013841,-85.0994348705,-85.0992734265,-85.1003575322,-85.1100789559
15.81,-83.1064882209,-84.8471373206,-85.0994586605,-85.0992923822,-85.1003830051,-85.1101101029
15.815,-83.1092154878,-84.8474730126,-85.0994824338,-85.0993113193,-85.1004084472,-85.1101412097
15.82,-83.1119405266,-84.8478084602,-85.0995061904,-85.099330238,-85.1004338589,-85.1101722765
15.825,-83.1146633393,-84.8481436636,-85.0995299302,-85.0993491383,-85.10045924,-85.1102033033
15.83,-83.1173839275,-84.8484786228,-85.0995536532,-85.0993680202,-85.1004845908,-85.1102342903
15.835,-83.1201022932,-84.8488133382,-85.0995773596,-85.0993868837,-85.1005099111,-85.1102652374
15.84,-83.1228184379,-84.8491478099,-85.0996010493,-85.0994057289,-85.1005352012,-85.1102961448
15.845,-83.1255323636,-84.8494820379,-85.0996247224,-85.0994245558,-85.100560461,-85.1103270126
15.85,-83.1282440721,-84.8498160225,-85.0996483788,-85.0994433644,-85.1005856907,-85.1103578409
15.855,-83.1309535651,-84.8501497638,-85.0996720186,-85.0994621548,-85.1006108903,-85.1103886297
15.86,-83.1336608444,-84.850483262,-85.0996956418,-85.099480927,-85.1006360598,-85.1104193791
15.865,-83.1363659118,-84.8508165173,-85.0997192483,-85.099499681,-85.1006611993,-85.1104500893
15.87,-83.1390687691,-84.8511495297,-85.0997428384,-85.0995184169,-85.1006863089,-85.1104807602
15.875,-83.1417694181,-84.8514822995,-85.0997664118,-85.0995371347,-85.1007113886,-85.110511392
15.88,-83.1444678606,-84.8518148268,-85.0997899688,-85.0995558345,-85.1007364385,-85.1105419848
15.885,-83.1471640983,-84.8521471117,-85.0998135092,-85.0995745162,-85.1007614587,-85.1105725386
15.89,-83.1498581331,-84.8524791545,-85.0998370331,-85.0995931799,-85.1007864492,-85.1106030535
15.895,-83.1525499667,-84.8528109552,-85.0998605405,-85.0996118256,-85.1008114101,-85.1106335296
15.9,-83.1552396008,-84.8531425141,-85.0998840315,-85.0996304534,-85.1008363414,-85.1106639671
15.905,-83.1579270374,-84.8534738312,-85.099907506,-85.0996490633,-85.1008612433,-85.1106943659
15.91,-83.1606122781,-84.8538049068,-85.0999309641,-85.0996676553,-85.1008861157,-85.1107247261
15.915,-83.1632953247,-84.8541357411,-85.0999544058,-85.0996862295,-85.1009109587,-85.1107550479
15.92,-83.1659761789,-84.854466334,-85.0999778311,-85.0997047858,-85.1009357724,-85.1107853313
15.925,-83.1686548427,-84.854796686,-85.1000012401,-85.0997233244,-85.1009605569,-85.1108155764
15.93,-83.1713313178,-84.8551267969,-85.1000246326,-85.0997418452,-85.1009853121,-85.1108457833
15.935,-83.1740056058,-84.8554566672,-85.1000480089,-85.0997603483,-85.1010100383,-85.1108759521
15.94,-83.1766777086,-84.8557862968,-85.1000713688,-85.0997788337,-85.1010347353,-85.1109060828
15.945,-83.179347628,-84.856115686,-85.1000947124,-85.0997973015,-85.1010594034,-85.1109361755
15.95,-83.1820153657,-84.8564448348,-85.1001180397,-85.0998157517,-85.1010840424,-85.1109662303
15.955,-83.1846809235,-84.8567737436,-85.1001413508,-85.0998341842,-85.1011086526,-85.1109962473
15.96,-83.1873443032,-84.8571024124,-85.1001646456,-85.0998525992,-85.101133234,-85.1110262266
15.965,-83.1900055064,-84.8574308413,-85.1001879242,-85.0998709967,-85.1011577865,-85.1110561682
15.97,-83.1926645351,-84.8577590306,-85.1002111865,-85.0998893766,-85.1011823104,-85.1110860722
15.975,-83.1953213909,-84.8580869804,-85.1002344327,-85.0999077391,-85.1012068056,-85.1111159387
15.98,-83.1979760756,-84.8584146909,-85.1002576627,-85.0999260842,-85.1012312721,-85.1111457678
15.985,-83.2006285911,-84.8587421621,-85.1002808765,-85.0999444119,-85.1012557102,-85.1111755596
15.99,-83.2032789389,-84.8590693944,-85.1003040741,-85.0999627221,-85.1012801197,-85.1112053141
15.995,-83.2059271209,-84.8593963878,-85.1003272557,-85.0999810151,-85.1013045008,-85.1112350314
16,-83.2085731389,-84.8597231424,-85.1003504211,-85.0999992907,-85.1013288536,-85.1112647117
16.005,-83.2112169945,-84.8600496585,-85.1003735704,-85.100017549,-85.101353178,-85.1112943549
16.01,-83.2138586896,-84.8603759362,-85.1003967037,-85.1000357901,-85.1013774742,-85.1113239611
16.015,-83.2164982259,-84.8607019757,-85.1004198209,-85.1000540139,-85.1014017422,-85.1113535305
16.02,-83.2191356052,-84.8610277771,-85.100442922,-85.1000722206,-85.1014259821,-85.1113830631
16.025,-83.2217708292,-84.8613533406,-85.1004660072,-85.1000904101,-85.1014501938,-85.1114125589
16.03,-83.2244038996,-84.8616786663,-85.1004890763,-85.1001085825,-85.1014743776,-85.1114420182
16.035,-83.2270348183,-84.8620037544,-85.1005121294,-85.1001267377,-85.1014985334,-85.1114714409
16.04,-83.2296635869,-84.862328605,-85.1005351666,-85.1001448759,-85.1015226612,-85.111500827
16.045,-83.2322902072,-84.8626532184,-85.1005581878,-85.100162997,-85.1015467612,-85.1115301768
16.05,-83.2349146809,-84.8629775946,-85.100581193,-85.1001811012,-85.1015708334,-85.1115594903
16.055,-83.2375370098,-84.8633017339,-85.1006041824,-85.1001991883,-85.1015948779,-85.1115887675
16.06,-83.2401571957,-84.8636256363,-85.1006271558,-85.1002172585,-85.1016188947,-85.1116180085
16.065,-83.2427752403,-84.8639493021,-85.1006501134,-85.1002353117,-85.1016428839,-85.1116472134
16.07,-83.2453911452,-84.8642727314,-85.100673055,-85.1002533481,-85.1016668454,-85.1116763823
16.075,-83.2480049123,-84.8645959244,-85.1006959808,-85.1002713676,-85.1016907795,-85.1117055153
16.08,-83.2506165433,-84.8649188811,-85.1007188908,-85.1002893702,-85.1017146861,-85.1117346123
16.085,-83.25322604,-84.8652416019,-85.100741785,-85.1003073561,-85.1017385653,-85.1117636736
16.09,-83.255833404,-84.8655640868,-85.1007646633,-85.1003253252,-85.1017624172,-85.1117926991
16.095,-83.258438637,-84.8658863359,-85.1007875259,-85.1003432775,-85.1017862417,-85.111821689
16.1,-83.2610417409,-84.8662083495,-85.1008103727,-85.1003612131,-85.101810039,-85.1118506433
16.105,-83.2636427174,-84.8665301278,-85.1008332038,-85.100379132,-85.1018338092,-85.1118795621
16.11,-83.2662415682,-84.8668516707,-85.1008560191,-85.1003970342,-85.1018575521,-85.1119084455
16.115,-83.2688382949,-84.8671729787,-85.1008788187,-85.1004149198,-85.1018812681,-85.1119372936
16.12,-83.2714328995,-84.8674940517,-85.1009016026,-85.1004327888,-85.101904957,-85.1119661063
16.125,-83.2740253835,-84.8678148899,-85.1009243708,-85.1004506412,-85.1019286189,-85.1119948839
16.13,-83.2766157487,-84.8681354935,-85.1009471233,-85.1004684771,-85.1019522539,-85.1120236263
16.135,-83.2792039969,-84.8684558627,-85.1009698602,-85.1004862964,-85.1019758621,-85.1120523336
16.14,-83.2817901297,-84.8687759976,-85.1009925814,-85.1005040993,-85.1019994435,-85.112081006
16.145,-83.2843741488,-84.8690958984,-85.1010152871,-85.1005218857,-85.1020229981,-85.1121096435
16.15,-83.2869560561,-84.8694155652,-85.1010379771,-85.1005396557,-85.102046526,-85.1121382461
16.155,-83.2895358532,-84.8697349982,-85.1010606515,-85.1005574092,-85.1020700273,-85.1121668139
16.16,-83.2921135419,-84.8700541976,-85.1010833104,-85.1005751464,-85.102093502,-85.1121953471
16.165,-83.2946891237,-84.8703731635,-85.1011059537,-85.1005928672,-85.1021169501,-85.1122238456
16.17,-83.2972626006,-84.870691896,-85.1011285815,-85.1006105717,-85.1021403718,-85.1122523096
16.175,-83.2998339741,-84.8710103953,-85.1011511937,-85.1006282599,-85.102163767,-85.1122807391
16.18,-83.3024032461,-84.8713286617,-85.1011737905,-85.1006459319,-85.1021871359,-85.1123091342
16.185,-83.3049704181,-84.8716466951,-85.1011963718,-85.1006635876,-85.1022104785,-85.112337495
16.19,-83.307535492,-84.8719644959,-85.1012189376,-85.100681227,-85.1022337947,-85.1123658215
16.195,-83.3100984694,-84.8722820641,-85.1012414879,-85.1006988504,-85.1022570848,-85.1123941138
16.2,-83.3126593521,-84.8725994,-85.1012640228,-85.1007164575,-85.1022803487,-85.112422372
16.205,-83.3152181417,-84.8729165036,-85.1012865423,-85.1007340485,-85.1023035865,-85.1124505961
16.21,-83.31777484,-84.8732333751,-85.1013090464,-85.1007516234,-85.1023267982,-85.1124787863
16.215,-83.3203294487,-84.8735500147,-85.1013315351,-85.1007691823,-85.1023499839,-85.1125069425
16.22,-83.3228819694,-84.8738664226,-85.1013540084,-85.1007867251,-85.1023731436,-85.1125350649
16.225,-83.3254324039,-84.8741825989,-85.1013764664,-85.1008042519,-85.1023962775,-85.1125631535
16.23,-83.3279807539,-84.8744985437,-85.101398909,-85.1008217627,-85.1024193855,-85.1125912085
16.235,-83.3305270211,-84.8748142573,-85.1014213363,-85.1008392575,-85.1024424677,-85.1126192298
16.24,-83.3330712072,-84.8751297398,-85.1014437483,-85.1008567364,-85.1024655241,-85.1126472175
16.245,-83.3356133138,-84.8754449912,-85.101466145,-85.1008741994,-85.1024885549,-85.1126751718
16.25,-83.3381533428,-84.8757600119,-85.1014885265,-85.1008916465,-85.10251156,-85.1127030926
16.255,-83.3406912956,-84.8760748019,-85.1015108926,-85.1009090777,-85.1025345395,-85.1127309801
16.26,-83.3432271742,-84.8763893615,-85.1015332436,-85.1009264931,-85.1025574935,-85.1127588343
16.265,-83.3457609802,-84.8767036907,-85.1015555793,-85.1009438928,-85.1025804219,-85.1127866553
16.27,-83.3482927151,-84.8770177898,-85.1015778998,-85.1009612766,-85.102603325,-85.1128144431
16.275,-83.3508223809,-84.8773316588,-85.1016002051,-85.1009786447,-85.1026262026,-85.1128421979
16.28,-83.3533499791,-84.877645298,-85.1016224952,-85.100995997,-85.1026490549,-85.1128699196
16.285,-83.3558755114,-84.8779587074,-85.1016447702,-85.1010133337,-85.1026718819,-85.1128976084
16.29,-83.3583989796,-84.8782718874,-85.10166703,-85.1010306547,-85.1026946836,-85.1129252643
16.295,-83.3609203852,-84.8785848379,-85.1016892747,-85.1010479601,-85.1027174602,-85.1129528874
16.3,-83.36343973,-84.8788975593,-85.1017115042,-85.1010652498,-85.1027402116,-85.1129804778
16.305,-83.3659570158,-84.8792100515,-85.1017337187,-85.101082524,-85.102762938,-85.1130080355
16.31,-83.3684722441,-84.8795223149,-85.1017559181,-85.1010997826,-85.1027856392,-85.1130355606
16.315,-83.3709854166,-84.8798343495,-85.1017781024,-85.1011170256,-85.1028083155,-85.1130630532
16.32,-83.3734965351,-84.8801461555,-85.1018002717,-85.1011342531,-85.1028309669,-85.1130905133
16.325,-83.3760056012,-84.8804577331,-85.1018224259,-85.1011514652,-85.1028535933,-85.113117941
16.33,-83.3785126165,-84.8807690824,-85.1018445652,-85.1011686618,-85.102876195,-85.1131453363
16.335,-83.3810175828,-84.8810802036,-85.1018666894,-85.101185843,-85.1028987718,-85.1131726994
16.34,-83.3835205018,-84.8813910968,-85.1018887986,-85.1012030087,-85.1029213238,-85.1132000303
16.345,-83.3860213751,-84.8817017623,-85.1019108929,-85.1012201591,-85.1029438512,-85.113227329
16.35,-83.3885202044,-84.8820122001,-85.1019329722,-85.1012372941,-85.1029663539,-85.1132545957
16.355,-83.3910169913,-84.8823224104,-85.1019550365,-85.1012544138,-85.1029888321,-85.1132818304
16.36,-83.3935117376,-84.8826323933,-85.101977086,-85.1012715181,-85.1030112856,-85.1133090331
16.365,-83.3960044449,-84.8829421491,-85.1019991205,-85.1012886072,-85.1030337147,-85.1133362039
16.37,-83.3984951148,-84.8832516779,-85.1020211401,-85.1013056811,-85.1030561193,-85.1133633429
16.375,-83.4009837491,-84.8835609798,-85.1020431449,-85.1013227397,-85.1030784995,-85.1133904502
16.38,-83.4034703494,-84.8838700551,-85.1020651348,-85.1013397831,-85.1031008553,-85.1134175258
16.385,-83.4059549174,-84.8841789038,-85.1020871099,-85.1013568114,-85.1031231869,-85.1134445698
16.39,-83.4084374547,-84.8844875261,-85.1021090701,-85.1013738244,-85.1031454941,-85.1134715822
16.395,-83.4109179631,-84.8847959222,-85.1021310155,-85.1013908224,-85.1031677772,-85.1134985631
16.4,-83.4133964441,-84.8851040922,-85.1021529461,-85.1014078053,-85.1031900361,-85.1135255126
16.405,-83.4158728994,-84.8854120363,-85.1021748619,-85.101424773,-85.1032122708,-85.1135524308
16.41,-83.4183473307,-84.8857197547,-85.102196763,-85.1014417258,-85.1032344815,-85.1135793176
16.415,-83.4208197397,-84.8860272474,-85.1022186493,-85.1014586635,-85.1032566681,-85.1136061732
16.42,-83.423290128,-84.8863345148,-85.1022405209,-85.1014755862,-85.1032788308,-85.1136329977
16.425,-83.4257584973,-84.8866415568,-85.1022623777,-85.1014924939,-85.1033009696,-85.113659791
16.43,-83.4282248491,-84.8869483737,-85.1022842198,-85.1015093866,-85.1033230844,-85.1136865533
16.435,-83.4306891853,-84.8872549657,-85.1023060473,-85.1015262645,-85.1033451754,-85.1137132847
16.44,-83.4331515073,-84.8875613328,-85.1023278601,-85.1015431274,-85.1033672426,-85.1137399851
16.445,-83.435611817,-84.8878674753,-85.1023496582,-85.1015599755,-85.1033892861,-85.1137666546
16.45,-83.4380701158,-84.8881733934,-85.1023714416,-85.1015768087,-85.1034113059,-85.1137932933
16.455,-83.4405264056,-84.888479087,-85.1023932105,-85.101593627,-85.103433302,-85.1138199014
16.46,-83.4429806878,-84.8887845565,-85.1024149647,-85.1016104306,-85.1034552745,-85.1138464787
16.465,-83.4454329643,-84.889089802,-85.1024367043,-85.1016272194,-85.1034772235,-85.1138730255
16.47,-83.4478832366,-84.8893948236,-85.1024584294,-85.1016439934,-85.1034991489,-85.1138995417
16.475,-83.4503315063,-84.8896996215,-85.1024801398,-85.1016607527,-85.1035210509,-85.1139260274
16.48,-83.4527777751,-84.8900041959,-85.1025018357,-85.1016774973,-85.1035429294,-85.1139524827
16.485,-83.4552220447,-84.8903085469,-85.1025235171,-85.1016942272,-85.1035647845,-85.1139789077
16.49,-83.4576643167,-84.8906126746,-85.102545184,-85.1017109425,-85.1035866164,-85.1140053023
16.495,-83.4601045927,-84.8909165793,-85.1025668363,-85.1017276431,-85.1036084249,-85.1140316667
16.5,-83.4625428743,-84.891220261,-85.1025884742,-85.1017443291,-85.1036302102,-85.114058001
16.505,-83.4649791633,-84.89152372,-85.1026100976,-85.1017610005,-85.1036519723,-85.1140843051
16.51,-83.4674134612,-84.8918269563,-85.1026317065,-85.1017776574,-85.1036737112,-85.1141105791
16.515,-83.4698457697,-84.8921299703,-85.1026533009,-85.1017942997,-85.103695427,-85.1141368232
16.52,-83.4722760904,-84.8924327619,-85.102674881,-85.1018109275,-85.1037171198,-85.1141630374
16.525,-83.474704425,-84.8927353314,-85.1026964466,-85.1018275408,-85.1037387896,-85.1141892216
16.53,-83.477130775,-84.8930376789,-85.1027179978,-85.1018441396,-85.1037604363,-85.1142153761
16.535,-83.4795551422,-84.8933398046,-85.1027395346,-85.101860724,-85.1037820602,-85.1142415008
16.54,-83.481977528,-84.8936417086,-85.1027610571,-85.101877294,-85.1038036611,-85.1142675958
16.545,-83.4843979343,-84.8939433911,-85.1027825652,-85.1018938496,-85.1038252392,-85.1142936612
16.55,-83.4868163625,-84.8942448523,-85.1028040589,-85.1019103907,-85.1038467945,-85.114319697
16.555,-83.4892328143,-84.8945460922,-85.1028255384,-85.1019269176,-85.1038683271,-85.1143457032
16.56,-83.4916472914,-84.8948471112,-85.1028470035,-85.1019434301,-85.1038898369,-85.1143716801
16.565,-83.4940597954,-84.8951479092,-85.1028684543,-85.1019599283,-85.1039113241,-85.1143976275
16.57,-83.4964703278,-84.8954484865,-85.1028898908,-85.1019764123,-85.1039327887,-85.1144235456
16.575,-83.4988788903,-84.8957488433,-85.1029113131,-85.1019928819,-85.1039542306,-85.1144494344
16.58,-83.5012854846,-84.8960489796,-85.1029327211,-85.1020093374,-85.1039756501,-85.114475294
16.585,-83.5036901122,-84.8963488957,-85.1029541149,-85.1020257786,-85.103997047,-85.1145011244
16.59,-83.5060927748,-84.8966485917,-85.1029754944,-85.1020422056,-85.1040184215,-85.1145269258
16.595,-83.5084934739,-84.8969480677,-85.1029968598,-85.1020586185,-85.1040397736,-85.114552698
16.6,-83.5108922113,-84.897247324,-85.1030182109,-85.1020750172,-85.1040611033,-85.1145784413
16.605,-83.5132889884,-84.8975463606,-85.1030395479,-85.1020914018,-85.1040824107,-85.1146041557
16.61,-83.515683807,-84.8978451777,-85.1030608707,-85.1021077724,-85.1041036959,-85.1146298412
16.615,-83.5180766686,-84.8981437756,-85.1030821793,-85.1021241288,-85.1041249588,-85.1146554979
16.62,-83.5204675748,-84.8984421542,-85.1031034738,-85.1021404712,-85.1041461995,-85.1146811258
16.625,-83.5228565273,-84.8987403139,-85.1031247542,-85.1021567995,-85.104167418,-85.114706725
16.63,-83.5252435276,-84.8990382547,-85.1031460205,-85.1021731139,-85.1041886144,-85.1147322956
16.635,-83.5276285774,-84.8993359768,-85.1031672727,-85.1021894142,-85.1042097888,-85.1147578375
16.64,-83.5300116783,-84.8996334804,-85.1031885108,-85.1022057006,-85.1042309412,-85.114783351
16.645,-83.5323928319,-84.8999307656,-85.1032097349,-85.1022219731,-85.1042520715,-85.114808836
16.65,-83.5347720397,-84.9002278326,-85.1032309449,-85.1022382317,-85.1042731799,-85.1148342925
16.655,-83.5371493035,-84.9005246815,-85.1032521409,-85.1022544763,-85.1042942665,-85.1148597207
16.66,-83.5395246247,-84.9008213125,-85.1032733228,-85.1022707071,-85.1043153311,-85.1148851206
16.665,-83.5418980049,-84.9011177257,-85.1032944908,-85.102286924,-85.104336374,-85.1149104923
16.67,-83.5442694459,-84.9014139213,-85.1033156447,-85.1023031271,-85.1043573951,-85.1149358357
16.675,-83.5466389491,-84.9017098995,-85.1033367847,-85.1023193164,-85.1043783944,-85.1149611511
16.68,-83.5490065162,-84.9020056604,-85.1033579107,-85.1023354919,-85.1043993721,-85.1149864383
16.685,-83.5513721488,-84.9023012041,-85.1033790228,-85.1023516537,-85.1044203281,-85.1150116975
16.69,-83.5537358485,-84.9025965309,-85.1034001209,-85.1023678017,-85.1044412625,-85.1150369288
16.695,-83.5560976167,-84.9028916408,-85.1034212052,-85.102383936,-85.1044621753,-85.1150621321
16.7,-83.5584574553,-84.9031865341,-85.1034422755,-85.1024000566,-85.1044830666,-85.1150873075
16.705,-83.5608153656,-84.9034812108,-85.1034633319,-85.1024161635,-85.1045039365,-85.1151124552
16.71,-83.5631713494,-84.9037756712,-85.1034843745,-85.1024322568,-85.1045247848,-85.1151375751
16.715,-83.5655254082,-84.9040699154,-85.1035054031,-85.1024483364,-85.1045456118,-85.1151626673
16.72,-83.5678775436,-84.9043639436,-85.103526418,-85.1024644025,-85.1045664174,-85.1151877319
16.725,-83.5702277572,-84.9046577558,-85.103547419,-85.1024804549,-85.1045872017,-85.1152127689
16.73,-83.5725760506,-84.9049513524,-85.1035684062,-85.1024964938,-85.1046079647,-85.1152377783
16.735,-83.5749224253,-84.9052447333,-85.1035893796,-85.1025125191,-85.1046287064,-85.1152627603
16.74,-83.5772668829,-84.9055378988,-85.1036103392,-85.102528531,-85.104649427,-85.1152877149
16.745,-83.5796094251,-84.905830849,-85.103631285,-85.1025445293,-85.1046701264,-85.115312642
16.75,-83.5819500533,-84.9061235841,-85.1036522171,-85.1025605141,-85.1046908046,-85.1153375419
16.755,-83.5842887692,-84.9064161043,-85.1036731354,-85.1025764855,-85.1047114618,-85.1153624145
16.76,-83.5866255744,-84.9067084096,-85.10369404,-85.1025924434,-85.1047320979,-85.1153872599
16.765,-83.5889604703,-84.9070005003,-85.1037149309,-85.1026083879,-85.1047527131,-85.1154120781
16.77,-83.5912934587,-84.9072923765,-85.103735808,-85.1026243191,-85.1047733072,-85.1154368692
16.775,-83.5936245411,-84.9075840383,-85.1037566715,-85.1026402368,-85.1047938805,-85.1154616333
16.78,-83.5959537189,-84.907875486,-85.1037775213,-85.1026561412,-85.1048144328,-85.1154863704
16.785,-83.5982809939,-84.9081667196,-85.1037983574,-85.1026720323,-85.1048349643,-85.1155110805
16.79,-83.6006063676,-84.9084577393,-85.1038191799,-85.1026879101,-85.104855475,-85.1155357637
16.795,-83.6029298416,-84.9087485454,-85.1038399887,-85.1027037745,-85.1048759649,-85.1155604201
16.8,-83.6052514173,-84.9090391378,-85.103860784,-85.1027196258,-85.1048964341,-85.1155850497
16.805,-83.6075710965,-84.9093295168,-85.1038815656,-85.1027354637,-85.1049168826,-85.1156096526
16.81,-83.6098888806,-84.9096196826,-85.1039023336,-85.1027512884,-85.1049373105,-85.1156342288
16.815,-83.6122047712,-84.9099096352,-85.103923088,-85.1027671,-85.1049577177,-85.1156587783
16.82,-83.6145187699,-84.9101993749,-85.1039438289,-85.1027828983,-85.1049781043,-85.1156833013
16.825,-83.6168308783,-84.9104889018,-85.1039645563,-85.1027986835,-85.1049984705,-85.1157077977
16.83,-83.6191410978,-84.9107782161,-85.10398527,-85.1028144555,-85.1050188161,-85.1157322677
16.835,-83.6214494301,-84.9110673178,-85.1040059703,-85.1028302144,-85.1050391412,-85.1157567112
16.84,-83.6237558768,-84.9113562073,-85.1040266571,-85.1028459602,-85.105059446,-85.1157811284
16.845,-83.6260604393,-84.9116448845,-85.1040473303,-85.102861693,-85.1050797303,-85.1158055192
16.85,-83.6283631192,-84.9119333497,-85.1040679901,-85.1028774126,-85.1050999943,-85.1158298838
16.855,-83.6306639181,-84.912221603,-85.1040886364,-85.1028931192,-85.105120238,-85.1158542221
16.86,-83.6329628375,-84.9125096447,-85.1041092693,-85.1029088128,-85.1051404614,-85.1158785343
16.865,-83.6352598791,-84.9127974747,-85.1041298887,-85.1029244934,-85.1051606646,-85.1159028203
16.87,-83.6375550443,-84.9130850933,-85.1041504947,-85.1029401611,-85.1051808476,-85.1159270803
16.875,-83.6398483347,-84.9133725007,-85.1041710873,-85.1029558157,-85.1052010104,-85.1159513143
16.88,-83.6421397518,-84.9136596969,-85.1041916665,-85.1029714574,-85.1052211531,-85.1159755223
16.885,-83.6444292972,-84.9139466822,-85.1042122323,-85.1029870862,-85.1052412757,-85.1159997043
16.89,-83.6467169725,-84.9142334567,-85.1042327847,-85.1030027021,-85.1052613783,-85.1160238605
16.895,-83.6490027791,-84.9145200206,-85.1042533237,-85.1030183051,-85.1052814608,-85.1160479909
16.9,-83.6512867187,-84.9148063739,-85.1042738495,-85.1030338953,-85.1053015234,-85.1160720955
16.905,-83.6535687927,-84.915092517,-85.1042943618,-85.1030494726,-85.1053215661,-85.1160961744
16.91,-83.6558490027,-84.9153784498,-85.1043148609,-85.1030650371,-85.1053415888,-85.1161202276
16.915,-83.6581273503,-84.9156641726,-85.1043353467,-85.1030805888,-85.1053615917,-85.1161442552
16.92,-83.660403837,-84.9159496855,-85.1043558191,-85.1030961277,-85.1053815748,-85.1161682573
16.925,-83.6626784643,-84.9162349887,-85.1043762783,-85.1031116539,-85.105401538,-85.1161922337
16.93,-83.6649512338,-84.9165200823,-85.1043967243,-85.1031271673,-85.1054214816,-85.1162161848
16.935,-83.667222147,-84.9168049665,-85.1044171569,-85.103142668,-85.1054414054,-85.1162401104
16.94,-83.6694912054,-84.9170896414,-85.1044375764,-85.103158156,-85.1054613095,-85.1162640106
16.945,-83.6717584106,-84.9173741072,-85.1044579826,-85.1031736313,-85.1054811939,-85.1162878855
16.95,-83.6740237641,-84.917658364,-85.1044783756,-85.103189094,-85.1055010588,-85.1163117351
16.955,-83.6762872674,-84.917942412,-85.1044987554,-85.103204544,-85.1055209041,-85.1163355595
16.96,-83.6785489221,-84.9182262514,-85.1045191221,-85.1032199814,-85.1055407298,-85.1163593587
16.965,-83.6808087296,-84.9185098822,-85.1045394755,-85.1032354062,-85.1055605361,-85.1163831327
16.97,-83.6830666916,-84.9187933047,-85.1045598158,-85.1032508184,-85.1055803229,-85.1164068817
16.975,-83.6853228095,-84.919076519,-85.104580143,-85.103266218,-85.1056000902,-85.1164306056
16.98,-83.6875770849,-84.9193595253,-85.104600457,-85.1032816051,-85.1056198382,-85.1164543046
16.985,-83.6898295193,-84.9196423236,-85.104620758,-85.1032969796,-85.1056395668,-85.1164779786
16.99,-83.6920801142,-84.9199249142,-85.1046410458,-85.1033123417,-85.1056592761,-85.1165016277
16.995,-83.6943288712,-84.9202072972,-85.1046613205,-85.1033276913,-85.1056789661,-85.1165252519
17,-83.6965757917,-84.9204894728,-85.1046815821,-85.1033430284,-85.1056986368,-85.1165488514
17.005,-83.6988208773,-84.9207714411,-85.1047018307,-85.103358353,-85.1057182883,-85.116572426
17.01,-83.7010641294,-84.9210532022,-85.1047220663,-85.1033736652,-85.1057379206,-85.116595976
17.015,-83.7033055497,-84.9213347564,-85.1047422888,-85.103388965,-85.1057575338,-85.1166195013
17.02,-83.7055451396,-84.9216161037,-85.1047624983,-85.1034042524,-85.1057771279,-85.116643002
17.025,-83.7077829007,-84.9218972444,-85.1047826947,-85.1034195275,-85.1057967029,-85.1166664782
17.03,-83.7100188344,-84.9221781785,-85.1048028782,-85.1034347902,-85.1058162588,-85.1166899298
17.035,-83.7122529423,-84.9224589062,-85.1048230487,-85.1034500405,-85.1058357958,-85.1167133569
17.04,-83.7144852259,-84.9227394277,-85.1048432062,-85.1034652785,-85.1058553137,-85.1167367596
17.045,-83.7167156867,-84.9230197431,-85.1048633508,-85.1034805043,-85.1058748128,-85.116760138
17.05,-83.7189443261,-84.9232998527,-85.1048834824,-85.1034957177,-85.1058942929,-85.1167834919
17.055,-83.7211711458,-84.9235797564,-85.104903601,-85.1035109189,-85.1059137541,-85.1168068216
17.06,-83.7233961472,-84.9238594545,-85.1049237068,-85.1035261079,-85.1059331965,-85.1168301271
17.065,-83.7256193318,-84.9241389472,-85.1049437997,-85.1035412846,-85.1059526201,-85.1168534083
17.07,-83.7278407012,-84.9244182345,-85.1049638796,-85.1035564491,-85.105972025,-85.1168766654
17.075,-83.7300602567,-84.9246973167,-85.1049839467,-85.1035716014,-85.1059914111,-85.1168998984
17.08,-83.732278,-84.9249761938,-85.105004001,-85.1035867416,-85.1060107785,-85.1169231073
17.085,-83.7344939326,-84.9252548661,-85.1050240423,-85.1036018696,-85.1060301272,-85.1169462922
17.09,-83.7367080558,-84.9255333336,-85.1050440709,-85.1036169855,-85.1060494573,-85.1169694532
17.095,-83.7389203713,-84.9258115967,-85.1050640866,-85.1036320893,-85.1060687688,-85.1169925902
17.1,-83.7411308805,-84.9260896552,-85.1050840894,-85.1036471809,-85.1060880617,-85.1170157033
17.105,-83.7433395849,-84.9263675096,-85.1051040795,-85.1036622605,-85.1061073361,-85.1170387926
17.11,-83.745546486,-84.9266451598,-85.1051240568,-85.1036773281,-85.106126592,-85.1170618581
17.115,-83.7477515854,-84.926922606,-85.1051440214,-85.1036923836,-85.1061458294,-85.1170848998
17.12,-83.7499548844,-84.9271998485,-85.1051639731,-85.103707427,-85.1061650484,-85.1171079178
17.125,-83.7521563847,-84.9274768873,-85.1051839121,-85.1037224585,-85.106184249,-85.1171309122
17.13,-83.7543560876,-84.9277537226,-85.1052038384,-85.103737478,-85.1062034312,-85.1171538829
17.135,-83.7565539947,-84.9280303545,-85.1052237519,-85.1037524855,-85.106222595,-85.1171768301
17.14,-83.7587501074,-84.9283067832,-85.1052436528,-85.1037674811,-85.1062417406,-85.1171997538
17.145,-83.7609444273,-84.9285830088,-85.1052635409,-85.1037824647,-85.1062608679,-85.117222654
17.15,-83.7631369559,-84.9288590316,-85.1052834164,-85.1037974364,-85.106279977,-85.1172455307
17.155,-83.7653276945,-84.9291348515,-85.1053032792,-85.1038123963,-85.1062990679,-85.117268384
17.16,-83.7675166448,-84.9294104689,-85.1053231293,-85.1038273442,-85.1063181405,-85.117291214
17.165,-83.7697038081,-84.9296858838,-85.1053429668,-85.1038422803,-85.1063371951,-85.1173140207
17.17,-83.771889186,-84.9299610964,-85.1053627916,-85.1038572045,-85.1063562315,-85.1173368041
17.175,-83.7740727799,-84.9302361069,-85.1053826038,-85.103872117,-85.1063752499,-85.1173595642
17.18,-83.7762545913,-84.9305109153,-85.1054024034,-85.1038870176,-85.1063942502,-85.1173823012
17.185,-83.7784346218,-84.9307855219,-85.1054221904,-85.1039019064,-85.1064132325,-85.1174050151
17.19,-83.7806128727,-84.9310599268,-85.1054419649,-85.1039167835,-85.1064321969,-85.1174277058
17.195,-83.7827893456,-84.9313341301,-85.1054617267,-85.1039316488,-85.1064511433,-85.1174503735
17.2,-83.7849640419,-84.931608132,-85.105481476,-85.1039465023,-85.1064700717,-85.1174730182
17.205,-83.7871369631,-84.9318819326,-85.1055012128,-85.1039613442,-85.1064889823,-85.11749564
17.21,-83.7893081106,-84.9321555321,-85.105520937,-85.1039761743,-85.106507875,-85.1175182388
17.215,-83.791477486,-84.9324289307,-85.1055406487,-85.1039909928,-85.10652675,-85.1175408147
17.22,-83.7936450907,-84.9327021284,-85.1055603479,-85.1040057995,-85.1065456071,-85.1175633678
17.225,-83.7958109262,-84.9329751255,-85.1055800346,-85.1040205947,-85.1065644465,-85.1175858981
17.23,-83.7979749939,-84.933247922,-85.1055997088,-85.1040353782,-85.1065832681,-85.1176084056
17.235,-83.8001372954,-84.9335205182,-85.1056193705,-85.1040501501,-85.1066020721,-85.1176308904
17.24,-83.802297832,-84.9337929142,-85.1056390198,-85.1040649104,-85.1066208583,-85.1176533526
17.245,-83.8044566052,-84.9340651101,-85.1056586566,-85.1040796591,-85.106639627,-85.1176757921
17.25,-83.8066136166,-84.9343371061,-85.105678281,-85.1040943962,-85.1066583781,-85.117698209
17.255,-83.8087688675,-84.9346089023,-85.105697893,-85.1041091218,-85.1066771115,-85.1177206034
17.26,-83.8109223594,-84.9348804988,-85.1057174926,-85.1041238359,-85.1066958275,-85.1177429753
17.265,-83.8130740938,-84.9351518959,-85.1057370798,-85.1041385385,-85.1067145259,-85.1177653247
17.27,-83.8152240722,-84.9354230937,-85.1057566546,-85.1041532295,-85.1067332069,-85.1177876516
17.275,-83.8173722959,-84.9356940923,-85.105776217,-85.1041679091,-85.1067518704,-85.1178099562
17.28,-83.8195187665,-84.9359648919,-85.105795767,-85.1041825773,-85.1067705165,-85.1178322385
17.285,-83.8216634854,-84.9362354926,-85.1058153048,-85.104197234,-85.1067891452,-85.1178544985
17.29,-83.823806454,-84.9365058945,-85.1058348301,-85.1042118792,-85.1068077565,-85.1178767362
17.295,-83.8259476739,-84.9367760979,-85.1058543432,-85.1042265131,-85.1068263506,-85.1178989516
17.3,-83.8280871464,-84.9370461028,-85.105873844,-85.1042411355,-85.1068449273,-85.1179211449
17.305,-83.830224873,-84.9373159094,-85.1058933324,-85.1042557466,-85.1068634868,-85.1179433161
17.31,-83.8323608552,-84.9375855179,-85.1059128086,-85.1042703463,-85.106882029,-85.1179654652
17.315,-83.8344950944,-84.9378549284,-85.1059322725,-85.1042849347,-85.1069005541,-85.1179875922
17.32,-83.836627592,-84.938124141,-85.1059517241,-85.1042995117,-85.1069190619,-85.1180096971
17.325,-83.8387583496,-84.938393156,-85.1059711635,-85.1043140775,-85.1069375527,-85.1180317801
17.33,-83.8408873685,-84.9386619734,-85.1059905907,-85.1043286319,-85.1069560263,-85.1180538412
17.335,-83.8430146501,-84.9389305933,-85.1060100056,-85.1043431751,-85.1069744828,-85.1180758804
17.34,-83.845140196,-84.9391990161,-85.1060294083,-85.104357707,-85.1069929222,-85.1180978977
17.345,-83.8472640076,-84.9394672417,-85.1060487988,-85.1043722276,-85.1070113447,-85.1181198932
17.35,-83.8493860862,-84.9397352703,-85.1060681771,-85.1043867371,-85.1070297501,-85.1181418669
17.355,-83.8515064334,-84.9400031022,-85.1060875433,-85.1044012353,-85.1070481386,-85.1181638189
17.36,-83.8536250506,-84.9402707373,-85.1061068973,-85.1044157223,-85.1070665102,-85.1181857492
17.365,-83.8557419392,-84.940538176,-85.1061262391,-85.1044301982,-85.1070848648,-85.1182076578
17.37,-83.8578571007,-84.9408054182,-85.1061455688,-85.1044446628,-85.1071032026,-85.1182295448
17.375,-83.8599705364,-84.9410724643,-85.1061648864,-85.1044591164,-85.1071215235,-85.1182514102
17.38,-83.8620822479,-84.9413393142,-85.1061841919,-85.1044735588,-85.1071398276,-85.118273254
17.385,-83.8641922365,-84.9416059682,-85.1062034852,-85.1044879901,-85.1071581149,-85.1182950764
17.39,-83.8663005037,-84.9418724265,-85.1062227665,-85.1045024103,-85.1071763854,-85.1183168773
17.395,-83.8684070508,-84.942138689,-85.1062420357,-85.1045168194,-85.1071946393,-85.1183386568
17.4,-83.8705118795,-84.9424047561,-85.1062612928,-85.1045312175,-85.1072128764,-85.1183604148
17.405,-83.8726149909,-84.9426706279,-85.1062805379,-85.1045456045,-85.1072310968,-85.1183821516
17.41,-83.8747163867,-84.9429363044,-85.1062997709,-85.1045599805,-85.1072493006,-85.118403867
17.415,-83.8768160682,-84.9432017859,-85.1063189919,-85.1045743454,-85.1072674878,-85.1184255611
17.42,-83.8789140368,-84.9434670724,-85.1063382009,-85.1045886994,-85.1072856584,-85.118447234
17.425,-83.881010294,-84.9437321642,-85.1063573978,-85.1046030423,-85.1073038124,-85.1184688857
17.43,-83.8831048412,-84.9439970614,-85.1063765828,-85.1046173744,-85.1073219499,-85.1184905163
17.435,-83.8851976797,-84.9442617641,-85.1063957558,-85.1046316954,-85.1073400709,-85.1185121257
17.44,-83.8872888111,-84.9445262725,-85.1064149168,-85.1046460055,-85.1073581755,-85.118533714
17.445,-83.8893782368,-84.9447905867,-85.1064340659,-85.1046603047,-85.1073762635,-85.1185552813
17.45,-83.8914659581,-84.9450547069,-85.106453203,-85.104674593,-85.1073943352,-85.1185768276
17.455,-83.8935519764,-84.9453186331,-85.1064723282,-85.1046888704,-85.1074123905,-85.1185983529
17.46,-83.8956362933,-84.9455823656,-85.1064914415,-85.1047031369,-85.1074304294,-85.1186198573
17.465,-83.89771891,-84.9458459046,-85.1065105428,-85.1047173926,-85.107448452,-85.1186413408
17.47,-83.899799828,-84.94610925,-85.1065296323,-85.1047316374,-85.1074664583,-85.1186628034
17.475,-83.9018790488,-84.9463724022,-85.1065487098,-85.1047458714,-85.1074844483,-85.1186842452
17.48,-83.9039565737,-84.9466353612,-85.1065677755,-85.1047600946,-85.107502422,-85.1187056662
17.485,-83.9060324041,-84.9468981272,-85.1065868293,-85.104774307,-85.1075203795,-85.1187270665
17.49,-83.9081065415,-84.9471607003,-85.1066058713,-85.1047885086,-85.1075383209,-85.1187484461
17.495,-83.9101789872,-84.9474230806,-85.1066249014,-85.1048026995,-85.107556246,-85.1187698049
17.5,-83.9122497427,-84.9476852684,-85.1066439197,-85.1048168796,-85.1075741551,-85.1187911432
17.505,-83.9143188094,-84.9479472638,-85.1066629262,-85.1048310489,-85.107592048,-85.1188124608
17.51,-83.9163861886,-84.9482090668,-85.1066819208,-85.1048452076,-85.1076099248,-85.1188337579
17.515,-83.9184518818,-84.9484706777,-85.1067009037,-85.1048593555,-85.1076277856,-85.1188550345
17.52,-83.9205158903,-84.9487320966,-85.1067198748,-85.1048734928,-85.1076456304,-85.1188762905
17.525,-83.9225782156,-84.9489933236,-85.1067388341,-85.1048876193,-85.1076634591,-85.1188975261
17.53,-83.9246388591,-84.949254359,-85.1067577817,-85.1049017353,-85.1076812719,-85.1189187413
17.535,-83.9266978222,-84.9495152027,-85.1067767175,-85.1049158405,-85.1076990687,-85.1189399361
17.54,-83.9287551062,-84.949775855,-85.1067956416,-85.1049299352,-85.1077168496,-85.1189611105
17.545,-83.9308107125,-84.950036316,-85.106814554,-85.1049440192,-85.1077346146,-85.1189822647
17.55,-83.9328646426,-84.9502965859,-85.1068334546,-85.1049580927,-85.1077523638,-85.1190033985
17.555,-83.9349168979,-84.9505566648,-85.1068523435,-85.1049721556,-85.1077700971,-85.1190245122
17.56,-83.9369674797,-84.9508165529,-85.1068712208,-85.1049862079,-85.1077878145,-85.1190456056
17.565,-83.9390163894,-84.9510762502,-85.1068900864,-85.1050002496,-85.1078055163,-85.1190666788
17.57,-83.9410636284,-84.9513357569,-85.1069089403,-85.1050142808,-85.1078232022,-85.1190877319
17.575,-83.9431091981,-84.9515950733,-85.1069277825,-85.1050283015,-85.1078408724,-85.119108765
17.58,-83.9451530999,-84.9518541994,-85.1069466131,-85.1050423117,-85.1078585269,-85.1191297779
17.585,-83.9471953352,-84.9521131353,-85.1069654321,-85.1050563114,-85.1078761657,-85.1191507708
17.59,-83.9492359054,-84.9523718812,-85.1069842395,-85.1050703006,-85.1078937889,-85.1191717438
17.595,-83.9512748118,-84.9526304373,-85.1070030352,-85.1050842794,-85.1079113964,-85.1191926967
17.6,-83.9533120558,-84.9528888037,-85.1070218194,-85.1050982477,-85.1079289884,-85.1192136298
17.605,-83.9553476388,-84.9531469805,-85.1070405919,-85.1051122056,-85.1079465647,-85.1192345429
17.61,-83.9573815622,-84.9534049679,-85.1070593529,-85.1051261531,-85.1079641255,-85.1192554362
17.615,-83.9594138274,-84.9536627661,-85.1070781023,-85.1051400901,-85.1079816708,-85.1192763097
17.62,-83.9614444358,-84.953920375,-85.1070968402,-85.1051540168,-85.1079992006,-85.1192971634
17.625,-83.9634733886,-84.9541777951,-85.1071155665,-85.1051679331,-85.108016715,-85.1193179974
17.63,-83.9655006874,-84.9544350262,-85.1071342813,-85.105181839,-85.1080342138,-85.1193388116
17.635,-83.9675263335,-84.9546920687,-85.1071529846,-85.1051957346,-85.1080516973,-85.1193596062
17.64,-83.9695503281,-84.9549489226,-85.1071716764,-85.1052096199,-85.1080691654,-85.1193803811
17.645,-83.9715726729,-84.955205588,-85.1071903567,-85.1052234949,-85.108086618,-85.1194011364
17.65,-83.973593369,-84.9554620652,-85.1072090255,-85.1052373595,-85.1081040554,-85.1194218721
17.655,-83.9756124178,-84.9557183543,-85.1072276828,-85.1052512139,-85.1081214774,-85.1194425883
17.66,-83.9776298208,-84.9559744554,-85.1072463287,-85.105265058,-85.1081388842,-85.1194632849
17.665,-83.9796455794,-84.9562303686,-85.1072649631,-85.1052788919,-85.1081562757,-85.1194839621
17.67,-83.9816596947,-84.9564860941,-85.107283586,-85.1052927155,-85.1081736519,-85.1195046198
17.675,-83.9836721683,-84.956741632,-85.1073021976,-85.1053065289,-85.1081910129,-85.1195252582
17.68,-83.9856830016,-84.9569969825,-85.1073207977,-85.105320332,-85.1082083588,-85.1195458771
17.685,-83.9876921958,-84.9572521458,-85.1073393864,-85.105334125,-85.1082256894,-85.1195664767
17.69,-83.9896997523,-84.9575071219,-85.1073579638,-85.1053479078,-85.108243005,-85.119587057
17.695,-83.9917056725,-84.957761911,-85.1073765297,-85.1053616804,-85.1082603054,-85.1196076181
17.7,-83.9937099577,-84.9580165132,-85.1073950843,-85.1053754428,-85.1082775907,-85.1196281598
17.705,-83.9957126094,-84.9582709287,-85.1074136275,-85.1053891952,-85.108294861,-85.1196486824
17.71,-83.9977136288,-84.9585251577,-85.1074321594,-85.1054029374,-85.1083121162,-85.1196691858
17.715,-83.9997130173,-84.9587792002,-85.1074506799,-85.1054166694,-85.1083293564,-85.1196896701
17.72,-84.0017107764,-84.9590330564,-85.1074691891,-85.1054303914,-85.1083465816,-85.1197101352
17.725,-84.0037069072,-84.9592867265,-85.107487687,-85.1054441033,-85.1083637919,-85.1197305813
17.73,-84.0057014113,-84.9595402105,-85.1075061736,-85.1054578051,-85.1083809872,-85.1197510083
17.735,-84.0076942899,-84.9597935087,-85.1075246488,-85.1054714969,-85.1083981676,-85.1197714163
17.74,-84.0096855444,-84.9600466212,-85.1075431128,-85.1054851786,-85.1084153331,-85.1197918053
17.745,-84.0116751761,-84.9602995481,-85.1075615656,-85.1054988503,-85.1084324838,-85.1198121754
17.75,-84.0136631864,-84.9605522895,-85.107580007,-85.105512512,-85.1084496195,-85.1198325265
17.755,-84.0156495767,-84.9608048456,-85.1075984372,-85.1055261637,-85.1084667405,-85.1198528588
17.76,-84.0176343482,-84.9610572166,-85.1076168562,-85.1055398054,-85.1084838467,-85.1198731723
17.765,-84.0196175024,-84.9613094025,-85.107635264,-85.1055534371,-85.1085009381,-85.1198934669
17.77,-84.0215990406,-84.9615614036,-85.1076536605,-85.1055670589,-85.1085180148,-85.1199137427
17.775,-84.0235789641,-84.9618132199,-85.1076720458,-85.1055806707,-85.1085350768,-85.1199339998
17.78,-84.0255572743,-84.9620648516,-85.10769042,-85.1055942726,-85.108552124,-85.1199542381
17.785,-84.0275339725,-84.9623162988,-85.1077087829,-85.1056078645,-85.1085691566,-85.1199744578
17.79,-84.02950906,-84.9625675617,-85.1077271347,-85.1056214466,-85.1085861746,-85.1199946588
17.795,-84.0314825382,-84.9628186404,-85.1077454753,-85.1056350188,-85.1086031779,-85.1200148411
17.8,-84.0334544085,-84.9630695351,-85.1077638048,-85.1056485811,-85.1086201666,-85.1200350049
17.805,-84.0354246721,-84.9633202459,-85.1077821231,-85.1056621335,-85.1086371407,-85.1200551501
17.81,-84.0373933304,-84.9635707729,-85.1078004303,-85.1056756761,-85.1086541003,-85.1200752768
17.815,-84.0393603847,-84.9638211163,-85.1078187264,-85.1056892089,-85.1086710454,-85.120095385
17.82,-84.0413258365,-84.9640712762,-85.1078370113,-85.1057027318,-85.1086879759,-85.1201154747
17.825,-84.0432896869,-84.9643212527,-85.1078552852,-85.1057162449,-85.108704892,-85.1201355459
17.83,-84.0452519374,-84.9645710461,-85.107873548,-85.1057297483,-85.1087217936,-85.1201555988
17.835,-84.0472125892,-84.9648206564,-85.1078917997,-85.1057432418,-85.1087386808,-85.1201756333
17.84,-84.0491716437,-84.9650700837,-85.1079100403,-85.1057567256,-85.1087555535,-85.1201956494
17.845,-84.0511291023,-84.9653193283,-85.1079282699,-85.1057701996,-85.1087724119,-85.1202156473
17.85,-84.0530849662,-84.9655683902,-85.1079464885,-85.1057836639,-85.1087892559,-85.1202356268
17.855,-84.0550392368,-84.9658172696,-85.107964696,-85.1057971185,-85.1088060856,-85.1202555881
17.86,-84.0569919155,-84.9660659666,-85.1079828925,-85.1058105633,-85.1088229009,-85.1202755312
17.865,-84.0589430034,-84.9663144814,-85.108001078,-85.1058239985,-85.108839702,-85.1202954561
17.87,-84.060892502,-84.9665628141,-85.1080192524,-85.1058374239,-85.1088564888,-85.1203153628
17.875,-84.0628404125,-84.9668109649,-85.1080374159,-85.1058508397,-85.1088732613,-85.1203352514
17.88,-84.0647867364,-84.9670589338,-85.1080555685,-85.1058642458,-85.1088900196,-85.1203551219
17.885,-84.0667314749,-84.9673067211,-85.10807371,-85.1058776423,-85.1089067637,-85.1203749743
17.89,-84.0686746293,-84.9675543268,-85.1080918406,-85.1058910292,-85.1089234936,-85.1203948087
17.895,-84.0706162009,-84.9678017511,-85.1081099602,-85.1059044064,-85.1089402094,-85.120414625
17.9,-84.0725561912,-84.9680489941,-85.1081280689,-85.105917774,-85.1089569111,-85.1204344234
17.905,-84.0744946013,-84.968296056,-85.1081461667,-85.105931132,-85.1089735986,-85.1204542039
17.91,-84.0764314326,-84.9685429369,-85.1081642536,-85.1059444805,-85.108990272,-85.1204739664
17.915,-84.0783666864,-84.968789637,-85.1081823296,-85.1059578193,-85.1090069314,-85.1204937111
17.92,-84.0803003641,-84.9690361564,-85.1082003946,-85.1059711487,-85.1090235767,-85.1205134379
17.925,-84.0822324669,-84.9692824952,-85.1082184488,-85.1059844684,-85.109040208,-85.1205331468
17.93,-84.0841629961,-84.9695286535,-85.1082364921,-85.1059977787,-85.1090568253,-85.120552838
17.935,-84.0860919531,-84.9697746316,-85.1082545246,-85.1060110794,-85.1090734286,-85.1205725114
17.94,-84.0880193391,-84.9700204294,-85.1082725462,-85.1060243707,-85.109090018,-85.120592167
17.945,-84.0899451556,-84.9702660473,-85.108290557,-85.1060376524,-85.1091065935,-85.1206118049
17.95,-84.0918694037,-84.9705114853,-85.1083085569,-85.1060509247,-85.109123155,-85.1206314252
17.955,-84.0937920847,-84.9707567435,-85.108326546,-85.1060641875,-85.1091397026,-85.1206510278
17.96,-84.0957132001,-84.9710018221,-85.1083445243,-85.1060774408,-85.1091562364,-85.1206706128
17.965,-84.0976327511,-84.9712467212,-85.1083624918,-85.1060906847,-85.1091727564,-85.1206901802
17.97,-84.0995507389,-84.971491441,-85.1083804485,-85.1061039192,-85.1091892625,-85.12070973
17.975,-84.101467165,-84.9717359816,-85.1083983945,-85.1061171443,-85.1092057548,-85.1207292623
17.98,-84.1033820305,-84.9719803431,-85.1084163297,-85.1061303599,-85.1092222334,-85.1207487771
17.985,-84.1052953368,-84.9722245257,-85.1084342541,-85.1061435662,-85.1092386982,-85.1207682744
17.99,-84.1072070852,-84.9724685295,-85.1084521677,-85.1061567631,-85.1092551492,-85.1207877543
17.995,-84.109117277,-84.9727123547,-85.1084700707,-85.1061699507,-85.1092715866,-85.1208072167
18,-84.1110259135,-84.9729560013,-85.1084879629,-85.1061831289,-85.1092880102,-85.1208266618
18.005,-84.1129329959,-84.9731994695,-85.1085058444,-85.1061962978,-85.1093044202,-85.1208460894
18.01,-84.1148385257,-84.9734427595,-85.1085237152,-85.1062094573,-85.1093208166,-85.1208654998
18.015,-84.1167425039,-84.9736858714,-85.1085415753,-85.1062226075,-85.1093371993,-85.1208848929
18.02,-84.118644932,-84.9739288053,-85.1085594247,-85.1062357485,-85.1093535684,-85.1209042686
18.025,-84.1205458113,-84.9741715614,-85.1085772634,-85.1062488801,-85.109369924,-85.1209236272
18.03,-84.122445143,-84.9744141398,-85.1085950915,-85.1062620025,-85.109386266,-85.1209429685
18.035,-84.1243429283,-84.9746565406,-85.1086129089,-85.1062751156,-85.1094025944,-85.1209622926
18.04,-84.1262391687,-84.9748987639,-85.1086307157,-85.1062882195,-85.1094189093,-85.1209815996
18.045,-84.1281338654,-84.97514081,-85.1086485119,-85.1063013141,-85.1094352108,-85.1210008894
18.05,-84.1300270196,-84.9753826789,-85.1086662974,-85.1063143995,-85.1094514987,-85.1210201621
18.055,-84.1319186327,-84.9756243708,-85.1086840723,-85.1063274757,-85.1094677733,-85.1210394177
18.06,-84.1338087059,-84.9758658858,-85.1087018366,-85.1063405427,-85.1094840343,-85.1210586563
18.065,-84.1356972406,-84.9761072241,-85.1087195903,-85.1063536005,-85.109500282,-85.1210778779
18.07,-84.1375842379,-84.9763483857,-85.1087373335,-85.1063666491,-85.1095165163,-85.1210970825
18.075,-84.1394696992,-84.9765893708,-85.108755066,-85.1063796886,-85.1095327372,-85.1211162701
18.08,-84.1413536258,-84.9768301796,-85.1087727881,-85.1063927189,-85.1095489448,-85.1211354407
18.085,-84.1432360189,-84.9770708122,-85.1087904995,-85.1064057401,-85.109565139,-85.1211545945
18.09,-84.1451168798,-84.9773112687,-85.1088082004,-85.1064187522,-85.1095813199,-85.1211737313
18.095,-84.1469962098,-84.9775515493,-85.1088258908,-85.1064317551,-85.1095974876,-85.1211928513
18.1,-84.1488740102,-84.977791654,-85.1088435707,-85.106444749,-85.109613642,-85.1212119545
18.105,-84.1507502821,-84.9780315831,-85.1088612401,-85.1064577337,-85.1096297831,-85.1212310409
18.11,-84.152625027,-84.9782713366,-85.1088788989,-85.1064707094,-85.109645911,-85.1212501105
18.115,-84.1544982461,-84.9785109147,-85.1088965473,-85.106483676,-85.1096620257,-85.1212691634
18.12,-84.1563699406,-84.9787503176,-85.1089141852,-85.1064966336,-85.1096781273,-85.1212881995
18.125,-84.1582401118,-84.9789895453,-85.1089318126,-85.1065095821,-85.1096942157,-85.1213072189
18.13,-84.160108761,-84.979228598,-85.1089494296,-85.1065225216,-85.1097102909,-85.1213262217
18.135,-84.1619758894,-84.9794674759,-85.1089670361,-85.1065354521,-85.109726353,-85.1213452078
18.14,-84.1638414984,-84.979706179,-85.1089846322,-85.1065483736,-85.109742402,-85.1213641774
18.145,-84.1657055891,-84.9799447075,-85.1090022178,-85.1065612861,-85.109758438,-85.1213831303
18.15,-84.1675681628,-84.9801830615,-85.109019793,-85.1065741896,-85.1097744609,-85.1214020667
18.155,-84.1694292209,-84.9804212412,-85.1090373579,-85.1065870842,-85.1097904707,-85.1214209865
18.16,-84.1712887645,-84.9806592467,-85.1090549123,-85.1065999698,-85.1098064676,-85.1214398899
18.165,-84.1731467949,-84.9808970782,-85.1090724563,-85.1066128464,-85.1098224514,-85.1214587767
18.17,-84.1750033134,-84.9811347357,-85.10908999,-85.1066257141,-85.1098384222,-85.1214776471
18.175,-84.1768583213,-84.9813722194,-85.1091075133,-85.106638573,-85.1098543802,-85.1214965011
18.18,-84.1787118197,-84.9816095294,-85.1091250262,-85.1066514228,-85.1098703251,-85.1215153387
18.185,-84.18056381,-84.9818466659,-85.1091425288,-85.1066642638,-85.1098862572,-85.1215341599
18.19,-84.1824142934,-84.982083629,-85.109160021,-85.106677096,-85.1099021763,-85.1215529647
18.195,-84.1842632712,-84.9823204188,-85.1091775029,-85.1066899192,-85.1099180826,-85.1215717533
18.2,-84.1861107446,-84.9825570355,-85.1091949745,-85.1067027336,-85.109933976,-85.1215905255
18.205,-84.1879567148,-84.9827934792,-85.1092124358,-85.1067155391,-85.1099498566,-85.1216092815
18.21,-84.1898011831,-84.9830297501,-85.1092298868,-85.1067283358,-85.1099657244,-85.1216280212
18.215,-84.1916441509,-84.9832658482,-85.1092473275,-85.1067411237,-85.1099815793,-85.1216467448
18.22,-84.1934856192,-84.9835017736,-85.1092647579,-85.1067539027,-85.1099974215,-85.1216654521
18.225,-84.1953255894,-84.9837375267,-85.1092821781,-85.106766673,-85.110013251,-85.1216841432
18.23,-84.1971640626,-84.9839731073,-85.1092995879,-85.1067794344,-85.1100290677,-85.1217028183
18.235,-84.1990010403,-84.9842085158,-85.1093169876,-85.1067921871,-85.1100448716,-85.1217214772
18.24,-84.2008365235,-84.9844437522,-85.109334377,-85.1068049311,-85.1100606629,-85.12174012
18.245,-84.2026705136,-84.9846788167,-85.1093517562,-85.1068176662,-85.1100764415,-85.1217587468
18.25,-84.2045030118,-84.9849137093,-85.1093691251,-85.1068303926,-85.1100922075,-85.1217773575
18.255,-84.2063340193,-84.9851484303,-85.1093864838,-85.1068431103,-85.1101079608,-85.1217959522
18.26,-84.2081635374,-84.9853829797,-85.1094038324,-85.1068558193,-85.1101237014,-85.1218145309
18.265,-84.2099915673,-84.9856173577,-85.1094211707,-85.1068685195,-85.1101394295,-85.1218330937
18.27,-84.2118181102,-84.9858515644,-85.1094384989,-85.1068812111,-85.110155145,-85.1218516405
18.275,-84.2136431674,-84.9860856,-85.1094558169,-85.106893894,-85.1101708479,-85.1218701714
18.28,-84.2154667401,-84.9863194645,-85.1094731247,-85.1069065682,-85.1101865383,-85.1218886865
18.285,-84.2172888296,-84.9865531582,-85.1094904224,-85.1069192337,-85.1102022162,-85.1219071856
18.29,-84.2191094371,-84.9867866811,-85.10950771,-85.1069318906,-85.1102178815,-85.121925669
18.295,-84.2209285637,-84.9870200333,-85.1095249874,-85.1069445388,-85.1102335344,-85.1219441365
18.3,-84.2227462109,-84.9872532151,-85.1095422547,-85.1069571784,-85.1102491748,-85.1219625883
18.305,-84.2245623797,-84.9874862265,-85.1095595118,-85.1069698094,-85.1102648027,-85.1219810243
18.31,-84.2263770714,-84.9877190677,-85.1095767589,-85.1069824318,-85.1102804183,-85.1219994445
18.315,-84.2281902873,-84.9879517388,-85.1095939959,-85.1069950456,-85.1102960214,-85.1220178491
18.32,-84.2300020285,-84.9881842399,-85.1096112228,-85.1070076508,-85.1103116121,-85.1220362379
18.325,-84.2318122963,-84.9884165712,-85.1096284396,-85.1070202475,-85.1103271904,-85.1220546111
18.33,-84.233621092,-84.9886487327,-85.1096456464,-85.1070328355,-85.1103427564,-85.1220729687
18.335,-84.2354284167,-84.9888807247,-85.1096628431,-85.1070454151,-85.1103583101,-85.1220913106
18.34,-84.2372342717,-84.9891125472,-85.1096800297,-85.107057986,-85.1103738514,-85.122109637
18.345,-84.2390386581,-84.9893442004,-85.1096972063,-85.1070705485,-85.1103893805,-85.1221279478
18.35,-84.2408415773,-84.9895756844,-85.1097143729,-85.1070831024,-85.1104048972,-85.1221462431
18.355,-84.2426430304,-84.9898069994,-85.1097315295,-85.1070956479,-85.1104204017,-85.1221645228
18.36,-84.2444430186,-84.9900381454,-85.1097486761,-85.1071081848,-85.110435894,-85.1221827871
18.365,-84.2462415433,-84.9902691227,-85.1097658127,-85.1071207133,-85.110451374,-85.1222010359
18.37,-84.2480386055,-84.9904999312,-85.1097829393,-85.1071332332,-85.1104668418,-85.1222192693
18.375,-84.2498342066,-84.9907305712,-85.1098000559,-85.1071457448,-85.1104822975,-85.1222374872
18.38,-84.2516283476,-84.9909610429,-85.1098171625,-85.1071582478,-85.110497741,-85.1222556898
18.385,-84.2534210299,-84.9911913462,-85.1098342592,-85.1071707425,-85.1105131723,-85.1222738769
18.39,-84.2552122547,-84.9914214814,-85.1098513459,-85.1071832287,-85.1105285915,-85.1222920488
18.395,-84.2570020232,-84.9916514485,-85.1098684227,-85.1071957064,-85.1105439985,-85.1223102053
18.4,-84.2587903365,-84.9918812478,-85.1098854896,-85.1072081758,-85.1105593935,-85.1223283465
18.405,-84.2605771958,-84.9921108793,-85.1099025465,-85.1072206368,-85.1105747764,-85.1223464725
18.41,-84.2623626025,-84.9923403432,-85.1099195936,-85.1072330894,-85.1105901473,-85.1223645832
18.415,-84.2641465577,-84.9925696396,-85.1099366307,-85.1072455336,-85.1106055061,-85.1223826786
18.42,-84.2659290626,-84.9927987686,-85.1099536579,-85.1072579695,-85.1106208529,-85.1224007589
18.425,-84.2677101185,-84.9930277303,-85.1099706753,-85.107270397,-85.1106361876,-85.122418824
18.43,-84.2694897264,-84.993256525,-85.1099876828,-85.1072828161,-85.1106515104,-85.1224368739
18.435,-84.2712678877,-84.9934851526,-85.1100046804,-85.107295227,-85.1106668212,-85.1224549088
18.44,-84.2730446035,-84.9937136134,-85.1100216681,-85.1073076295,-85.1106821201,-85.1224729285
18.445,-84.2748198751,-84.9939419075,-85.1100386461,-85.1073200237,-85.110697407,-85.1224909331
18.45,-84.2765937036,-84.9941700349,-85.1100556141,-85.1073324096,-85.1107126821,-85.1225089226
18.455,-84.2783660902,-84.9943979959,-85.1100725724,-85.1073447872,-85.1107279452,-85.1225268971
18.46,-84.2801370362,-84.9946257905,-85.1100895208,-85.1073571566,-85.1107431964,-85.1225448566
18.465,-84.2819065427,-84.9948534189,-85.1101064595,-85.1073695177,-85.1107584358,-85.1225628012
18.47,-84.2836746109,-84.9950808813,-85.1101233883,-85.1073818705,-85.1107736634,-85.1225807307
18.475,-84.2854412421,-84.9953081776,-85.1101403073,-85.1073942151,-85.1107888791,-85.1225986453
18.48,-84.2872064374,-84.9955353082,-85.1101572166,-85.1074065514,-85.110804083,-85.122616545
18.485,-84.288970198,-84.995762273,-85.1101741161,-85.1074188795,-85.1108192751,-85.1226344297
18.49,-84.2907325252,-84.9959890722,-85.1101910058,-85.1074311994,-85.1108344554,-85.1226522996
18.495,-84.29249342,-84.996215706,-85.1102078858,-85.1074435111,-85.110849624,-85.1226701547
18.5,-84.2942528837,-84.9964421745,-85.110224756,-85.1074558146,-85.1108647808,-85.1226879949
18.505,-84.2960109175,-84.9966684778,-85.1102416165,-85.10746811,-85.1108799259,-85.1227058203
18.51,-84.2977675226,-84.996894616,-85.1102584673,-85.1074803971,-85.1108950594,-85.1227236309
18.515,-84.2995227002,-84.9971205893,-85.1102753084,-85.1074926761,-85.1109101811,-85.1227414268
18.52,-84.3012764514,-84.9973463977,-85.1102921397,-85.107504947,-85.1109252912,-85.1227592079
18.525,-84.3030287775,-84.9975720415,-85.1103089614,-85.1075172097,-85.1109403896,-85.1227769743
18.53,-84.3047796796,-84.9977975207,-85.1103257734,-85.1075294643,-85.1109554763,-85.122794726
18.535,-84.3065291589,-84.9980228355,-85.1103425756,-85.1075417108,-85.1109705515,-85.1228124631
18.54,-84.3082772165,-84.9982479859,-85.1103593683,-85.1075539491,-85.110985615,-85.1228301854
18.545,-84.3100238538,-84.9984729722,-85.1103761512,-85.1075661794,-85.111000667,-85.1228478932
18.55,-84.3117690718,-84.9986977944,-85.1103929246,-85.1075784015,-85.1110157074,-85.1228655863
18.555,-84.3135128717,-84.9989224528,-85.1104096882,-85.1075906156,-85.1110307363,-85.1228832649
18.56,-84.3152552548,-84.9991469473,-85.1104264423,-85.1076028217,-85.1110457536,-85.1229009289
18.565,-84.3169962222,-84.9993712781,-85.1104431867,-85.1076150196,-85.1110607594,-85.1229185784
18.57,-84.318735775,-84.9995954454,-85.1104599215,-85.1076272096,-85.1110757537,-85.1229362133
18.575,-84.3204739145,-84.9998194493,-85.1104766467,-85.1076393915,-85.1110907365,-85.1229538338
18.58,-84.3222106418,-85.0000432899,-85.1104933623,-85.1076515653,-85.1111057079,-85.1229714398
18.585,-84.3239459581,-85.0002669673,-85.1105100683,-85.1076637312,-85.1111206678,-85.1229890313
18.59,-84.3256798646,-85.0004904816,-85.1105267648,-85.107675889,-85.1111356163,-85.1230066084
18.595,-84.3274123624,-85.0007138331,-85.1105434517,-85.1076880389,-85.1111505533,-85.1230241711
18.6,-84.3291434527,-85.0009370218,-85.110560129,-85.1077001808,-85.111165479,-85.1230417194
18.605,-84.3308731367,-85.0011600478,-85.1105767967,-85.1077123147,-85.1111803933,-85.1230592534
18.61,-84.3326014156,-85.0013829112,-85.110593455,-85.1077244406,-85.1111952962,-85.123076773
18.615,-84.3343282905,-85.0016056123,-85.1106101037,-85.1077365586,-85.1112101878,-85.1230942782
18.62,-84.3360537626,-85.001828151,-85.1106267428,-85.1077486686,-85.111225068,-85.1231117692
18.625,-84.337777833,-85.0020505276,-85.1106433725,-85.1077607707,-85.111239937,-85.1231292459
18.63,-84.339500503,-85.0022727422,-85.1106599927,-85.1077728649,-85.1112547946,-85.1231467084
18.635,-84.3412217737,-85.0024947948,-85.1106766033,-85.1077849512,-85.1112696409,-85.1231641566
18.64,-84.3429416462,-85.0027166857,-85.1106932045,-85.1077970295,-85.111284476,-85.1231815906
18.645,-84.3446601217,-85.0029384149,-85.1107097962,-85.1078091,-85.1112992999,-85.1231990104
18.65,-84.3463772014,-85.0031599825,-85.1107263784,-85.1078211626,-85.1113141125,-85.1232164161
18.655,-84.3480928864,-85.0033813888,-85.1107429512,-85.1078332173,-85.1113289139,-85.1232338076
18.66,-84.349807178,-85.0036026337,-85.1107595145,-85.1078452641,-85.111343704,-85.1232511849
18.665,-84.3515200772,-85.0038237175,-85.1107760684,-85.1078573031,-85.1113584831,-85.1232685482
18.67,-84.3532315852,-85.0040446403,-85.1107926128,-85.1078693343,-85.1113732509,-85.1232858974
18.675,-84.3549417031,-85.0042654021,-85.1108091478,-85.1078813576,-85.1113880076,-85.1233032325
18.68,-84.3566504322,-85.0044860032,-85.1108256734,-85.1078933731,-85.1114027531,-85.1233205536
18.685,-84.3583577736,-85.0047064435,-85.1108421896,-85.1079053808,-85.1114174876,-85.1233378606
18.69,-84.3600637284,-85.0049267234,-85.1108586964,-85.1079173807,-85.1114322109,-85.1233551537
18.695,-84.3617682978,-85.0051468428,-85.1108751938,-85.1079293727,-85.1114469231,-85.1233724327
18.7,-84.3634714829,-85.0053668019,-85.1108916818,-85.1079413571,-85.1114616243,-85.1233896978
18.705,-84.3651732849,-85.0055866009,-85.1109081605,-85.1079533336,-85.1114763144,-85.123406949
18.71,-84.366873705,-85.0058062398,-85.1109246298,-85.1079653023,-85.1114909935,-85.1234241863
18.715,-84.3685727442,-85.0060257188,-85.1109410897,-85.1079772634,-85.1115056616,-85.1234414096
18.72,-84.3702704038,-85.006245038,-85.1109575403,-85.1079892166,-85.1115203186,-85.1234586191
18.725,-84.3719666849,-85.0064641975,-85.1109739816,-85.1080011622,-85.1115349647,-85.1234758147
18.73,-84.3736615886,-85.0066831975,-85.1109904136,-85.1080131,-85.1115495998,-85.1234929965
18.735,-84.375355116,-85.006902038,-85.1110068362,-85.10802503,-85.1115642239,-85.1235101645
18.74,-84.3770472684,-85.0071207193,-85.1110232495,-85.1080369524,-85.1115788371,-85.1235273187
18.745,-84.3787380469,-85.0073392413,-85.1110396535,-85.1080488671,-85.1115934394,-85.1235444591
18.75,-84.3804274525,-85.0075576043,-85.1110560482,-85.1080607741,-85.1116080307,-85.1235615857
18.755,-84.3821154865,-85.0077758084,-85.1110724337,-85.1080726735,-85.1116226112,-85.1235786987
18.76,-84.38380215,-85.0079938537,-85.1110888098,-85.1080845651,-85.1116371807,-85.1235957979
18.765,-84.3854874441,-85.0082117402,-85.1111051767,-85.1080964491,-85.1116517395,-85.1236128834
18.77,-84.3871713699,-85.0084294682,-85.1111215344,-85.1081083255,-85.1116662873,-85.1236299552
18.775,-84.3888539287,-85.0086470378,-85.1111378828,-85.1081201942,-85.1116808243,-85.1236470134
18.78,-84.3905351215,-85.008864449,-85.1111542219,-85.1081320553,-85.1116953505,-85.123664058
18.785,-84.3922149494,-85.009081702,-85.1111705519,-85.1081439088,-85.1117098659,-85.123681089
18.79,-84.3938934137,-85.009298797,-85.1111868726,-85.1081557546,-85.1117243706,-85.1236981063
18.795,-84.3955705154,-85.009515734,-85.1112031841,-85.1081675929,-85.1117388644,-85.1237151101
18.8,-84.3972462557,-85.0097325132,-85.1112194864,-85.1081794235,-85.1117533475,-85.1237321004
18.805,-84.3989206357,-85.0099491346,-85.1112357795,-85.1081912466,-85.1117678198,-85.1237490771
18.81,-84.4005936565,-85.0101655985,-85.1112520634,-85.1082030622,-85.1117822815,-85.1237660403
18.815,-84.4022653193,-85.0103819049,-85.1112683381,-85.1082148701,-85.1117967324,-85.12378299
18.82,-84.4039356252,-85.010598054,-85.1112846037,-85.1082266705,-85.1118111726,-85.1237999262
18.825,-84.4056045752,-85.0108140458,-85.1113008601,-85.1082384634,-85.1118256021,-85.123816849
18.83,-84.4072721707,-85.0110298806,-85.1113171074,-85.1082502487,-85.111840021,-85.1238337583
18.835,-84.4089384126,-85.0112455583,-85.1113333455,-85.1082620265,-85.1118544292,-85.1238506543
18.84,-84.4106033021,-85.0114610792,-85.1113495744,-85.1082737968,-85.1118688268,-85.1238675368
18.845,-84.4122668403,-85.0116764434,-85.1113657943,-85.1082855596,-85.1118832138,-85.123884406
18.85,-84.4139290284,-85.011891651,-85.111382005,-85.1082973149,-85.1118975901,-85.1239012618
18.855,-84.4155898674,-85.012106702,-85.1113982067,-85.1083090627,-85.1119119559,-85.1239181043
18.86,-84.4172493585,-85.0123215967,-85.1114143992,-85.108320803,-85.1119263111,-85.1239349335
18.865,-84.4189075029,-85.0125363351,-85.1114305826,-85.1083325359,-85.1119406558,-85.1239517493
18.87,-84.4205643015,-85.0127509175,-85.111446757,-85.1083442613,-85.1119549899,-85.1239685519
18.875,-84.4222197556,-85.0129653438,-85.1114629222,-85.1083559793,-85.1119693134,-85.1239853413
18.88,-84.4238738662,-85.0131796142,-85.1114790784,-85.1083676898,-85.1119836265,-85.1240021174
18.885,-84.4255266345,-85.0133937288,-85.1114952256,-85.1083793929,-85.1119979291,-85.1240188803
18.89,-84.4271780617,-85.0136076878,-85.1115113637,-85.1083910885,-85.1120122211,-85.12403563
18.895,-84.4288281487,-85.0138214913,-85.1115274928,-85.1084027768,-85.1120265027,-85.1240523665
18.9,-84.4304768967,-85.0140351394,-85.1115436128,-85.1084144576,-85.1120407739,-85.1240690898
18.905,-84.4321243069,-85.0142486321,-85.1115597238,-85.1084261311,-85.1120550346,-85.1240858
18.91,-84.4337703803,-85.0144619698,-85.1115758258,-85.1084377972,-85.1120692849,-85.1241024971
18.915,-84.4354151181,-85.0146751523,-85.1115919188,-85.1084494559,-85.1120835248,-85.1241191811
18.92,-84.4370585213,-85.01488818,-85.1116080028,-85.1084611072,-85.1120977542,-85.124135852
18.925,-84.4387005911,-85.0151010528,-85.1116240778,-85.1084727512,-85.1121119733,-85.1241525098
18.93,-84.4403413286,-85.015313771,-85.1116401438,-85.1084843878,-85.112126182,-85.1241691546
18.935,-84.4419807349,-85.0155263346,-85.1116562009,-85.1084960171,-85.1121403804,-85.1241857864
18.94,-84.4436188111,-85.0157387437,-85.1116722489,-85.1085076391,-85.1121545685,-85.1242024051
18.945,-84.4452555583,-85.0159509986,-85.1116882881,-85.1085192537,-85.1121687462,-85.1242190109
18.95,-84.4468909775,-85.0161630992,-85.1117043183,-85.108530861,-85.1121829136,-85.1242356037
18.955,-84.44852507,-85.0163750457,-85.1117203395,-85.108542461,-85.1121970707,-85.1242521835
18.96,-84.4501578368,-85.0165868383,-85.1117363518,-85.1085540538,-85.1122112175,-85.1242687504
18.965,-84.451789279,-85.016798477,-85.1117523552,-85.1085656392,-85.1122253541,-85.1242853044
18.97,-84.4534193977,-85.017009962,-85.1117683497,-85.1085772174,-85.1122394804,-85.1243018455
18.975,-84.455048194,-85.0172212934,-85.1117843353,-85.1085887883,-85.1122535965,-85.1243183737
18.98,-84.4566756691,-85.0174324712,-85.1118003119,-85.108600352,-85.1122677023,-85.1243348891
18.985,-84.4583018239,-85.0176434958,-85.1118162797,-85.1086119084,-85.112281798,-85.1243513916
18.99,-84.4599266596,-85.017854367,-85.1118322386,-85.1086234575,-85.1122958834,-85.1243678813
18.995,-84.4615501773,-85.0180650852,-85.1118481887,-85.1086349994,-85.1123099587,-85.1243843582
19,-84.4631723781,-85.0182756503,-85.1118641298,-85.1086465342,-85.1123240238,-85.1244008223
19.005,-84.4647932631,-85.0184860625,-85.1118800622,-85.1086580617,-85.1123380788,-85.1244172736
19.01,-84.4664128334,-85.018696322,-85.1118959856,-85.1086695819,-85.1123521236,-85.1244337122
19.015,-84.46803109,-85.0189064287,-85.1119119003,-85.108681095,-85.1123661583,-85.1244501381
19.02,-84.4696480342,-85.019116383,-85.1119278061,-85.108692601,-85.1123801829,-85.1244665512
19.025,-84.4712636668,-85.0193261848,-85.111943703,-85.1087040997,-85.1123941974,-85.1244829517
19.03,-84.4728779891,-85.0195358343,-85.1119595912,-85.1087155913,-85.1124082018,-85.1244993394
19.035,-84.4744910021,-85.0197453317,-85.1119754706,-85.1087270757,-85.1124221962,-85.1245157146
19.04,-84.4761027069,-85.0199546769,-85.1119913411,-85.1087385529,-85.1124361805,-85.124532077
19.045,-84.4777131047,-85.0201638702,-85.1120072029,-85.1087500231,-85.1124501547,-85.1245484269
19.05,-84.4793221964,-85.0203729117,-85.1120230559,-85.108761486,-85.1124641189,-85.1245647641
19.055,-84.4809299832,-85.0205818015,-85.1120389001,-85.1087729419,-85.1124780732,-85.1245810888
19.06,-84.4825364661,-85.0207905397,-85.1120547356,-85.1087843906,-85.1124920174,-85.1245974009
19.065,-84.4841416463,-85.0209991264,-85.1120705623,-85.1087958323,-85.1125059516,-85.1246137004
19.07,-84.4857455248,-85.0212075617,-85.1120863802,-85.1088072668,-85.1125198759,-85.1246299874
19.075,-84.4873481027,-85.0214158458,-85.1121021895,-85.1088186943,-85.1125337902,-85.1246462619
19.08,-84.488949381,-85.0216239787,-85.1121179899,-85.1088301146,-85.1125476946,-85.1246625239
19.085,-84.4905493609,-85.0218319607,-85.1121337817,-85.1088415279,-85.112561589,-85.1246787735
19.09,-84.4921480435,-85.0220397917,-85.1121495647,-85.1088529342,-85.1125754735,-85.1246950105
19.095,-84.4937454298,-85.022247472,-85.1121653391,-85.1088643333,-85.1125893482,-85.1247112351
19.1,-84.4953415208,-85.0224550016,-85.1121811047,-85.1088757255,-85.1126032129,-85.1247274473
19.105,-84.4969363177,-85.0226623807,-85.1121968617,-85.1088871106,-85.1126170678,-85.1247436471
19.11,-84.4985298216,-85.0228696094,-85.1122126099,-85.1088984886,-85.1126309128,-85.1247598345
19.115,-84.5001220335,-85.0230766877,-85.1122283495,-85.1089098597,-85.112644748,-85.1247760095
19.12,-84.5017129544,-85.0232836159,-85.1122440805,-85.1089212237,-85.1126585733,-85.1247921722
19.125,-84.5033025855,-85.023490394,-85.1122598027,-85.1089325808,-85.1126723888,-85.1248083225
19.13,-84.5048909279,-85.0236970221,-85.1122755163,-85.1089439308,-85.1126861945,-85.1248244605
19.135,-84.5064779825,-85.0239035004,-85.1122912213,-85.1089552739,-85.1126999904,-85.1248405862
19.14,-84.5080637505,-85.0241098289,-85.1123069177,-85.1089666099,-85.1127137765,-85.1248566996
19.145,-84.509648233,-85.0243160079,-85.1123226054,-85.108977939,-85.1127275529,-85.1248728007
19.15,-84.5112314309,-85.0245220373,-85.1123382845,-85.1089892612,-85.1127413195,-85.1248888896
19.155,-84.5128133454,-85.0247279174,-85.112353955,-85.1090005764,-85.1127550764,-85.1249049663
19.16,-84.5143939775,-85.0249336482,-85.1123696169,-85.1090118846,-85.1127688235,-85.1249210307
19.165,-84.5159733283,-85.0251392298,-85.1123852702,-85.109023186,-85.112782561,-85.1249370829
19.17,-84.5175513989,-85.0253446625,-85.1124009149,-85.1090344804,-85.1127962887,-85.124953123
19.175,-84.5191281903,-85.0255499462,-85.112416551,-85.1090457678,-85.1128100068,-85.1249691509
19.18,-84.5207037036,-85.0257550811,-85.1124321786,-85.1090570484,-85.1128237151,-85.1249851666
19.185,-84.5222779399,-85.0259600674,-85.1124477976,-85.1090683221,-85.1128374139,-85.1250011702
19.19,-84.5238509001,-85.026164905,-85.112463408,-85.1090795888,-85.1128511029,-85.1250171617
19.195,-84.5254225854,-85.0263695942,-85.1124790099,-85.1090908487,-85.1128647824,-85.1250331411
19.2,-84.5269929968,-85.0265741351,-85.1124946033,-85.1091021017,-85.1128784522,-85.1250491084
19.205,-84.5285621354,-85.0267785278,-85.1125101881,-85.1091133479,-85.1128921124,-85.1250650636
19.21,-84.5301300022,-85.0269827723,-85.1125257644,-85.1091245871,-85.112905763,-85.1250810068
19.215,-84.5316965984,-85.0271868689,-85.1125413322,-85.1091358196,-85.1129194041,-85.125096938
19.22,-84.5332619248,-85.0273908176,-85.1125568915,-85.1091470452,-85.1129330356,-85.1251128571
19.225,-84.5348259827,-85.0275946185,-85.1125724423,-85.1091582639,-85.1129466575,-85.1251287643
19.23,-84.536388773,-85.0277982718,-85.1125879846,-85.1091694758,-85.1129602698,-85.1251446594
19.235,-84.5379502968,-85.0280017775,-85.1126035185,-85.109180681,-85.1129738727,-85.1251605426
19.24,-84.5395105551,-85.0282051358,-85.1126190438,-85.1091918793,-85.112987466,-85.1251764139
19.245,-84.5410695491,-85.0284083468,-85.1126345607,-85.1092030708,-85.1130010499,-85.1251922732
19.25,-84.5426272797,-85.0286114106,-85.1126500691,-85.1092142555,-85.1130146242,-85.1252081206
19.255,-84.544183748,-85.0288143274,-85.1126655691,-85.1092254334,-85.1130281891,-85.1252239562
19.26,-84.545738955,-85.0290170972,-85.1126810607,-85.1092366045,-85.1130417445,-85.1252397798
19.265,-84.5472929019,-85.0292197201,-85.1126965438,-85.1092477689,-85.1130552904,-85.1252555916
19.27,-84.5488455895,-85.0294221963,-85.1127120184,-85.1092589265,-85.1130688269,-85.1252713915
19.275,-84.5503970191,-85.0296245259,-85.1127274847,-85.1092700774,-85.113082354,-85.1252871796
19.28,-84.5519471916,-85.029826709,-85.1127429425,-85.1092812215,-85.1130958717,-85.1253029559
19.285,-84.553496108,-85.0300287457,-85.112758392,-85.1092923589,-85.11310938,-85.1253187203
19.29,-84.5550437694,-85.0302306361,-85.112773833,-85.1093034896,-85.1131228788,-85.125334473
19.295,-84.5565901769,-85.0304323803,-85.1127892657,-85.1093146135,-85.1131363683,-85.125350214
19.3,-84.5581353316,-85.0306339785,-85.11280469,-85.1093257307,-85.1131498485,-85.1253659431
19.305,-84.5596792343,-85.0308354308,-85.1128201059,-85.1093368413,-85.1131633193,-85.1253816606
19.31,-84.5612218862,-85.0310367372,-85.1128355134,-85.1093479451,-85.1131767807,-85.1253973663
19.315,-84.5627632883,-85.031237898,-85.1128509126,-85.1093590422,-85.1131902329,-85.1254130603
19.32,-84.5643034416,-85.0314389131,-85.1128663035,-85.1093701327,-85.1132036757,-85.1254287427
19.325,-84.5658423472,-85.0316397827,-85.112881686,-85.1093812165,-85.1132171092,-85.1254444133
19.33,-84.5673800061,-85.031840507,-85.1128970601,-85.1093922936,-85.1132305335,-85.1254600723
19.335,-84.5689164194,-85.032041086,-85.112912426,-85.1094033641,-85.1132439484,-85.1254757197
19.34,-84.570451588,-85.0322415199,-85.1129277835,-85.1094144279,-85.1132573541,-85.1254913555
19.345,-84.5719855131,-85.0324418087,-85.1129431327,-85.1094254851,-85.1132707506,-85.1255069796
19.35,-84.5735181956,-85.0326419526,-85.1129584737,-85.1094365357,-85.1132841378,-85.1255225922
19.355,-84.5750496365,-85.0328419518,-85.1129738063,-85.1094475796,-85.1132975158,-85.1255381932
19.36,-84.576579837,-85.0330418062,-85.1129891306,-85.1094586169,-85.1133108846,-85.1255537826
19.365,-84.578108798,-85.033241516,-85.1130044467,-85.1094696477,-85.1133242441,-85.1255693605
19.37,-84.5796365206,-85.0334410814,-85.1130197545,-85.1094806718,-85.1133375945,-85.1255849269
19.375,-84.5811630057,-85.0336405024,-85.113035054,-85.1094916893,-85.1133509357,-85.1256004817
19.38,-84.5826882545,-85.0338397791,-85.1130503452,-85.1095027002,-85.1133642678,-85.1256160251
19.385,-84.5842122678,-85.0340389117,-85.1130656283,-85.1095137046,-85.1133775907,-85.1256315569
19.39,-84.5857350469,-85.0342379003,-85.113080903,-85.1095247024,-85.1133909044,-85.1256470774
19.395,-84.5872565926,-85.034436745,-85.1130961696,-85.1095356936,-85.1134042091,-85.1256625863
19.4,-84.588776906,-85.0346354459,-85.1131114279,-85.1095466783,-85.1134175046,-85.1256780839
19.405,-84.5902959882,-85.0348340031,-85.113126678,-85.1095576565,-85.113430791,-85.12569357
19.41,-84.5918138401,-85.0350324168,-85.1131419199,-85.1095686281,-85.1134440683,-85.1257090447
19.415,-84.5933304627,-85.0352306869,-85.1131571536,-85.1095795932,-85.1134573366,-85.125724508
19.42,-84.5948458572,-85.0354288137,-85.1131723791,-85.1095905517,-85.1134705957,-85.12573996
19.425,-84.5963600244,-85.0356267973,-85.1131875964,-85.1096015038,-85.1134838459,-85.1257554006
19.43,-84.5978729655,-85.0358246378,-85.1132028056,-85.1096124493,-85.113497087,-85.1257708299
19.435,-84.5993846814,-85.0360223352,-85.1132180065,-85.1096233884,-85.113510319,-85.1257862478
19.44,-84.6008951732,-85.0362198897,-85.1132331993,-85.1096343209,-85.113523542,-85.1258016544
19.445,-84.6024044419,-85.0364173014,-85.113248384,-85.109645247,-85.1135367561,-85.1258170498
19.45,-84.6039124884,-85.0366145705,-85.1132635605,-85.1096561666,-85.1135499611,-85.1258324339
19.455,-84.6054193138,-85.0368116969,-85.1132787288,-85.1096670797,-85.1135631572,-85.1258478067
19.46,-84.6069249191,-85.0370086809,-85.113293889,-85.1096779864,-85.1135763443,-85.1258631682
19.465,-84.6084293053,-85.0372055226,-85.1133090411,-85.1096888866,-85.1135895224,-85.1258785185
19.47,-84.6099324735,-85.037402222,-85.1133241851,-85.1096997804,-85.1136026916,-85.1258938577
19.475,-84.6114344246,-85.0375987793,-85.113339321,-85.1097106678,-85.1136158518,-85.1259091856
19.48,-84.6129351596,-85.0377951945,-85.1133544487,-85.1097215487,-85.1136290031,-85.1259245023
19.485,-84.6144346796,-85.0379914679,-85.1133695684,-85.1097324232,-85.1136421455,-85.1259398078
19.49,-84.6159329856,-85.0381875994,-85.11338468,-85.1097432913,-85.113655279,-85.1259551022
19.495,-84.6174300785,-85.0383835893,-85.1133997835,-85.109754153,-85.1136684037,-85.1259703855
19.5,-84.6189259594,-85.0385794376,-85.1134148789,-85.1097650083,-85.1136815194,-85.1259856576
19.505,-84.6204206293,-85.0387751444,-85.1134299662,-85.1097758572,-85.1136946263,-85.1260009186
19.51,-84.6219140891,-85.0389707098,-85.1134450455,-85.1097866997,-85.1137077243,-85.1260161686
19.515,-84.6234063399,-85.039166134,-85.1134601168,-85.1097975358,-85.1137208135,-85.1260314074
19.52,-84.6248973827,-85.0393614171,-85.11347518,-85.1098083656,-85.1137338939,-85.1260466352
19.525,-84.6263872185,-85.0395565591,-85.1134902352,-85.109819189,-85.1137469654,-85.1260618519
19.53,-84.6278758483,-85.0397515602,-85.1135052823,-85.1098300061,-85.1137600281,-85.1260770576
19.535,-84.629363273,-85.0399464205,-85.1135203214,-85.1098408168,-85.1137730821,-85.1260922523
19.54,-84.6308494938,-85.0401411401,-85.1135353525,-85.1098516212,-85.1137861272,-85.1261074359
19.545,-84.6323345115,-85.0403357192,-85.1135503756,-85.1098624193,-85.1137991636,-85.1261226086
19.55,-84.6338183271,-85.0405301577,-85.1135653907,-85.109873211,-85.1138121913,-85.1261377703
19.555,-84.6353009418,-85.0407244558,-85.1135803978,-85.1098839964,-85.1138252101,-85.126152921
19.56,-84.6367823564,-85.0409186137,-85.113595397,-85.1098947756,-85.1138382203,-85.1261680608
19.565,-84.638262572,-85.0411126314,-85.1136103881,-85.1099055484,-85.1138512217,-85.1261831896
19.57,-84.6397415895,-85.0413065091,-85.1136253713,-85.1099163149,-85.1138642144,-85.1261983076
19.575,-84.6412194099,-85.0415002469,-85.1136403465,-85.1099270752,-85.1138771984,-85.1262134146
19.58,-84.6426960343,-85.0416938448,-85.1136553138,-85.1099378291,-85.1138901737,-85.1262285107
19.585,-84.6441714637,-85.041887303,-85.1136702731,-85.1099485768,-85.1139031404,-85.126243596
19.59,-84.6456456989,-85.0420806216,-85.1136852245,-85.1099593183,-85.1139160983,-85.1262586704
19.595,-84.647118741,-85.0422738006,-85.1137001679,-85.1099700535,-85.1139290476,-85.126273734
19.6,-84.6485905911,-85.0424668403,-85.1137151034,-85.1099807824,-85.1139419883,-85.1262887867
19.605,-84.65006125,-85.0426597407,-85.113730031,-85.1099915051,-85.1139549203,-85.1263038286
19.61,-84.6515307188,-85.042852502,-85.1137449507,-85.1100022216,-85.1139678437,-85.1263188597
19.615,-84.6529989984,-85.0430451241,-85.1137598625,-85.1100129318,-85.1139807585,-85.12633388
19.62,-84.6544660899,-85.0432376073,-85.1137747664,-85.1100236358,-85.1139936647,-85.1263488896
19.625,-84.6559319941,-85.0434299516,-85.1137896624,-85.1100343337,-85.1140065623,-85.1263638883
19.63,-84.6573967122,-85.0436221572,-85.1138045505,-85.1100450253,-85.1140194513,-85.1263788764
19.635,-84.6588602451,-85.0438142242,-85.1138194308,-85.1100557107,-85.1140323318,-85.1263938537
19.64,-84.6603225937,-85.0440061526,-85.1138343032,-85.1100663899,-85.1140452037,-85.1264088203
19.645,-84.6617837591,-85.0441979426,-85.1138491677,-85.110077063,-85.1140580671,-85.1264237762
19.65,-84.6632437422,-85.0443895943,-85.1138640243,-85.1100877299,-85.1140709219,-85.1264387214
19.655,-84.664702544,-85.0445811078,-85.1138788732,-85.1100983906,-85.1140837682,-85.1264536559
19.66,-84.6661601655,-85.0447724832,-85.1138937142,-85.1101090451,-85.114096606,-85.1264685798
19.665,-84.6676166076,-85.0449637206,-85.1139085473,-85.1101196936,-85.1141094353,-85.126483493
19.67,-84.6690718714,-85.0451548201,-85.1139233727,-85.1101303358,-85.1141222561,-85.1264983956
19.675,-84.6705259578,-85.0453457818,-85.1139381902,-85.1101409719,-85.1141350684,-85.1265132875
19.68,-84.6719788678,-85.0455366059,-85.1139529999,-85.1101516019,-85.1141478722,-85.1265281689
19.685,-84.6734306024,-85.0457272924,-85.1139678018,-85.1101622258,-85.1141606676,-85.1265430397
19.69,-84.6748811624,-85.0459178414,-85.1139825959,-85.1101728436,-85.1141734546,-85.1265578999
19.695,-84.676330549,-85.0461082531,-85.1139973823,-85.1101834552,-85.1141862331,-85.1265727495
19.7,-84.677778763,-85.0462985275,-85.1140121608,-85.1101940608,-85.1141990032,-85.1265875886
19.705,-84.6792258055,-85.0464886649,-85.1140269316,-85.1102046602,-85.1142117649,-85.1266024172
19.71,-84.6806716775,-85.0466786651,-85.1140416946,-85.1102152536,-85.1142245182,-85.1266172352
19.715,-84.6821163797,-85.0468685285,-85.1140564499,-85.1102258409,-85.114237263,-85.1266320428
19.72,-84.6835599134,-85.047058255,-85.1140711974,-85.1102364221,-85.1142499996,-85.1266468398
19.725,-84.6850022793,-85.0472478449,-85.1140859371,-85.1102469973,-85.1142627277,-85.1266616264
19.73,-84.6864434786,-85.0474372981,-85.1141006692,-85.1102575664,-85.1142754475,-85.1266764025
19.735,-84.6878835121,-85.0476266148,-85.1141153935,-85.1102681294,-85.1142881589,-85.1266911681
19.74,-84.6893223808,-85.0478157952,-85.11413011,-85.1102786864,-85.114300862,-85.1267059233
19.745,-84.6907600857,-85.0480048392,-85.1141448189,-85.1102892374,-85.1143135568,-85.1267206681
19.75,-84.6921966277,-85.0481937471,-85.11415952,-85.1102997823,-85.1143262432,-85.1267354025
19.755,-84.6936320079,-85.0483825189,-85.1141742135,-85.1103103212,-85.1143389214,-85.1267501265
19.76,-84.6950662271,-85.0485711547,-85.1141888992,-85.1103208541,-85.1143515912,-85.1267648401
19.765,-84.6964992863,-85.0487596547,-85.1142035773,-85.110331381,-85.1143642528,-85.1267795433
19.77,-84.6979311865,-85.0489480189,-85.1142182477,-85.1103419019,-85.1143769061,-85.1267942362
19.775,-84.6993619287,-85.0491362475,-85.1142329104,-85.1103524168,-85.1143895511,-85.1268089187
19.78,-84.7007915137,-85.0493243405,-85.1142475655,-85.1103629257,-85.1144021879,-85.1268235909
19.785,-84.7022199427,-85.0495122981,-85.1142622129,-85.1103734287,-85.1144148165,-85.1268382528
19.79,-84.7036472164,-85.0497001204,-85.1142768526,-85.1103839256,-85.1144274368,-85.1268529044
19.795,-84.7050733359,-85.0498878074,-85.1142914847,-85.1103944166,-85.1144400489,-85.1268675457
19.8,-84.7064983021,-85.0500753593,-85.1143061092,-85.1104049016,-85.1144526527,-85.1268821767
19.805,-84.707922116,-85.0502627762,-85.114320726,-85.1104153807,-85.1144652484,-85.1268967975
19.81,-84.7093447786,-85.0504500581,-85.1143353352,-85.1104258539,-85.1144778359,-85.126911408
19.815,-84.7107662907,-85.0506372053,-85.1143499368,-85.1104363211,-85.1144904152,-85.1269260083
19.82,-84.7121866534,-85.0508242178,-85.1143645308,-85.1104467823,-85.1145029864,-85.1269405984
19.825,-84.7136058675,-85.0510110956,-85.1143791172,-85.1104572377,-85.1145155494,-85.1269551782
19.83,-84.7150239341,-85.051197839,-85.114393696,-85.1104676871,-85.1145281042,-85.1269697479
19.835,-84.7164408541,-85.0513844479,-85.1144082672,-85.1104781306,-85.1145406509,-85.1269843074
19.84,-84.7178566284,-85.0515709226,-85.1144228308,-85.1104885682,-85.1145531895,-85.1269988567
19.845,-84.719271258,-85.0517572631,-85.1144373868,-85.110499,-85.11456572,-85.1270133958
19.85,-84.7206847438,-85.0519434696,-85.1144519353,-85.1105094258,-85.1145782424,-85.1270279248
19.855,-84.7220970868,-85.052129542,-85.1144664762,-85.1105198457,-85.1145907566,-85.1270424437
19.86,-84.7235082879,-85.0523154806,-85.1144810096,-85.1105302598,-85.1146032628,-85.1270569525
19.865,-84.7249183481,-85.0525012854,-85.1144955354,-85.110540668,-85.1146157609,-85.1270714512
19.87,-84.7263272683,-85.0526869566,-85.1145100537,-85.1105510703,-85.114628251,-85.1270859398
19.875,-84.7277350494,-85.0528724942,-85.1145245644,-85.1105614668,-85.114640733,-85.1271004183
19.88,-84.7291416925,-85.0530578984,-85.1145390676,-85.1105718574,-85.1146532069,-85.1271148867
19.885,-84.7305471983,-85.0532431692,-85.1145535633,-85.1105822422,-85.1146656728,-85.1271293451
19.89,-84.7319515679,-85.0534283067,-85.1145680515,-85.1105926212,-85.1146781307,-85.1271437935
19.895,-84.7333548023,-85.0536133112,-85.1145825322,-85.1106029943,-85.1146905806,-85.1271582318
19.9,-84.7347569023,-85.0537981826,-85.1145970054,-85.1106133616,-85.1147030225,-85.1271726601
19.905,-84.7361578688,-85.053982921,-85.1146114711,-85.1106237231,-85.1147154564,-85.1271870784
19.91,-84.737557703,-85.0541675266,-85.1146259293,-85.1106340788,-85.1147278823,-85.1272014868
19.915,-84.7389564055,-85.0543519995,-85.1146403801,-85.1106444287,-85.1147403002,-85.1272158851
19.92,-84.7403539775,-85.0545363398,-85.1146548233,-85.1106547728,-85.1147527102,-85.1272302735
19.925,-84.7417504197,-85.0547205476,-85.1146692591,-85.1106651111,-85.1147651122,-85.127244652
19.93,-84.7431457333,-85.0549046229,-85.1146836875,-85.1106754436,-85.1147775063,-85.1272590205
19.935,-84.744539919,-85.0550885659,-85.1146981084,-85.1106857704,-85.1147898924,-85.1272733791
19.94,-84.7459329779,-85.0552723767,-85.1147125218,-85.1106960914,-85.1148022706,-85.1272877278
19.945,-84.7473249108,-85.0554560554,-85.1147269279,-85.1107064066,-85.114814641,-85.1273020666
19.95,-84.7487157187,-85.0556396021,-85.1147413265,-85.110716716,-85.1148270034,-85.1273163955
19.955,-84.7501054026,-85.0558230169,-85.1147557176,-85.1107270198,-85.1148393579,-85.1273307146
19.96,-84.7514939633,-85.0560062999,-85.1147701014,-85.1107373177,-85.1148517045,-85.1273450238
19.965,-84.7528814018,-85.0561894512,-85.1147844777,-85.11074761,-85.1148640433,-85.1273593231
19.97,-84.7542677189,-85.0563724709,-85.1147988467,-85.1107578965,-85.1148763742,-85.1273736126
19.975,-84.7556529158,-85.0565553591,-85.1148132082,-85.1107681773,-85.1148886972,-85.1273878923
19.98,-84.7570369931,-85.0567381159,-85.1148275624,-85.1107784524,-85.1149010124,-85.1274021622
19.985,-84.758419952,-85.0569207415,-85.1148419092,-85.1107887218,-85.1149133198,-85.1274164223
19.99,-84.7598017932,-85.0571032358,-85.1148562486,-85.1107989854,-85.1149256194,-85.1274306726
19.995,-84.7611825178,-85.057285599,-85.1148705806,-85.1108092434,-85.1149379111,-85.1274449132
20,-84.7625621266,-85.0574678313,-85.1148849053,-85.1108194957,-85.1149501951,-85.127459144
